ISO-10303-21;
HEADER;
FILE_DESCRIPTION(('OneSpaceDesigner STEP Export'),'2;1');
FILE_NAME('DF13-6P-1.25V.stp','2007-03-23T 9:54:03',(''),(''),
'OneSpace Designer STEP processor (Jan. 2003) for AP214(CD)(Solid Model)
','OneSpace Designer 12.00  10-Sep-2003 (C) CoCreate Software GmbH','');
FILE_SCHEMA(('AUTOMOTIVE_DESIGN_CC2 {1 2 10303 214 -1 1 5 1}'));
ENDSEC;
DATA;
#10=CARTESIAN_POINT('',(0.382819,0.669531,0.840000000000002));
#20=DIRECTION('',(-5.55111512312578E-16,1.,0.));
#30=DIRECTION('',(0.,0.,1.));
#40=AXIS2_PLACEMENT_3D('',#10,#20,#30);
#50=PLANE('',#40);
#60=CARTESIAN_POINT('',(1.182819,0.669531,1.05));
#70=DIRECTION('',(0.,0.,-1.));
#80=VECTOR('',#70,1.);
#90=LINE('',#60,#80);
#100=CARTESIAN_POINT('',(1.182819,0.669531,0.549999999999997));
#110=VERTEX_POINT('',#100);
#120=CARTESIAN_POINT('',(1.182819,0.669531,0.300000000000002));
#130=VERTEX_POINT('',#120);
#140=EDGE_CURVE('',#110,#130,#90,.T.);
#150=ORIENTED_EDGE('',*,*,#140,.T.);
#160=CARTESIAN_POINT('',(0.,0.669531,0.549999999999997));
#170=DIRECTION('',(-1.,-5.55111512312578E-16,6.12303176911189E-17));
#180=VECTOR('',#170,1.);
#190=LINE('',#160,#180);
#200=CARTESIAN_POINT('',(0.982818999999997,0.669531000000001,
0.549999999999997));
#210=VERTEX_POINT('',#200);
#220=EDGE_CURVE('',#110,#210,#190,.T.);
#230=ORIENTED_EDGE('',*,*,#220,.F.);
#240=CARTESIAN_POINT('',(0.982818999999997,0.669531000000001,8.125));
#250=DIRECTION('',(6.12303176911189E-17,3.08148791101958E-32,1.));
#260=VECTOR('',#250,1.);
#270=LINE('',#240,#260);
#280=CARTESIAN_POINT('',(0.982818999999997,0.669531000000001,
0.649999999999999));
#290=VERTEX_POINT('',#280);
#300=EDGE_CURVE('',#210,#290,#270,.T.);
#310=ORIENTED_EDGE('',*,*,#300,.F.);
#320=CARTESIAN_POINT('',(0.782818999999997,0.669531000000001,
0.649999999999999));
#330=DIRECTION('',(-6.12303176911189E-17,-1.,6.16297582203916E-33));
#340=DIRECTION('',(1.,-6.12303176911189E-17,0.));
#350=AXIS2_PLACEMENT_3D('',#320,#330,#340);
#360=CIRCLE('',#350,0.2);
#370=CARTESIAN_POINT('',(0.782818999999997,0.669531000000001,
0.850000000000001));
#380=VERTEX_POINT('',#370);
#390=EDGE_CURVE('',#290,#380,#360,.T.);
#400=ORIENTED_EDGE('',*,*,#390,.F.);
#410=CARTESIAN_POINT('',(0.,0.669531,0.850000000000001));
#420=DIRECTION('',(-1.,-5.55111512312578E-16,6.12303176911189E-17));
#430=VECTOR('',#420,1.);
#440=LINE('',#410,#430);
#450=CARTESIAN_POINT('',(0.682819,0.669531,0.850000000000001));
#460=VERTEX_POINT('',#450);
#470=EDGE_CURVE('',#380,#460,#440,.T.);
#480=ORIENTED_EDGE('',*,*,#470,.F.);
#490=CARTESIAN_POINT('',(0.682819,0.669531,1.05));
#500=DIRECTION('',(0.,0.,-1.));
#510=VECTOR('',#500,1.);
#520=LINE('',#490,#510);
#530=CARTESIAN_POINT('',(0.682819,0.669531000000001,0.840000000000002));
#540=VERTEX_POINT('',#530);
#550=EDGE_CURVE('',#460,#540,#520,.T.);
#560=ORIENTED_EDGE('',*,*,#550,.F.);
#570=CARTESIAN_POINT('',(0.,0.669531,0.840000000000002));
#580=DIRECTION('',(1.,5.55111512312578E-16,0.));
#590=VECTOR('',#580,1.);
#600=LINE('',#570,#590);
#610=CARTESIAN_POINT('',(0.382819,0.669531,0.840000000000002));
#620=VERTEX_POINT('',#610);
#630=EDGE_CURVE('',#620,#540,#600,.T.);
#640=ORIENTED_EDGE('',*,*,#630,.T.);
#650=CARTESIAN_POINT('',(0.382819,0.669531,8.125));
#660=DIRECTION('',(0.,0.,-1.));
#670=VECTOR('',#660,1.);
#680=LINE('',#650,#670);
#690=CARTESIAN_POINT('',(0.382819,0.669531,0.300000000000002));
#700=VERTEX_POINT('',#690);
#710=EDGE_CURVE('',#620,#700,#680,.T.);
#720=ORIENTED_EDGE('',*,*,#710,.F.);
#730=CARTESIAN_POINT('',(-1.017181,0.669531,0.300000000000002));
#740=DIRECTION('',(1.,1.22460635382238E-16,0.));
#750=VECTOR('',#740,1.);
#760=LINE('',#730,#750);
#770=EDGE_CURVE('',#700,#130,#760,.T.);
#780=ORIENTED_EDGE('',*,*,#770,.F.);
#790=EDGE_LOOP('',(#780,#720,#640,#560,#480,#400,#310,#230,#150));
#800=FACE_OUTER_BOUND('',#790,.T.);
#810=ADVANCED_FACE('',(#800),#50,.T.);
#820=CARTESIAN_POINT('',(0.382819,-1.330469,1.05));
#830=DIRECTION('',(1.22460635382238E-16,-1.,0.));
#840=DIRECTION('',(1.,1.22460635382238E-16,0.));
#850=AXIS2_PLACEMENT_3D('',#820,#830,#840);
#860=PLANE('',#850);
#870=CARTESIAN_POINT('',(-3.60337459740302E-18,-1.330469,1.05));
#880=DIRECTION('',(-1.,-1.22460635382238E-16,0.));
#890=VECTOR('',#880,1.);
#900=LINE('',#870,#890);
#910=CARTESIAN_POINT('',(1.182819,-1.330469,1.05));
#920=VERTEX_POINT('',#910);
#930=CARTESIAN_POINT('',(0.682819,-1.330469,1.05));
#940=VERTEX_POINT('',#930);
#950=EDGE_CURVE('',#920,#940,#900,.T.);
#960=ORIENTED_EDGE('',*,*,#950,.T.);
#970=CARTESIAN_POINT('',(1.182819,-1.330469,1.05));
#980=DIRECTION('',(0.,0.,-1.));
#990=VECTOR('',#980,1.);
#1000=LINE('',#970,#990);
#1010=CARTESIAN_POINT('',(1.182819,-1.330469,0.300000000000002));
#1020=VERTEX_POINT('',#1010);
#1030=EDGE_CURVE('',#920,#1020,#1000,.T.);
#1040=ORIENTED_EDGE('',*,*,#1030,.F.);
#1050=CARTESIAN_POINT('',(-1.017181,-1.330469,0.300000000000002));
#1060=DIRECTION('',(1.,1.22460635382238E-16,0.));
#1070=VECTOR('',#1060,1.);
#1080=LINE('',#1050,#1070);
#1090=CARTESIAN_POINT('',(0.382819000000001,-1.330469,0.300000000000002)
);
#1100=VERTEX_POINT('',#1090);
#1110=EDGE_CURVE('',#1100,#1020,#1080,.T.);
#1120=ORIENTED_EDGE('',*,*,#1110,.T.);
#1130=CARTESIAN_POINT('',(0.382819000000001,-1.330469,8.125));
#1140=DIRECTION('',(0.,0.,1.));
#1150=VECTOR('',#1140,1.);
#1160=LINE('',#1130,#1150);
#1170=CARTESIAN_POINT('',(0.382819000000001,-1.330469,0.840000000000002)
);
#1180=VERTEX_POINT('',#1170);
#1190=EDGE_CURVE('',#1100,#1180,#1160,.T.);
#1200=ORIENTED_EDGE('',*,*,#1190,.F.);
#1210=CARTESIAN_POINT('',(0.,-1.330469,0.840000000000002));
#1220=DIRECTION('',(-1.,-1.22460635382238E-16,0.));
#1230=VECTOR('',#1220,1.);
#1240=LINE('',#1210,#1230);
#1250=CARTESIAN_POINT('',(0.682819,-1.330469,0.840000000000002));
#1260=VERTEX_POINT('',#1250);
#1270=EDGE_CURVE('',#1260,#1180,#1240,.T.);
#1280=ORIENTED_EDGE('',*,*,#1270,.T.);
#1290=CARTESIAN_POINT('',(0.682819,-1.330469,1.875));
#1300=DIRECTION('',(0.,0.,1.));
#1310=VECTOR('',#1300,1.);
#1320=LINE('',#1290,#1310);
#1330=EDGE_CURVE('',#1260,#940,#1320,.T.);
#1340=ORIENTED_EDGE('',*,*,#1330,.F.);
#1350=EDGE_LOOP('',(#1340,#1280,#1200,#1120,#1040,#960));
#1360=FACE_OUTER_BOUND('',#1350,.T.);
#1370=ADVANCED_FACE('',(#1360),#860,.T.);
#1380=CARTESIAN_POINT('',(-2.5571834,-1.530469,3.574));
#1390=DIRECTION('',(0.,0.,-1.));
#1400=DIRECTION('',(1.22460635382238E-16,-1.,0.));
#1410=AXIS2_PLACEMENT_3D('',#1380,#1390,#1400);
#1420=PLANE('',#1410);
#1430=CARTESIAN_POINT('',(1.182819,-2.030469,3.574));
#1440=DIRECTION('',(-1.,-1.22460635382238E-16,0.));
#1450=VECTOR('',#1440,1.);
#1460=LINE('',#1430,#1450);
#1470=CARTESIAN_POINT('',(1.182819,-2.030469,3.574));
#1480=VERTEX_POINT('',#1470);
#1490=CARTESIAN_POINT('',(-1.017181,-2.030469,3.574));
#1500=VERTEX_POINT('',#1490);
#1510=EDGE_CURVE('',#1480,#1500,#1460,.T.);
#1520=ORIENTED_EDGE('',*,*,#1510,.F.);
#1530=CARTESIAN_POINT('',(-1.017181,-1.2456463155874E-16,3.574));
#1540=DIRECTION('',(1.22460635382238E-16,-1.,0.));
#1550=VECTOR('',#1540,1.);
#1560=LINE('',#1530,#1550);
#1570=CARTESIAN_POINT('',(-1.017181,-1.530469,3.574));
#1580=VERTEX_POINT('',#1570);
#1590=EDGE_CURVE('',#1580,#1500,#1560,.T.);
#1600=ORIENTED_EDGE('',*,*,#1590,.T.);
#1610=CARTESIAN_POINT('',(0.,-1.530469,3.574));
#1620=DIRECTION('',(-1.,-1.22460635382238E-16,0.));
#1630=VECTOR('',#1620,1.);
#1640=LINE('',#1610,#1630);
#1650=CARTESIAN_POINT('',(1.182819,-1.530469,3.574));
#1660=VERTEX_POINT('',#1650);
#1670=EDGE_CURVE('',#1660,#1580,#1640,.T.);
#1680=ORIENTED_EDGE('',*,*,#1670,.T.);
#1690=CARTESIAN_POINT('',(1.182819,-1.930469,3.574));
#1700=DIRECTION('',(1.22460635382238E-16,-1.,-1.77635683940025E-14));
#1710=VECTOR('',#1700,1.);
#1720=LINE('',#1690,#1710);
#1730=EDGE_CURVE('',#1660,#1480,#1720,.T.);
#1740=ORIENTED_EDGE('',*,*,#1730,.F.);
#1750=EDGE_LOOP('',(#1740,#1680,#1600,#1520));
#1760=FACE_OUTER_BOUND('',#1750,.T.);
#1770=ADVANCED_FACE('',(#1760),#1420,.F.);
#1780=CARTESIAN_POINT('',(0.782819,-2.830469,1.45));
#1790=DIRECTION('',(0.,1.,0.));
#1800=DIRECTION('',(1.,0.,0.));
#1810=AXIS2_PLACEMENT_3D('',#1780,#1790,#1800);
#1820=CONICAL_SURFACE('',#1810,0.2,0.588002603547568);
#1830=CARTESIAN_POINT('',(0.582819,-2.830469,1.45));
#1840=DIRECTION('',(-0.55470019622523,0.832050294337843,0.));
#1850=VECTOR('',#1840,1.);
#1860=LINE('',#1830,#1850);
#1870=CARTESIAN_POINT('',(0.582819,-2.830469,1.45));
#1880=VERTEX_POINT('',#1870);
#1890=CARTESIAN_POINT('',(0.382819,-2.530469,1.45));
#1900=VERTEX_POINT('',#1890);
#1910=EDGE_CURVE('',#1880,#1900,#1860,.T.);
#1920=ORIENTED_EDGE('',*,*,#1910,.F.);
#1930=CARTESIAN_POINT('',(0.782819,-2.530469,1.45));
#1940=DIRECTION('',(-6.12303176911189E-17,1.,0.));
#1950=DIRECTION('',(1.,0.,0.));
#1960=AXIS2_PLACEMENT_3D('',#1930,#1940,#1950);
#1970=CIRCLE('',#1960,0.4);
#1980=CARTESIAN_POINT('',(1.182819,-2.530469,1.45));
#1990=VERTEX_POINT('',#1980);
#2000=EDGE_CURVE('',#1900,#1990,#1970,.T.);
#2010=ORIENTED_EDGE('',*,*,#2000,.F.);
#2020=CARTESIAN_POINT('',(0.982819,-2.830469,1.45));
#2030=DIRECTION('',(0.55470019622523,0.832050294337843,0.));
#2040=VECTOR('',#2030,1.);
#2050=LINE('',#2020,#2040);
#2060=CARTESIAN_POINT('',(0.982819,-2.830469,1.45));
#2070=VERTEX_POINT('',#2060);
#2080=EDGE_CURVE('',#2070,#1990,#2050,.T.);
#2090=ORIENTED_EDGE('',*,*,#2080,.T.);
#2100=CARTESIAN_POINT('',(0.782819,-2.830469,1.45));
#2110=DIRECTION('',(0.,1.,0.));
#2120=DIRECTION('',(1.,0.,0.));
#2130=AXIS2_PLACEMENT_3D('',#2100,#2110,#2120);
#2140=CIRCLE('',#2130,0.2);
#2150=EDGE_CURVE('',#1880,#2070,#2140,.T.);
#2160=ORIENTED_EDGE('',*,*,#2150,.T.);
#2170=EDGE_LOOP('',(#2160,#2090,#2010,#1920));
#2180=FACE_OUTER_BOUND('',#2170,.T.);
#2190=ADVANCED_FACE('',(#2180),#1820,.T.);
#2200=CARTESIAN_POINT('',(0.269731024956451,-2.830469,1.65078477433677))
;
#2210=DIRECTION('',(1.22460635382238E-16,-1.,0.));
#2220=DIRECTION('',(1.,1.22460635382238E-16,0.));
#2230=AXIS2_PLACEMENT_3D('',#2200,#2210,#2220);
#2240=PLANE('',#2230);
#2250=EDGE_CURVE('',#2070,#1880,#2140,.T.);
#2260=ORIENTED_EDGE('',*,*,#2250,.F.);
#2270=ORIENTED_EDGE('',*,*,#2150,.F.);
#2280=EDGE_LOOP('',(#2270,#2260));
#2290=FACE_OUTER_BOUND('',#2280,.T.);
#2300=ADVANCED_FACE('',(#2290),#2240,.T.);
#2310=CARTESIAN_POINT('',(0.147819,1.769531,2.325));
#2320=DIRECTION('',(1.,2.31296463463574E-17,0.));
#2330=DIRECTION('',(2.31296463463574E-17,-1.,0.));
#2340=AXIS2_PLACEMENT_3D('',#2310,#2320,#2330);
#2350=PLANE('',#2340);
#2360=CARTESIAN_POINT('',(0.147819,-0.230469000000001,8.125));
#2370=DIRECTION('',(0.,0.,1.));
#2380=VECTOR('',#2370,1.);
#2390=LINE('',#2360,#2380);
#2400=CARTESIAN_POINT('',(0.147819,-0.230469000000001,2.325));
#2410=VERTEX_POINT('',#2400);
#2420=CARTESIAN_POINT('',(0.147819,-0.230469000000001,2.675));
#2430=VERTEX_POINT('',#2420);
#2440=EDGE_CURVE('',#2410,#2430,#2390,.T.);
#2450=ORIENTED_EDGE('',*,*,#2440,.F.);
#2460=CARTESIAN_POINT('',(0.147819,-0.372053431461694,2.675));
#2470=DIRECTION('',(-2.31296463463574E-17,1.,0.));
#2480=VECTOR('',#2470,1.);
#2490=LINE('',#2460,#2480);
#2500=CARTESIAN_POINT('',(0.147819,1.869531,2.675));
#2510=VERTEX_POINT('',#2500);
#2520=EDGE_CURVE('',#2430,#2510,#2490,.T.);
#2530=ORIENTED_EDGE('',*,*,#2520,.F.);
#2540=CARTESIAN_POINT('',(0.147819,1.869531,2.325));
#2550=DIRECTION('',(0.,0.,-1.));
#2560=VECTOR('',#2550,1.);
#2570=LINE('',#2540,#2560);
#2580=CARTESIAN_POINT('',(0.147819,1.869531,2.325));
#2590=VERTEX_POINT('',#2580);
#2600=EDGE_CURVE('',#2510,#2590,#2570,.T.);
#2610=ORIENTED_EDGE('',*,*,#2600,.F.);
#2620=CARTESIAN_POINT('',(0.147819,-0.372053431461694,2.325));
#2630=DIRECTION('',(-2.31296463463574E-17,1.,0.));
#2640=VECTOR('',#2630,1.);
#2650=LINE('',#2620,#2640);
#2660=EDGE_CURVE('',#2410,#2590,#2650,.T.);
#2670=ORIENTED_EDGE('',*,*,#2660,.T.);
#2680=EDGE_LOOP('',(#2670,#2610,#2530,#2450));
#2690=FACE_OUTER_BOUND('',#2680,.T.);
#2700=ADVANCED_FACE('',(#2690),#2350,.T.);
#2710=CARTESIAN_POINT('',(0.382819,-0.165995277202614,0.623565332487536)
);
#2720=DIRECTION('',(-1.,-5.55111512312578E-16,0.));
#2730=DIRECTION('',(5.55111512312578E-16,-1.,0.));
#2740=AXIS2_PLACEMENT_3D('',#2710,#2720,#2730);
#2750=PLANE('',#2740);
#2760=ORIENTED_EDGE('',*,*,#710,.T.);
#2770=CARTESIAN_POINT('',(0.382819,0.,0.840000000000003));
#2780=DIRECTION('',(-5.55111512312578E-16,1.,0.));
#2790=VECTOR('',#2780,1.);
#2800=LINE('',#2770,#2790);
#2810=EDGE_CURVE('',#1180,#620,#2800,.T.);
#2820=ORIENTED_EDGE('',*,*,#2810,.T.);
#2830=ORIENTED_EDGE('',*,*,#1190,.T.);
#2840=CARTESIAN_POINT('',(0.382819,0.,0.300000000000002));
#2850=DIRECTION('',(5.55111512312578E-16,-1.,0.));
#2860=VECTOR('',#2850,1.);
#2870=LINE('',#2840,#2860);
#2880=EDGE_CURVE('',#700,#1100,#2870,.T.);
#2890=ORIENTED_EDGE('',*,*,#2880,.T.);
#2900=EDGE_LOOP('',(#2890,#2830,#2820,#2760));
#2910=FACE_OUTER_BOUND('',#2900,.T.);
#2920=ADVANCED_FACE('',(#2910),#2750,.T.);
#2930=CARTESIAN_POINT('',(0.782819,-2.030469,1.45));
#2940=DIRECTION('',(1.22460635382238E-16,-1.,0.));
#2950=DIRECTION('',(1.,1.22460635382238E-16,0.));
#2960=AXIS2_PLACEMENT_3D('',#2930,#2940,#2950);
#2970=CYLINDRICAL_SURFACE('',#2960,0.4);
#2980=CARTESIAN_POINT('',(1.182819,-2.030469,1.45));
#2990=DIRECTION('',(1.22460635382238E-16,-1.,0.));
#3000=VECTOR('',#2990,1.);
#3010=LINE('',#2980,#3000);
#3020=CARTESIAN_POINT('',(1.182819,-2.030469,1.45));
#3030=VERTEX_POINT('',#3020);
#3040=EDGE_CURVE('',#3030,#1990,#3010,.T.);
#3050=ORIENTED_EDGE('',*,*,#3040,.T.);
#3060=CARTESIAN_POINT('',(0.782819,-2.030469,1.45));
#3070=DIRECTION('',(1.22460635382238E-16,-1.,0.));
#3080=DIRECTION('',(1.,1.22460635382238E-16,0.));
#3090=AXIS2_PLACEMENT_3D('',#3060,#3070,#3080);
#3100=CIRCLE('',#3090,0.4);
#3110=CARTESIAN_POINT('',(0.782819,-2.030469,1.05));
#3120=VERTEX_POINT('',#3110);
#3130=EDGE_CURVE('',#3120,#3030,#3100,.T.);
#3140=ORIENTED_EDGE('',*,*,#3130,.T.);
#3150=CARTESIAN_POINT('',(0.382819,-2.030469,1.45));
#3160=VERTEX_POINT('',#3150);
#3170=EDGE_CURVE('',#3160,#3120,#3100,.T.);
#3180=ORIENTED_EDGE('',*,*,#3170,.T.);
#3190=CARTESIAN_POINT('',(0.382819,-2.030469,1.45));
#3200=DIRECTION('',(1.22460635382238E-16,-1.,0.));
#3210=VECTOR('',#3200,1.);
#3220=LINE('',#3190,#3210);
#3230=EDGE_CURVE('',#3160,#1900,#3220,.T.);
#3240=ORIENTED_EDGE('',*,*,#3230,.F.);
#3250=EDGE_CURVE('',#1990,#1900,#1970,.T.);
#3260=ORIENTED_EDGE('',*,*,#3250,.T.);
#3270=EDGE_LOOP('',(#3260,#3240,#3180,#3140,#3050));
#3280=FACE_OUTER_BOUND('',#3270,.T.);
#3290=ADVANCED_FACE('',(#3280),#2970,.T.);
#3300=CARTESIAN_POINT('',(-0.0251477347320566,-0.372053431461694,2.325))
;
#3310=DIRECTION('',(0.,0.,1.));
#3320=DIRECTION('',(1.,0.,0.));
#3330=AXIS2_PLACEMENT_3D('',#3300,#3310,#3320);
#3340=PLANE('',#3330);
#3350=CARTESIAN_POINT('',(-0.202181,-0.372053431461694,2.325));
#3360=DIRECTION('',(3.70074341541719E-16,1.,0.));
#3370=VECTOR('',#3360,1.);
#3380=LINE('',#3350,#3370);
#3390=CARTESIAN_POINT('',(-0.202181,-0.230469000000001,2.325));
#3400=VERTEX_POINT('',#3390);
#3410=CARTESIAN_POINT('',(-0.202181,1.869531,2.325));
#3420=VERTEX_POINT('',#3410);
#3430=EDGE_CURVE('',#3400,#3420,#3380,.T.);
#3440=ORIENTED_EDGE('',*,*,#3430,.T.);
#3450=CARTESIAN_POINT('',(0.,-0.230469000000001,2.325));
#3460=DIRECTION('',(-1.,0.,0.));
#3470=VECTOR('',#3460,1.);
#3480=LINE('',#3450,#3470);
#3490=EDGE_CURVE('',#2410,#3400,#3480,.T.);
#3500=ORIENTED_EDGE('',*,*,#3490,.T.);
#3510=ORIENTED_EDGE('',*,*,#2660,.F.);
#3520=CARTESIAN_POINT('',(-0.0251477347320566,1.869531,2.325));
#3530=DIRECTION('',(1.,2.31296463463574E-17,0.));
#3540=VECTOR('',#3530,1.);
#3550=LINE('',#3520,#3540);
#3560=EDGE_CURVE('',#3420,#2590,#3550,.T.);
#3570=ORIENTED_EDGE('',*,*,#3560,.T.);
#3580=EDGE_LOOP('',(#3570,#3510,#3500,#3440));
#3590=FACE_OUTER_BOUND('',#3580,.T.);
#3600=ADVANCED_FACE('',(#3590),#3340,.F.);
#3610=CARTESIAN_POINT('',(0.682819,0.669531,1.05));
#3620=DIRECTION('',(-1.,4.44089209850063E-15,0.));
#3630=DIRECTION('',(-4.44089209850063E-15,-1.,0.));
#3640=AXIS2_PLACEMENT_3D('',#3610,#3620,#3630);
#3650=PLANE('',#3640);
#3660=CARTESIAN_POINT('',(0.682818999999997,-0.0304690000000006,8.125));
#3670=DIRECTION('',(1.64214663788065E-47,3.74915180455534E-33,1.));
#3680=VECTOR('',#3670,1.);
#3690=LINE('',#3660,#3680);
#3700=CARTESIAN_POINT('',(0.682818999999997,-0.0304690000000006,
0.850000000000001));
#3710=VERTEX_POINT('',#3700);
#3720=CARTESIAN_POINT('',(0.682818999999997,-0.0304690000000006,1.05));
#3730=VERTEX_POINT('',#3720);
#3740=EDGE_CURVE('',#3710,#3730,#3690,.T.);
#3750=ORIENTED_EDGE('',*,*,#3740,.T.);
#3760=CARTESIAN_POINT('',(0.682818999999997,0.,0.850000000000001));
#3770=DIRECTION('',(-4.44089209850063E-15,-1.,3.94430452610506E-31));
#3780=VECTOR('',#3770,1.);
#3790=LINE('',#3760,#3780);
#3800=CARTESIAN_POINT('',(0.682818999999995,-0.36380233333334,
0.850000000000001));
#3810=VERTEX_POINT('',#3800);
#3820=EDGE_CURVE('',#3710,#3810,#3790,.T.);
#3830=ORIENTED_EDGE('',*,*,#3820,.F.);
#3840=CARTESIAN_POINT('',(0.682818999999995,-0.363802333333342,8.125));
#3850=DIRECTION('',(9.06168938629751E-31,2.04101058970399E-16,-1.));
#3860=VECTOR('',#3850,1.);
#3870=LINE('',#3840,#3860);
#3880=CARTESIAN_POINT('',(0.682818999999995,-0.363802333333341,1.05));
#3890=VERTEX_POINT('',#3880);
#3900=EDGE_CURVE('',#3890,#3810,#3870,.T.);
#3910=ORIENTED_EDGE('',*,*,#3900,.T.);
#3920=CARTESIAN_POINT('',(0.682819,-2.5104714,1.05));
#3930=DIRECTION('',(-1.22460635382238E-16,1.,0.));
#3940=VECTOR('',#3930,1.);
#3950=LINE('',#3920,#3940);
#3960=CARTESIAN_POINT('',(0.682818999999995,-0.530469000000001,1.05));
#3970=VERTEX_POINT('',#3960);
#3980=EDGE_CURVE('',#3970,#3890,#3950,.T.);
#3990=ORIENTED_EDGE('',*,*,#3980,.T.);
#4000=CARTESIAN_POINT('',(0.682818999999995,-0.530469000000001,8.125));
#4010=DIRECTION('',(1.64214663788065E-47,3.74915180455534E-33,1.));
#4020=VECTOR('',#4010,1.);
#4030=LINE('',#4000,#4020);
#4040=CARTESIAN_POINT('',(0.682818999999995,-0.530469000000001,
0.850000000000001));
#4050=VERTEX_POINT('',#4040);
#4060=EDGE_CURVE('',#4050,#3970,#4030,.T.);
#4070=ORIENTED_EDGE('',*,*,#4060,.T.);
#4080=CARTESIAN_POINT('',(0.682818999999993,-0.780469000000018,
0.850000000000001));
#4090=VERTEX_POINT('',#4080);
#4100=EDGE_CURVE('',#4050,#4090,#3790,.T.);
#4110=ORIENTED_EDGE('',*,*,#4100,.F.);
#4120=CARTESIAN_POINT('',(0.682818999999993,-0.78046900000002,8.125));
#4130=DIRECTION('',(1.35913704456489E-30,3.06151588455602E-16,-1.));
#4140=VECTOR('',#4130,1.);
#4150=LINE('',#4120,#4140);
#4160=CARTESIAN_POINT('',(0.682818999999993,-0.780469000000018,1.05));
#4170=VERTEX_POINT('',#4160);
#4180=EDGE_CURVE('',#4170,#4090,#4150,.T.);
#4190=ORIENTED_EDGE('',*,*,#4180,.T.);
#4200=EDGE_CURVE('',#940,#4170,#3950,.T.);
#4210=ORIENTED_EDGE('',*,*,#4200,.T.);
#4220=ORIENTED_EDGE('',*,*,#1330,.T.);
#4230=CARTESIAN_POINT('',(0.682818999999997,0.,0.840000000000003));
#4240=DIRECTION('',(-4.44089209850063E-15,-1.,0.));
#4250=VECTOR('',#4240,1.);
#4260=LINE('',#4230,#4250);
#4270=EDGE_CURVE('',#540,#1260,#4260,.T.);
#4280=ORIENTED_EDGE('',*,*,#4270,.T.);
#4290=ORIENTED_EDGE('',*,*,#550,.T.);
#4300=CARTESIAN_POINT('',(0.682819,0.669531,8.125));
#4310=DIRECTION('',(-1.64214663788065E-47,-3.74915180455534E-33,-1.));
#4320=VECTOR('',#4310,1.);
#4330=LINE('',#4300,#4320);
#4340=CARTESIAN_POINT('',(0.682819,0.669531,1.05));
#4350=VERTEX_POINT('',#4340);
#4360=EDGE_CURVE('',#4350,#460,#4330,.T.);
#4370=ORIENTED_EDGE('',*,*,#4360,.T.);
#4380=EDGE_CURVE('',#3730,#4350,#3950,.T.);
#4390=ORIENTED_EDGE('',*,*,#4380,.T.);
#4400=EDGE_LOOP('',(#4390,#4370,#4290,#4280,#4220,#4210,#4190,#4110,
#4070,#3990,#3910,#3830,#3750));
#4410=FACE_OUTER_BOUND('',#4400,.T.);
#4420=ADVANCED_FACE('',(#4410),#3650,.T.);
#4430=CARTESIAN_POINT('',(0.382819,0.569531000000001,0.840000000000003))
;
#4440=DIRECTION('',(0.,0.,1.));
#4450=DIRECTION('',(5.55111512312578E-16,-1.,0.));
#4460=AXIS2_PLACEMENT_3D('',#4430,#4440,#4450);
#4470=PLANE('',#4460);
#4480=ORIENTED_EDGE('',*,*,#630,.F.);
#4490=ORIENTED_EDGE('',*,*,#4270,.F.);
#4500=ORIENTED_EDGE('',*,*,#1270,.F.);
#4510=ORIENTED_EDGE('',*,*,#2810,.F.);
#4520=EDGE_LOOP('',(#4510,#4500,#4490,#4480));
#4530=FACE_OUTER_BOUND('',#4520,.T.);
#4540=ADVANCED_FACE('',(#4530),#4470,.T.);
#4550=CARTESIAN_POINT('',(-4.1036834,1.869531,3.575));
#4560=DIRECTION('',(5.60976323348313E-18,-0.242535625036333,
0.970142500145332));
#4570=DIRECTION('',(-2.24390529339325E-17,0.970142500145332,
0.242535625036333));
#4580=AXIS2_PLACEMENT_3D('',#4550,#4560,#4570);
#4590=PLANE('',#4580);
#4600=CARTESIAN_POINT('',(-0.0251477347320566,2.169531,3.65));
#4610=DIRECTION('',(1.,0.,-5.78241158658935E-18));
#4620=VECTOR('',#4610,1.);
#4630=LINE('',#4600,#4620);
#4640=CARTESIAN_POINT('',(-0.127180999999999,2.169531,3.65));
#4650=VERTEX_POINT('',#4640);
#4660=CARTESIAN_POINT('',(0.0728189999999996,2.169531,3.65));
#4670=VERTEX_POINT('',#4660);
#4680=EDGE_CURVE('',#4650,#4670,#4630,.T.);
#4690=ORIENTED_EDGE('',*,*,#4680,.T.);
#4700=CARTESIAN_POINT('',(-0.762577107865425,-0.372053431461694,
3.01460389213458));
#4710=DIRECTION('',(0.235702260395516,0.942809041582063,
0.235702260395516));
#4720=VECTOR('',#4710,1.);
#4730=LINE('',#4700,#4720);
#4740=CARTESIAN_POINT('',(-0.202181,1.869531,3.575));
#4750=VERTEX_POINT('',#4740);
#4760=EDGE_CURVE('',#4750,#4650,#4730,.T.);
#4770=ORIENTED_EDGE('',*,*,#4760,.T.);
#4780=CARTESIAN_POINT('',(-0.0251477347320566,1.869531,3.575));
#4790=DIRECTION('',(1.,2.31296463463574E-17,0.));
#4800=VECTOR('',#4790,1.);
#4810=LINE('',#4780,#4800);
#4820=CARTESIAN_POINT('',(0.147819,1.869531,3.575));
#4830=VERTEX_POINT('',#4820);
#4840=EDGE_CURVE('',#4750,#4830,#4810,.T.);
#4850=ORIENTED_EDGE('',*,*,#4840,.F.);
#4860=CARTESIAN_POINT('',(0.708215107865424,-0.372053431461694,
3.01460389213458));
#4870=DIRECTION('',(0.235702260395516,-0.942809041582063,
-0.235702260395516));
#4880=VECTOR('',#4870,1.);
#4890=LINE('',#4860,#4880);
#4900=EDGE_CURVE('',#4670,#4830,#4890,.T.);
#4910=ORIENTED_EDGE('',*,*,#4900,.T.);
#4920=EDGE_LOOP('',(#4910,#4850,#4770,#4690));
#4930=FACE_OUTER_BOUND('',#4920,.T.);
#4940=ADVANCED_FACE('',(#4930),#4590,.F.);
#4950=CARTESIAN_POINT('',(1.182819,0.669531,1.05));
#4960=VERTEX_POINT('',#4950);
#4970=CARTESIAN_POINT('',(1.182819,0.669531000000001,0.649999999999999))
;
#4980=VERTEX_POINT('',#4970);
#4990=EDGE_CURVE('',#4960,#4980,#90,.T.);
#5000=ORIENTED_EDGE('',*,*,#4990,.T.);
#5010=CARTESIAN_POINT('',(-2.48524645361879E-16,0.669531,1.05));
#5020=DIRECTION('',(1.,1.22460635382238E-16,0.));
#5030=VECTOR('',#5020,1.);
#5040=LINE('',#5010,#5030);
#5050=CARTESIAN_POINT('',(0.782818999999997,0.669531000000001,1.05));
#5060=VERTEX_POINT('',#5050);
#5070=EDGE_CURVE('',#5060,#4960,#5040,.T.);
#5080=ORIENTED_EDGE('',*,*,#5070,.T.);
#5090=CARTESIAN_POINT('',(0.782818999999997,0.669531000000001,
0.649999999999999));
#5100=DIRECTION('',(6.12303176911189E-17,1.,-6.16297582203916E-33));
#5110=DIRECTION('',(-1.,6.12303176911189E-17,0.));
#5120=AXIS2_PLACEMENT_3D('',#5090,#5100,#5110);
#5130=CIRCLE('',#5120,0.4);
#5140=EDGE_CURVE('',#5060,#4980,#5130,.T.);
#5150=ORIENTED_EDGE('',*,*,#5140,.F.);
#5160=EDGE_LOOP('',(#5150,#5080,#5000));
#5170=FACE_OUTER_BOUND('',#5160,.T.);
#5180=ADVANCED_FACE('',(#5170),#50,.T.);
#5190=CARTESIAN_POINT('',(0.372819,2.669531,10.2));
#5200=DIRECTION('',(1.,4.32650876930341E-16,0.));
#5210=DIRECTION('',(4.32650876930341E-16,-1.,0.));
#5220=AXIS2_PLACEMENT_3D('',#5190,#5200,#5210);
#5230=PLANE('',#5220);
#5240=CARTESIAN_POINT('',(0.372819,-0.230469000000001,9.7));
#5250=DIRECTION('',(-1.11022302462516E-16,1.,0.));
#5260=VECTOR('',#5250,1.);
#5270=LINE('',#5240,#5260);
#5280=CARTESIAN_POINT('',(0.372819,1.769531,9.7));
#5290=VERTEX_POINT('',#5280);
#5300=CARTESIAN_POINT('',(0.372819,2.769531,9.7));
#5310=VERTEX_POINT('',#5300);
#5320=EDGE_CURVE('',#5290,#5310,#5270,.T.);
#5330=ORIENTED_EDGE('',*,*,#5320,.F.);
#5340=CARTESIAN_POINT('',(0.372819,2.769531,10.2));
#5350=DIRECTION('',(0.,0.,-1.));
#5360=VECTOR('',#5350,1.);
#5370=LINE('',#5340,#5360);
#5380=CARTESIAN_POINT('',(0.372819,2.769531,10.2));
#5390=VERTEX_POINT('',#5380);
#5400=EDGE_CURVE('',#5390,#5310,#5370,.T.);
#5410=ORIENTED_EDGE('',*,*,#5400,.T.);
#5420=CARTESIAN_POINT('',(0.372819,-0.230469000000001,10.2));
#5430=DIRECTION('',(-1.11022302462516E-16,1.,0.));
#5440=VECTOR('',#5430,1.);
#5450=LINE('',#5420,#5440);
#5460=CARTESIAN_POINT('',(0.372819,1.769531,10.2));
#5470=VERTEX_POINT('',#5460);
#5480=EDGE_CURVE('',#5470,#5390,#5450,.T.);
#5490=ORIENTED_EDGE('',*,*,#5480,.T.);
#5500=CARTESIAN_POINT('',(0.372819,1.769531,9.7));
#5510=DIRECTION('',(0.,0.,1.));
#5520=VECTOR('',#5510,1.);
#5530=LINE('',#5500,#5520);
#5540=EDGE_CURVE('',#5290,#5470,#5530,.T.);
#5550=ORIENTED_EDGE('',*,*,#5540,.T.);
#5560=EDGE_LOOP('',(#5550,#5490,#5410,#5330));
#5570=FACE_OUTER_BOUND('',#5560,.T.);
#5580=ADVANCED_FACE('',(#5570),#5230,.F.);
#5590=CARTESIAN_POINT('',(-0.0251477347320566,-0.372053431461694,2.675))
;
#5600=DIRECTION('',(0.,0.,1.));
#5610=DIRECTION('',(1.,0.,0.));
#5620=AXIS2_PLACEMENT_3D('',#5590,#5600,#5610);
#5630=PLANE('',#5620);
#5640=ORIENTED_EDGE('',*,*,#2520,.T.);
#5650=CARTESIAN_POINT('',(0.,-0.230469000000001,2.675));
#5660=DIRECTION('',(-1.,0.,0.));
#5670=VECTOR('',#5660,1.);
#5680=LINE('',#5650,#5670);
#5690=CARTESIAN_POINT('',(-0.202181,-0.230469000000001,2.675));
#5700=VERTEX_POINT('',#5690);
#5710=EDGE_CURVE('',#2430,#5700,#5680,.T.);
#5720=ORIENTED_EDGE('',*,*,#5710,.F.);
#5730=CARTESIAN_POINT('',(-0.202181,-0.372053431461694,2.675));
#5740=DIRECTION('',(3.70074341541719E-16,1.,0.));
#5750=VECTOR('',#5740,1.);
#5760=LINE('',#5730,#5750);
#5770=CARTESIAN_POINT('',(-0.202181,1.869531,2.675));
#5780=VERTEX_POINT('',#5770);
#5790=EDGE_CURVE('',#5700,#5780,#5760,.T.);
#5800=ORIENTED_EDGE('',*,*,#5790,.F.);
#5810=CARTESIAN_POINT('',(-0.0251477347320566,1.869531,2.675));
#5820=DIRECTION('',(-1.,-2.31296463463574E-17,0.));
#5830=VECTOR('',#5820,1.);
#5840=LINE('',#5810,#5830);
#5850=EDGE_CURVE('',#2510,#5780,#5840,.T.);
#5860=ORIENTED_EDGE('',*,*,#5850,.T.);
#5870=EDGE_LOOP('',(#5860,#5800,#5720,#5640));
#5880=FACE_OUTER_BOUND('',#5870,.T.);
#5890=ADVANCED_FACE('',(#5880),#5630,.T.);
#5900=CARTESIAN_POINT('',(0.147819,1.769531,4.825));
#5910=DIRECTION('',(1.,2.31296463463574E-17,0.));
#5920=DIRECTION('',(2.31296463463574E-17,-1.,0.));
#5930=AXIS2_PLACEMENT_3D('',#5900,#5910,#5920);
#5940=PLANE('',#5930);
#5950=CARTESIAN_POINT('',(0.147819,-0.230469000000001,8.125));
#5960=DIRECTION('',(0.,0.,1.));
#5970=VECTOR('',#5960,1.);
#5980=LINE('',#5950,#5970);
#5990=CARTESIAN_POINT('',(0.147819,-0.230469000000001,4.825));
#6000=VERTEX_POINT('',#5990);
#6010=CARTESIAN_POINT('',(0.147819,-0.230469000000001,5.175));
#6020=VERTEX_POINT('',#6010);
#6030=EDGE_CURVE('',#6000,#6020,#5980,.T.);
#6040=ORIENTED_EDGE('',*,*,#6030,.F.);
#6050=CARTESIAN_POINT('',(0.147819,-0.372053431461694,5.175));
#6060=DIRECTION('',(-2.31296463463574E-17,1.,0.));
#6070=VECTOR('',#6060,1.);
#6080=LINE('',#6050,#6070);
#6090=CARTESIAN_POINT('',(0.147819,1.869531,5.175));
#6100=VERTEX_POINT('',#6090);
#6110=EDGE_CURVE('',#6020,#6100,#6080,.T.);
#6120=ORIENTED_EDGE('',*,*,#6110,.F.);
#6130=CARTESIAN_POINT('',(0.147819,1.869531,4.825));
#6140=DIRECTION('',(0.,0.,-1.));
#6150=VECTOR('',#6140,1.);
#6160=LINE('',#6130,#6150);
#6170=CARTESIAN_POINT('',(0.147819,1.869531,4.825));
#6180=VERTEX_POINT('',#6170);
#6190=EDGE_CURVE('',#6100,#6180,#6160,.T.);
#6200=ORIENTED_EDGE('',*,*,#6190,.F.);
#6210=CARTESIAN_POINT('',(0.147819,-0.372053431461694,4.825));
#6220=DIRECTION('',(-2.31296463463574E-17,1.,0.));
#6230=VECTOR('',#6220,1.);
#6240=LINE('',#6210,#6230);
#6250=EDGE_CURVE('',#6000,#6180,#6240,.T.);
#6260=ORIENTED_EDGE('',*,*,#6250,.T.);
#6270=EDGE_LOOP('',(#6260,#6200,#6120,#6040));
#6280=FACE_OUTER_BOUND('',#6270,.T.);
#6290=ADVANCED_FACE('',(#6280),#5940,.T.);
#6300=CARTESIAN_POINT('',(-0.0251477347320566,-0.372053431461694,3.925))
;
#6310=DIRECTION('',(0.,0.,1.));
#6320=DIRECTION('',(1.,0.,0.));
#6330=AXIS2_PLACEMENT_3D('',#6300,#6310,#6320);
#6340=PLANE('',#6330);
#6350=CARTESIAN_POINT('',(0.147819,-0.372053431461694,3.925));
#6360=DIRECTION('',(-2.31296463463574E-17,1.,0.));
#6370=VECTOR('',#6360,1.);
#6380=LINE('',#6350,#6370);
#6390=CARTESIAN_POINT('',(0.147819,-0.230469000000001,3.925));
#6400=VERTEX_POINT('',#6390);
#6410=CARTESIAN_POINT('',(0.147819,1.869531,3.925));
#6420=VERTEX_POINT('',#6410);
#6430=EDGE_CURVE('',#6400,#6420,#6380,.T.);
#6440=ORIENTED_EDGE('',*,*,#6430,.T.);
#6450=CARTESIAN_POINT('',(0.,-0.230469000000001,3.925));
#6460=DIRECTION('',(-1.,0.,0.));
#6470=VECTOR('',#6460,1.);
#6480=LINE('',#6450,#6470);
#6490=CARTESIAN_POINT('',(-0.202181,-0.230469000000001,3.925));
#6500=VERTEX_POINT('',#6490);
#6510=EDGE_CURVE('',#6400,#6500,#6480,.T.);
#6520=ORIENTED_EDGE('',*,*,#6510,.F.);
#6530=CARTESIAN_POINT('',(-0.202181,-0.372053431461694,3.925));
#6540=DIRECTION('',(3.70074341541719E-16,1.,0.));
#6550=VECTOR('',#6540,1.);
#6560=LINE('',#6530,#6550);
#6570=CARTESIAN_POINT('',(-0.202181,1.869531,3.925));
#6580=VERTEX_POINT('',#6570);
#6590=EDGE_CURVE('',#6500,#6580,#6560,.T.);
#6600=ORIENTED_EDGE('',*,*,#6590,.F.);
#6610=CARTESIAN_POINT('',(-0.0251477347320566,1.869531,3.925));
#6620=DIRECTION('',(-1.,-2.31296463463574E-17,0.));
#6630=VECTOR('',#6620,1.);
#6640=LINE('',#6610,#6630);
#6650=EDGE_CURVE('',#6420,#6580,#6640,.T.);
#6660=ORIENTED_EDGE('',*,*,#6650,.T.);
#6670=EDGE_LOOP('',(#6660,#6600,#6520,#6440));
#6680=FACE_OUTER_BOUND('',#6670,.T.);
#6690=ADVANCED_FACE('',(#6680),#6340,.T.);
#6700=CARTESIAN_POINT('',(-0.0251477347320566,-0.372053431461694,3.575))
;
#6710=DIRECTION('',(0.,0.,1.));
#6720=DIRECTION('',(1.,0.,0.));
#6730=AXIS2_PLACEMENT_3D('',#6700,#6710,#6720);
#6740=PLANE('',#6730);
#6750=CARTESIAN_POINT('',(-0.202181,-0.372053431461694,3.575));
#6760=DIRECTION('',(3.70074341541719E-16,1.,0.));
#6770=VECTOR('',#6760,1.);
#6780=LINE('',#6750,#6770);
#6790=CARTESIAN_POINT('',(-0.202181,-0.230469000000001,3.575));
#6800=VERTEX_POINT('',#6790);
#6810=EDGE_CURVE('',#6800,#4750,#6780,.T.);
#6820=ORIENTED_EDGE('',*,*,#6810,.T.);
#6830=CARTESIAN_POINT('',(0.,-0.230469000000001,3.575));
#6840=DIRECTION('',(-1.,0.,0.));
#6850=VECTOR('',#6840,1.);
#6860=LINE('',#6830,#6850);
#6870=CARTESIAN_POINT('',(0.147819,-0.230469000000001,3.575));
#6880=VERTEX_POINT('',#6870);
#6890=EDGE_CURVE('',#6880,#6800,#6860,.T.);
#6900=ORIENTED_EDGE('',*,*,#6890,.T.);
#6910=CARTESIAN_POINT('',(0.147819,-0.372053431461694,3.575));
#6920=DIRECTION('',(-2.31296463463574E-17,1.,0.));
#6930=VECTOR('',#6920,1.);
#6940=LINE('',#6910,#6930);
#6950=EDGE_CURVE('',#6880,#4830,#6940,.T.);
#6960=ORIENTED_EDGE('',*,*,#6950,.F.);
#6970=ORIENTED_EDGE('',*,*,#4840,.T.);
#6980=EDGE_LOOP('',(#6970,#6960,#6900,#6820));
#6990=FACE_OUTER_BOUND('',#6980,.T.);
#7000=ADVANCED_FACE('',(#6990),#6740,.F.);
#7010=CARTESIAN_POINT('',(-0.202181000000001,-1.680469,3.575));
#7020=DIRECTION('',(-1.,3.70074341541719E-16,0.));
#7030=DIRECTION('',(3.70074341541719E-16,1.,0.));
#7040=AXIS2_PLACEMENT_3D('',#7010,#7020,#7030);
#7050=PLANE('',#7040);
#7060=ORIENTED_EDGE('',*,*,#6810,.F.);
#7070=CARTESIAN_POINT('',(-0.202180999999999,1.869531,3.575));
#7080=DIRECTION('',(0.,0.,-1.));
#7090=VECTOR('',#7080,1.);
#7100=LINE('',#7070,#7090);
#7110=EDGE_CURVE('',#6580,#4750,#7100,.T.);
#7120=ORIENTED_EDGE('',*,*,#7110,.T.);
#7130=ORIENTED_EDGE('',*,*,#6590,.T.);
#7140=CARTESIAN_POINT('',(-0.202181,-0.230469000000001,8.125));
#7150=DIRECTION('',(0.,0.,-1.));
#7160=VECTOR('',#7150,1.);
#7170=LINE('',#7140,#7160);
#7180=EDGE_CURVE('',#6500,#6800,#7170,.T.);
#7190=ORIENTED_EDGE('',*,*,#7180,.F.);
#7200=EDGE_LOOP('',(#7190,#7130,#7120,#7060));
#7210=FACE_OUTER_BOUND('',#7200,.T.);
#7220=ADVANCED_FACE('',(#7210),#7050,.T.);
#7230=CARTESIAN_POINT('',(-0.202181,1.869531,3.575));
#7240=DIRECTION('',(-0.970142500145332,0.242535625036333,0.));
#7250=DIRECTION('',(0.242535625036333,0.970142500145332,0.));
#7260=AXIS2_PLACEMENT_3D('',#7230,#7240,#7250);
#7270=PLANE('',#7260);
#7280=ORIENTED_EDGE('',*,*,#7110,.F.);
#7290=ORIENTED_EDGE('',*,*,#4760,.F.);
#7300=CARTESIAN_POINT('',(-0.127180999999999,2.169531,3.575));
#7310=DIRECTION('',(0.,0.,-1.));
#7320=VECTOR('',#7310,1.);
#7330=LINE('',#7300,#7320);
#7340=CARTESIAN_POINT('',(-0.127180999999999,2.169531,3.85));
#7350=VERTEX_POINT('',#7340);
#7360=EDGE_CURVE('',#7350,#4650,#7330,.T.);
#7370=ORIENTED_EDGE('',*,*,#7360,.T.);
#7380=CARTESIAN_POINT('',(-0.762577107865425,-0.372053431461694,
4.48539610786542));
#7390=DIRECTION('',(0.235702260395516,0.942809041582063,
-0.235702260395516));
#7400=VECTOR('',#7390,1.);
#7410=LINE('',#7380,#7400);
#7420=EDGE_CURVE('',#6580,#7350,#7410,.T.);
#7430=ORIENTED_EDGE('',*,*,#7420,.T.);
#7440=EDGE_LOOP('',(#7430,#7370,#7290,#7280));
#7450=FACE_OUTER_BOUND('',#7440,.T.);
#7460=ADVANCED_FACE('',(#7450),#7270,.T.);
#7470=CARTESIAN_POINT('',(0.147819,1.769531,3.575));
#7480=DIRECTION('',(1.,2.31296463463574E-17,0.));
#7490=DIRECTION('',(2.31296463463574E-17,-1.,0.));
#7500=AXIS2_PLACEMENT_3D('',#7470,#7480,#7490);
#7510=PLANE('',#7500);
#7520=CARTESIAN_POINT('',(0.147819,-0.230469000000001,8.125));
#7530=DIRECTION('',(0.,0.,1.));
#7540=VECTOR('',#7530,1.);
#7550=LINE('',#7520,#7540);
#7560=EDGE_CURVE('',#6880,#6400,#7550,.T.);
#7570=ORIENTED_EDGE('',*,*,#7560,.F.);
#7580=ORIENTED_EDGE('',*,*,#6430,.F.);
#7590=CARTESIAN_POINT('',(0.147819,1.869531,3.575));
#7600=DIRECTION('',(0.,0.,-1.));
#7610=VECTOR('',#7600,1.);
#7620=LINE('',#7590,#7610);
#7630=EDGE_CURVE('',#6420,#4830,#7620,.T.);
#7640=ORIENTED_EDGE('',*,*,#7630,.F.);
#7650=ORIENTED_EDGE('',*,*,#6950,.T.);
#7660=EDGE_LOOP('',(#7650,#7640,#7580,#7570));
#7670=FACE_OUTER_BOUND('',#7660,.T.);
#7680=ADVANCED_FACE('',(#7670),#7510,.T.);
#7690=CARTESIAN_POINT('',(-0.202181,1.869531,4.825));
#7700=DIRECTION('',(-0.970142500145332,0.242535625036333,0.));
#7710=DIRECTION('',(0.242535625036333,0.970142500145332,0.));
#7720=AXIS2_PLACEMENT_3D('',#7690,#7700,#7710);
#7730=PLANE('',#7720);
#7740=CARTESIAN_POINT('',(-0.202180999999999,1.869531,4.825));
#7750=DIRECTION('',(0.,0.,-1.));
#7760=VECTOR('',#7750,1.);
#7770=LINE('',#7740,#7760);
#7780=CARTESIAN_POINT('',(-0.202181,1.869531,5.175));
#7790=VERTEX_POINT('',#7780);
#7800=CARTESIAN_POINT('',(-0.202181,1.869531,4.825));
#7810=VERTEX_POINT('',#7800);
#7820=EDGE_CURVE('',#7790,#7810,#7770,.T.);
#7830=ORIENTED_EDGE('',*,*,#7820,.F.);
#7840=CARTESIAN_POINT('',(-0.762577107865425,-0.372053431461694,
4.26460389213458));
#7850=DIRECTION('',(0.235702260395516,0.942809041582063,
0.235702260395516));
#7860=VECTOR('',#7850,1.);
#7870=LINE('',#7840,#7860);
#7880=CARTESIAN_POINT('',(-0.127180999999999,2.169531,4.9));
#7890=VERTEX_POINT('',#7880);
#7900=EDGE_CURVE('',#7810,#7890,#7870,.T.);
#7910=ORIENTED_EDGE('',*,*,#7900,.F.);
#7920=CARTESIAN_POINT('',(-0.127180999999999,2.169531,4.825));
#7930=DIRECTION('',(0.,0.,-1.));
#7940=VECTOR('',#7930,1.);
#7950=LINE('',#7920,#7940);
#7960=CARTESIAN_POINT('',(-0.127180999999999,2.169531,5.1));
#7970=VERTEX_POINT('',#7960);
#7980=EDGE_CURVE('',#7970,#7890,#7950,.T.);
#7990=ORIENTED_EDGE('',*,*,#7980,.T.);
#8000=CARTESIAN_POINT('',(-0.762577107865425,-0.372053431461694,
5.73539610786542));
#8010=DIRECTION('',(0.235702260395516,0.942809041582063,
-0.235702260395516));
#8020=VECTOR('',#8010,1.);
#8030=LINE('',#8000,#8020);
#8040=EDGE_CURVE('',#7790,#7970,#8030,.T.);
#8050=ORIENTED_EDGE('',*,*,#8040,.T.);
#8060=EDGE_LOOP('',(#8050,#7990,#7910,#7830));
#8070=FACE_OUTER_BOUND('',#8060,.T.);
#8080=ADVANCED_FACE('',(#8070),#7730,.T.);
#8090=CARTESIAN_POINT('',(-0.0251477347320566,-0.372053431461694,4.825))
;
#8100=DIRECTION('',(0.,0.,1.));
#8110=DIRECTION('',(1.,0.,0.));
#8120=AXIS2_PLACEMENT_3D('',#8090,#8100,#8110);
#8130=PLANE('',#8120);
#8140=CARTESIAN_POINT('',(-0.202181,-0.372053431461694,4.825));
#8150=DIRECTION('',(3.70074341541719E-16,1.,0.));
#8160=VECTOR('',#8150,1.);
#8170=LINE('',#8140,#8160);
#8180=CARTESIAN_POINT('',(-0.202181,-0.230469000000001,4.825));
#8190=VERTEX_POINT('',#8180);
#8200=EDGE_CURVE('',#8190,#7810,#8170,.T.);
#8210=ORIENTED_EDGE('',*,*,#8200,.T.);
#8220=CARTESIAN_POINT('',(0.,-0.230469000000001,4.825));
#8230=DIRECTION('',(-1.,0.,0.));
#8240=VECTOR('',#8230,1.);
#8250=LINE('',#8220,#8240);
#8260=EDGE_CURVE('',#6000,#8190,#8250,.T.);
#8270=ORIENTED_EDGE('',*,*,#8260,.T.);
#8280=ORIENTED_EDGE('',*,*,#6250,.F.);
#8290=CARTESIAN_POINT('',(-0.0251477347320566,1.869531,4.825));
#8300=DIRECTION('',(1.,2.31296463463574E-17,0.));
#8310=VECTOR('',#8300,1.);
#8320=LINE('',#8290,#8310);
#8330=EDGE_CURVE('',#7810,#6180,#8320,.T.);
#8340=ORIENTED_EDGE('',*,*,#8330,.T.);
#8350=EDGE_LOOP('',(#8340,#8280,#8270,#8210));
#8360=FACE_OUTER_BOUND('',#8350,.T.);
#8370=ADVANCED_FACE('',(#8360),#8130,.F.);
#8380=CARTESIAN_POINT('',(-0.0251477347320566,-0.372053431461694,5.175))
;
#8390=DIRECTION('',(0.,0.,1.));
#8400=DIRECTION('',(1.,0.,0.));
#8410=AXIS2_PLACEMENT_3D('',#8380,#8390,#8400);
#8420=PLANE('',#8410);
#8430=ORIENTED_EDGE('',*,*,#6110,.T.);
#8440=CARTESIAN_POINT('',(0.,-0.230469000000001,5.175));
#8450=DIRECTION('',(-1.,0.,0.));
#8460=VECTOR('',#8450,1.);
#8470=LINE('',#8440,#8460);
#8480=CARTESIAN_POINT('',(-0.202181,-0.230469000000001,5.175));
#8490=VERTEX_POINT('',#8480);
#8500=EDGE_CURVE('',#6020,#8490,#8470,.T.);
#8510=ORIENTED_EDGE('',*,*,#8500,.F.);
#8520=CARTESIAN_POINT('',(-0.202181,-0.372053431461694,5.175));
#8530=DIRECTION('',(3.70074341541719E-16,1.,0.));
#8540=VECTOR('',#8530,1.);
#8550=LINE('',#8520,#8540);
#8560=EDGE_CURVE('',#8490,#7790,#8550,.T.);
#8570=ORIENTED_EDGE('',*,*,#8560,.F.);
#8580=CARTESIAN_POINT('',(-0.0251477347320566,1.869531,5.175));
#8590=DIRECTION('',(-1.,-2.31296463463574E-17,0.));
#8600=VECTOR('',#8590,1.);
#8610=LINE('',#8580,#8600);
#8620=EDGE_CURVE('',#6100,#7790,#8610,.T.);
#8630=ORIENTED_EDGE('',*,*,#8620,.T.);
#8640=EDGE_LOOP('',(#8630,#8570,#8510,#8430));
#8650=FACE_OUTER_BOUND('',#8640,.T.);
#8660=ADVANCED_FACE('',(#8650),#8420,.T.);
#8670=CARTESIAN_POINT('',(-0.202181000000001,-1.680469,4.825));
#8680=DIRECTION('',(-1.,3.70074341541719E-16,0.));
#8690=DIRECTION('',(3.70074341541719E-16,1.,0.));
#8700=AXIS2_PLACEMENT_3D('',#8670,#8680,#8690);
#8710=PLANE('',#8700);
#8720=ORIENTED_EDGE('',*,*,#8200,.F.);
#8730=ORIENTED_EDGE('',*,*,#7820,.T.);
#8740=ORIENTED_EDGE('',*,*,#8560,.T.);
#8750=CARTESIAN_POINT('',(-0.202181,-0.230469000000001,8.125));
#8760=DIRECTION('',(0.,0.,-1.));
#8770=VECTOR('',#8760,1.);
#8780=LINE('',#8750,#8770);
#8790=EDGE_CURVE('',#8490,#8190,#8780,.T.);
#8800=ORIENTED_EDGE('',*,*,#8790,.F.);
#8810=EDGE_LOOP('',(#8800,#8740,#8730,#8720));
#8820=FACE_OUTER_BOUND('',#8810,.T.);
#8830=ADVANCED_FACE('',(#8820),#8710,.T.);
#8840=CARTESIAN_POINT('',(-4.1036834,1.869531,4.825));
#8850=DIRECTION('',(5.60976323348313E-18,-0.242535625036333,
0.970142500145332));
#8860=DIRECTION('',(-2.24390529339325E-17,0.970142500145332,
0.242535625036333));
#8870=AXIS2_PLACEMENT_3D('',#8840,#8850,#8860);
#8880=PLANE('',#8870);
#8890=CARTESIAN_POINT('',(-0.0251477347320566,2.169531,4.9));
#8900=DIRECTION('',(1.,0.,-5.78241158658935E-18));
#8910=VECTOR('',#8900,1.);
#8920=LINE('',#8890,#8910);
#8930=CARTESIAN_POINT('',(0.0728189999999996,2.169531,4.9));
#8940=VERTEX_POINT('',#8930);
#8950=EDGE_CURVE('',#7890,#8940,#8920,.T.);
#8960=ORIENTED_EDGE('',*,*,#8950,.T.);
#8970=ORIENTED_EDGE('',*,*,#7900,.T.);
#8980=ORIENTED_EDGE('',*,*,#8330,.F.);
#8990=CARTESIAN_POINT('',(0.708215107865424,-0.372053431461694,
4.26460389213458));
#9000=DIRECTION('',(0.235702260395516,-0.942809041582063,
-0.235702260395516));
#9010=VECTOR('',#9000,1.);
#9020=LINE('',#8990,#9010);
#9030=EDGE_CURVE('',#8940,#6180,#9020,.T.);
#9040=ORIENTED_EDGE('',*,*,#9030,.T.);
#9050=EDGE_LOOP('',(#9040,#8980,#8970,#8960));
#9060=FACE_OUTER_BOUND('',#9050,.T.);
#9070=ADVANCED_FACE('',(#9060),#8880,.F.);
#9080=CARTESIAN_POINT('',(-0.127180999999999,2.169531,4.825));
#9090=DIRECTION('',(0.,1.,0.));
#9100=DIRECTION('',(1.,0.,0.));
#9110=AXIS2_PLACEMENT_3D('',#9080,#9090,#9100);
#9120=PLANE('',#9110);
#9130=ORIENTED_EDGE('',*,*,#7980,.F.);
#9140=ORIENTED_EDGE('',*,*,#8950,.F.);
#9150=CARTESIAN_POINT('',(0.0728189999999998,2.169531,4.825));
#9160=DIRECTION('',(0.,0.,1.));
#9170=VECTOR('',#9160,1.);
#9180=LINE('',#9150,#9170);
#9190=CARTESIAN_POINT('',(0.0728189999999998,2.169531,5.1));
#9200=VERTEX_POINT('',#9190);
#9210=EDGE_CURVE('',#8940,#9200,#9180,.T.);
#9220=ORIENTED_EDGE('',*,*,#9210,.F.);
#9230=CARTESIAN_POINT('',(-0.0251477347320566,2.169531,5.1));
#9240=DIRECTION('',(1.,0.,5.78241158658935E-18));
#9250=VECTOR('',#9240,1.);
#9260=LINE('',#9230,#9250);
#9270=EDGE_CURVE('',#7970,#9200,#9260,.T.);
#9280=ORIENTED_EDGE('',*,*,#9270,.T.);
#9290=EDGE_LOOP('',(#9280,#9220,#9140,#9130));
#9300=FACE_OUTER_BOUND('',#9290,.T.);
#9310=ADVANCED_FACE('',(#9300),#9120,.T.);
#9320=CARTESIAN_POINT('',(-4.1036834,2.169531,5.1));
#9330=DIRECTION('',(5.60976323348313E-18,-0.242535625036333,
-0.970142500145332));
#9340=DIRECTION('',(2.24390529339325E-17,-0.970142500145332,
0.242535625036333));
#9350=AXIS2_PLACEMENT_3D('',#9320,#9330,#9340);
#9360=PLANE('',#9350);
#9370=ORIENTED_EDGE('',*,*,#9270,.F.);
#9380=CARTESIAN_POINT('',(0.708215107865424,-0.372053431461694,
5.73539610786542));
#9390=DIRECTION('',(0.235702260395516,-0.942809041582063,
0.235702260395516));
#9400=VECTOR('',#9390,1.);
#9410=LINE('',#9380,#9400);
#9420=EDGE_CURVE('',#9200,#6100,#9410,.T.);
#9430=ORIENTED_EDGE('',*,*,#9420,.F.);
#9440=ORIENTED_EDGE('',*,*,#8620,.F.);
#9450=ORIENTED_EDGE('',*,*,#8040,.F.);
#9460=EDGE_LOOP('',(#9450,#9440,#9430,#9370));
#9470=FACE_OUTER_BOUND('',#9460,.T.);
#9480=ADVANCED_FACE('',(#9470),#9360,.F.);
#9490=CARTESIAN_POINT('',(0.0728189999999997,2.169531,4.825));
#9500=DIRECTION('',(0.970142500145332,0.242535625036333,0.));
#9510=DIRECTION('',(0.242535625036333,-0.970142500145332,0.));
#9520=AXIS2_PLACEMENT_3D('',#9490,#9500,#9510);
#9530=PLANE('',#9520);
#9540=ORIENTED_EDGE('',*,*,#6190,.T.);
#9550=ORIENTED_EDGE('',*,*,#9420,.T.);
#9560=ORIENTED_EDGE('',*,*,#9210,.T.);
#9570=ORIENTED_EDGE('',*,*,#9030,.F.);
#9580=EDGE_LOOP('',(#9570,#9560,#9550,#9540));
#9590=FACE_OUTER_BOUND('',#9580,.T.);
#9600=ADVANCED_FACE('',(#9590),#9530,.T.);
#9610=CARTESIAN_POINT('',(-0.127180999999999,2.169531,3.575));
#9620=DIRECTION('',(0.,1.,0.));
#9630=DIRECTION('',(1.,0.,0.));
#9640=AXIS2_PLACEMENT_3D('',#9610,#9620,#9630);
#9650=PLANE('',#9640);
#9660=ORIENTED_EDGE('',*,*,#7360,.F.);
#9670=ORIENTED_EDGE('',*,*,#4680,.F.);
#9680=CARTESIAN_POINT('',(0.0728189999999998,2.169531,3.575));
#9690=DIRECTION('',(0.,0.,1.));
#9700=VECTOR('',#9690,1.);
#9710=LINE('',#9680,#9700);
#9720=CARTESIAN_POINT('',(0.0728189999999998,2.169531,3.85));
#9730=VERTEX_POINT('',#9720);
#9740=EDGE_CURVE('',#4670,#9730,#9710,.T.);
#9750=ORIENTED_EDGE('',*,*,#9740,.F.);
#9760=CARTESIAN_POINT('',(-0.0251477347320566,2.169531,3.85));
#9770=DIRECTION('',(1.,0.,5.78241158658935E-18));
#9780=VECTOR('',#9770,1.);
#9790=LINE('',#9760,#9780);
#9800=EDGE_CURVE('',#7350,#9730,#9790,.T.);
#9810=ORIENTED_EDGE('',*,*,#9800,.T.);
#9820=EDGE_LOOP('',(#9810,#9750,#9670,#9660));
#9830=FACE_OUTER_BOUND('',#9820,.T.);
#9840=ADVANCED_FACE('',(#9830),#9650,.T.);
#9850=CARTESIAN_POINT('',(-0.202181,1.869531,2.325));
#9860=DIRECTION('',(-0.970142500145332,0.242535625036333,0.));
#9870=DIRECTION('',(0.242535625036333,0.970142500145332,0.));
#9880=AXIS2_PLACEMENT_3D('',#9850,#9860,#9870);
#9890=PLANE('',#9880);
#9900=CARTESIAN_POINT('',(-0.202180999999999,1.869531,2.325));
#9910=DIRECTION('',(0.,0.,-1.));
#9920=VECTOR('',#9910,1.);
#9930=LINE('',#9900,#9920);
#9940=EDGE_CURVE('',#5780,#3420,#9930,.T.);
#9950=ORIENTED_EDGE('',*,*,#9940,.F.);
#9960=CARTESIAN_POINT('',(-0.762577107865425,-0.372053431461694,
1.76460389213458));
#9970=DIRECTION('',(0.235702260395516,0.942809041582063,
0.235702260395516));
#9980=VECTOR('',#9970,1.);
#9990=LINE('',#9960,#9980);
#10000=CARTESIAN_POINT('',(-0.127180999999999,2.169531,2.4));
#10010=VERTEX_POINT('',#10000);
#10020=EDGE_CURVE('',#3420,#10010,#9990,.T.);
#10030=ORIENTED_EDGE('',*,*,#10020,.F.);
#10040=CARTESIAN_POINT('',(-0.127180999999999,2.169531,2.325));
#10050=DIRECTION('',(0.,0.,-1.));
#10060=VECTOR('',#10050,1.);
#10070=LINE('',#10040,#10060);
#10080=CARTESIAN_POINT('',(-0.127180999999999,2.169531,2.6));
#10090=VERTEX_POINT('',#10080);
#10100=EDGE_CURVE('',#10090,#10010,#10070,.T.);
#10110=ORIENTED_EDGE('',*,*,#10100,.T.);
#10120=CARTESIAN_POINT('',(-0.762577107865425,-0.372053431461694,
3.23539610786542));
#10130=DIRECTION('',(0.235702260395516,0.942809041582063,
-0.235702260395516));
#10140=VECTOR('',#10130,1.);
#10150=LINE('',#10120,#10140);
#10160=EDGE_CURVE('',#5780,#10090,#10150,.T.);
#10170=ORIENTED_EDGE('',*,*,#10160,.T.);
#10180=EDGE_LOOP('',(#10170,#10110,#10030,#9950));
#10190=FACE_OUTER_BOUND('',#10180,.T.);
#10200=ADVANCED_FACE('',(#10190),#9890,.T.);
#10210=CARTESIAN_POINT('',(-4.1036834,2.169531,3.85));
#10220=DIRECTION('',(5.60976323348313E-18,-0.242535625036333,
-0.970142500145332));
#10230=DIRECTION('',(2.24390529339325E-17,-0.970142500145332,
0.242535625036333));
#10240=AXIS2_PLACEMENT_3D('',#10210,#10220,#10230);
#10250=PLANE('',#10240);
#10260=ORIENTED_EDGE('',*,*,#9800,.F.);
#10270=CARTESIAN_POINT('',(0.708215107865424,-0.372053431461694,
4.48539610786542));
#10280=DIRECTION('',(0.235702260395516,-0.942809041582063,
0.235702260395516));
#10290=VECTOR('',#10280,1.);
#10300=LINE('',#10270,#10290);
#10310=EDGE_CURVE('',#9730,#6420,#10300,.T.);
#10320=ORIENTED_EDGE('',*,*,#10310,.F.);
#10330=ORIENTED_EDGE('',*,*,#6650,.F.);
#10340=ORIENTED_EDGE('',*,*,#7420,.F.);
#10350=EDGE_LOOP('',(#10340,#10330,#10320,#10260));
#10360=FACE_OUTER_BOUND('',#10350,.T.);
#10370=ADVANCED_FACE('',(#10360),#10250,.F.);
#10380=CARTESIAN_POINT('',(0.0728189999999997,2.169531,3.575));
#10390=DIRECTION('',(0.970142500145332,0.242535625036333,0.));
#10400=DIRECTION('',(0.242535625036333,-0.970142500145332,0.));
#10410=AXIS2_PLACEMENT_3D('',#10380,#10390,#10400);
#10420=PLANE('',#10410);
#10430=ORIENTED_EDGE('',*,*,#7630,.T.);
#10440=ORIENTED_EDGE('',*,*,#10310,.T.);
#10450=ORIENTED_EDGE('',*,*,#9740,.T.);
#10460=ORIENTED_EDGE('',*,*,#4900,.F.);
#10470=EDGE_LOOP('',(#10460,#10450,#10440,#10430));
#10480=FACE_OUTER_BOUND('',#10470,.T.);
#10490=ADVANCED_FACE('',(#10480),#10420,.T.);
#10500=CARTESIAN_POINT('',(-0.127180999999999,2.169531,2.325));
#10510=DIRECTION('',(0.,1.,0.));
#10520=DIRECTION('',(1.,0.,0.));
#10530=AXIS2_PLACEMENT_3D('',#10500,#10510,#10520);
#10540=PLANE('',#10530);
#10550=ORIENTED_EDGE('',*,*,#10100,.F.);
#10560=CARTESIAN_POINT('',(-0.0251477347320566,2.169531,2.4));
#10570=DIRECTION('',(1.,0.,-5.78241158658935E-18));
#10580=VECTOR('',#10570,1.);
#10590=LINE('',#10560,#10580);
#10600=CARTESIAN_POINT('',(0.0728189999999996,2.169531,2.4));
#10610=VERTEX_POINT('',#10600);
#10620=EDGE_CURVE('',#10010,#10610,#10590,.T.);
#10630=ORIENTED_EDGE('',*,*,#10620,.F.);
#10640=CARTESIAN_POINT('',(0.0728189999999998,2.169531,2.325));
#10650=DIRECTION('',(0.,0.,1.));
#10660=VECTOR('',#10650,1.);
#10670=LINE('',#10640,#10660);
#10680=CARTESIAN_POINT('',(0.0728189999999998,2.169531,2.6));
#10690=VERTEX_POINT('',#10680);
#10700=EDGE_CURVE('',#10610,#10690,#10670,.T.);
#10710=ORIENTED_EDGE('',*,*,#10700,.F.);
#10720=CARTESIAN_POINT('',(-0.0251477347320566,2.169531,2.6));
#10730=DIRECTION('',(1.,0.,5.78241158658935E-18));
#10740=VECTOR('',#10730,1.);
#10750=LINE('',#10720,#10740);
#10760=EDGE_CURVE('',#10090,#10690,#10750,.T.);
#10770=ORIENTED_EDGE('',*,*,#10760,.T.);
#10780=EDGE_LOOP('',(#10770,#10710,#10630,#10550));
#10790=FACE_OUTER_BOUND('',#10780,.T.);
#10800=ADVANCED_FACE('',(#10790),#10540,.T.);
#10810=CARTESIAN_POINT('',(-2.5571834,-1.530469,5.176));
#10820=DIRECTION('',(0.,0.,-1.));
#10830=DIRECTION('',(0.,-1.,0.));
#10840=AXIS2_PLACEMENT_3D('',#10810,#10820,#10830);
#10850=PLANE('',#10840);
#10860=CARTESIAN_POINT('',(1.182819,-1.930469,5.176));
#10870=DIRECTION('',(0.,-1.,1.77635683940025E-14));
#10880=VECTOR('',#10870,1.);
#10890=LINE('',#10860,#10880);
#10900=CARTESIAN_POINT('',(1.182819,-1.530469,5.176));
#10910=VERTEX_POINT('',#10900);
#10920=CARTESIAN_POINT('',(1.182819,-2.030469,5.176));
#10930=VERTEX_POINT('',#10920);
#10940=EDGE_CURVE('',#10910,#10930,#10890,.T.);
#10950=ORIENTED_EDGE('',*,*,#10940,.T.);
#10960=CARTESIAN_POINT('',(-1.87422206172818E-16,-1.530469,5.176));
#10970=DIRECTION('',(-1.,0.,0.));
#10980=VECTOR('',#10970,1.);
#10990=LINE('',#10960,#10980);
#11000=CARTESIAN_POINT('',(-1.017181,-1.530469,5.176));
#11010=VERTEX_POINT('',#11000);
#11020=EDGE_CURVE('',#10910,#11010,#10990,.T.);
#11030=ORIENTED_EDGE('',*,*,#11020,.F.);
#11040=CARTESIAN_POINT('',(-1.017181,-2.22044604925031E-16,5.176));
#11050=DIRECTION('',(0.,-1.,0.));
#11060=VECTOR('',#11050,1.);
#11070=LINE('',#11040,#11060);
#11080=CARTESIAN_POINT('',(-1.017181,-2.030469,5.176));
#11090=VERTEX_POINT('',#11080);
#11100=EDGE_CURVE('',#11010,#11090,#11070,.T.);
#11110=ORIENTED_EDGE('',*,*,#11100,.F.);
#11120=CARTESIAN_POINT('',(1.182819,-2.030469,5.176));
#11130=DIRECTION('',(-1.,0.,0.));
#11140=VECTOR('',#11130,1.);
#11150=LINE('',#11120,#11140);
#11160=EDGE_CURVE('',#10930,#11090,#11150,.T.);
#11170=ORIENTED_EDGE('',*,*,#11160,.T.);
#11180=EDGE_LOOP('',(#11170,#11110,#11030,#10950));
#11190=FACE_OUTER_BOUND('',#11180,.T.);
#11200=ADVANCED_FACE('',(#11190),#10850,.T.);
#11210=CARTESIAN_POINT('',(-4.1036834,2.169531,2.6));
#11220=DIRECTION('',(5.60976323348313E-18,-0.242535625036333,
-0.970142500145332));
#11230=DIRECTION('',(2.24390529339325E-17,-0.970142500145332,
0.242535625036333));
#11240=AXIS2_PLACEMENT_3D('',#11210,#11220,#11230);
#11250=PLANE('',#11240);
#11260=ORIENTED_EDGE('',*,*,#10760,.F.);
#11270=CARTESIAN_POINT('',(0.708215107865424,-0.372053431461694,
3.23539610786542));
#11280=DIRECTION('',(0.235702260395516,-0.942809041582063,
0.235702260395516));
#11290=VECTOR('',#11280,1.);
#11300=LINE('',#11270,#11290);
#11310=EDGE_CURVE('',#10690,#2510,#11300,.T.);
#11320=ORIENTED_EDGE('',*,*,#11310,.F.);
#11330=ORIENTED_EDGE('',*,*,#5850,.F.);
#11340=ORIENTED_EDGE('',*,*,#10160,.F.);
#11350=EDGE_LOOP('',(#11340,#11330,#11320,#11260));
#11360=FACE_OUTER_BOUND('',#11350,.T.);
#11370=ADVANCED_FACE('',(#11360),#11250,.F.);
#11380=CARTESIAN_POINT('',(0.0728189999999997,2.169531,2.325));
#11390=DIRECTION('',(0.970142500145332,0.242535625036333,0.));
#11400=DIRECTION('',(0.242535625036333,-0.970142500145332,0.));
#11410=AXIS2_PLACEMENT_3D('',#11380,#11390,#11400);
#11420=PLANE('',#11410);
#11430=ORIENTED_EDGE('',*,*,#2600,.T.);
#11440=ORIENTED_EDGE('',*,*,#11310,.T.);
#11450=ORIENTED_EDGE('',*,*,#10700,.T.);
#11460=CARTESIAN_POINT('',(0.708215107865424,-0.372053431461694,
1.76460389213458));
#11470=DIRECTION('',(0.235702260395516,-0.942809041582063,
-0.235702260395516));
#11480=VECTOR('',#11470,1.);
#11490=LINE('',#11460,#11480);
#11500=EDGE_CURVE('',#10610,#2590,#11490,.T.);
#11510=ORIENTED_EDGE('',*,*,#11500,.F.);
#11520=EDGE_LOOP('',(#11510,#11450,#11440,#11430));
#11530=FACE_OUTER_BOUND('',#11520,.T.);
#11540=ADVANCED_FACE('',(#11530),#11420,.T.);
#11550=CARTESIAN_POINT('',(-0.202181000000001,-1.680469,2.325));
#11560=DIRECTION('',(-1.,3.70074341541719E-16,0.));
#11570=DIRECTION('',(3.70074341541719E-16,1.,0.));
#11580=AXIS2_PLACEMENT_3D('',#11550,#11560,#11570);
#11590=PLANE('',#11580);
#11600=ORIENTED_EDGE('',*,*,#3430,.F.);
#11610=ORIENTED_EDGE('',*,*,#9940,.T.);
#11620=ORIENTED_EDGE('',*,*,#5790,.T.);
#11630=CARTESIAN_POINT('',(-0.202181,-0.230469000000001,8.125));
#11640=DIRECTION('',(0.,0.,-1.));
#11650=VECTOR('',#11640,1.);
#11660=LINE('',#11630,#11650);
#11670=EDGE_CURVE('',#5700,#3400,#11660,.T.);
#11680=ORIENTED_EDGE('',*,*,#11670,.F.);
#11690=EDGE_LOOP('',(#11680,#11620,#11610,#11600));
#11700=FACE_OUTER_BOUND('',#11690,.T.);
#11710=ADVANCED_FACE('',(#11700),#11590,.T.);
#11720=CARTESIAN_POINT('',(1.182819,-2.030469,5.176));
#11730=DIRECTION('',(0.,1.,0.));
#11740=DIRECTION('',(0.,0.,-1.));
#11750=AXIS2_PLACEMENT_3D('',#11720,#11730,#11740);
#11760=PLANE('',#11750);
#11770=CARTESIAN_POINT('',(1.182819,-2.030469,6.074));
#11780=DIRECTION('',(-1.,1.22460635382238E-16,0.));
#11790=VECTOR('',#11780,1.);
#11800=LINE('',#11770,#11790);
#11810=CARTESIAN_POINT('',(1.182819,-2.030469,6.074));
#11820=VERTEX_POINT('',#11810);
#11830=CARTESIAN_POINT('',(-1.017181,-2.030469,6.074));
#11840=VERTEX_POINT('',#11830);
#11850=EDGE_CURVE('',#11820,#11840,#11800,.T.);
#11860=ORIENTED_EDGE('',*,*,#11850,.T.);
#11870=CARTESIAN_POINT('',(1.182819,-2.030469,5.276));
#11880=DIRECTION('',(5.43834468046348E-31,4.44089209850064E-15,-1.));
#11890=VECTOR('',#11880,1.);
#11900=LINE('',#11870,#11890);
#11910=EDGE_CURVE('',#11820,#10930,#11900,.T.);
#11920=ORIENTED_EDGE('',*,*,#11910,.F.);
#11930=ORIENTED_EDGE('',*,*,#11160,.F.);
#11940=CARTESIAN_POINT('',(-1.017181,-2.030469,2.5));
#11950=DIRECTION('',(0.,0.,-1.));
#11960=VECTOR('',#11950,1.);
#11970=LINE('',#11940,#11960);
#11980=EDGE_CURVE('',#11840,#11090,#11970,.T.);
#11990=ORIENTED_EDGE('',*,*,#11980,.T.);
#12000=EDGE_LOOP('',(#11990,#11930,#11920,#11860));
#12010=FACE_OUTER_BOUND('',#12000,.T.);
#12020=ADVANCED_FACE('',(#12010),#11760,.F.);
#12030=CARTESIAN_POINT('',(1.182819,-0.657229038269148,18.9891723024965)
);
#12040=DIRECTION('',(-1.,0.,0.));
#12050=DIRECTION('',(0.,1.,0.));
#12060=AXIS2_PLACEMENT_3D('',#12030,#12040,#12050);
#12070=PLANE('',#12060);
#12080=CARTESIAN_POINT('',(1.182819,-1.930469,6.074));
#12090=DIRECTION('',(-1.22460635382238E-16,-1.,-1.77635683940025E-14));
#12100=VECTOR('',#12090,1.);
#12110=LINE('',#12080,#12100);
#12120=CARTESIAN_POINT('',(1.182819,-1.530469,6.074));
#12130=VERTEX_POINT('',#12120);
#12140=EDGE_CURVE('',#12130,#11820,#12110,.T.);
#12150=ORIENTED_EDGE('',*,*,#12140,.T.);
#12160=CARTESIAN_POINT('',(1.182819,-1.530469,5.625));
#12170=DIRECTION('',(0.,0.,1.));
#12180=VECTOR('',#12170,1.);
#12190=LINE('',#12160,#12180);
#12200=CARTESIAN_POINT('',(1.182819,-1.530469,6.426));
#12210=VERTEX_POINT('',#12200);
#12220=EDGE_CURVE('',#12130,#12210,#12190,.T.);
#12230=ORIENTED_EDGE('',*,*,#12220,.F.);
#12240=CARTESIAN_POINT('',(1.182819,-2.030469,6.426));
#12250=DIRECTION('',(1.22460635382238E-16,1.,0.));
#12260=VECTOR('',#12250,1.);
#12270=LINE('',#12240,#12260);
#12280=CARTESIAN_POINT('',(1.182819,-2.030469,6.426));
#12290=VERTEX_POINT('',#12280);
#12300=EDGE_CURVE('',#12290,#12210,#12270,.T.);
#12310=ORIENTED_EDGE('',*,*,#12300,.T.);
#12320=CARTESIAN_POINT('',(1.182819,-2.030469,6.526));
#12330=DIRECTION('',(5.43834468046348E-31,4.44089209850064E-15,-1.));
#12340=VECTOR('',#12330,1.);
#12350=LINE('',#12320,#12340);
#12360=CARTESIAN_POINT('',(1.182819,-2.030469,7.324));
#12370=VERTEX_POINT('',#12360);
#12380=EDGE_CURVE('',#12370,#12290,#12350,.T.);
#12390=ORIENTED_EDGE('',*,*,#12380,.T.);
#12400=CARTESIAN_POINT('',(1.182819,-2.030469,7.324));
#12410=DIRECTION('',(0.,1.,0.));
#12420=VECTOR('',#12410,1.);
#12430=LINE('',#12400,#12420);
#12440=CARTESIAN_POINT('',(1.182819,-1.530469,7.324));
#12450=VERTEX_POINT('',#12440);
#12460=EDGE_CURVE('',#12370,#12450,#12430,.T.);
#12470=ORIENTED_EDGE('',*,*,#12460,.F.);
#12480=CARTESIAN_POINT('',(1.182819,-1.530469,8.125));
#12490=DIRECTION('',(0.,0.,-1.));
#12500=VECTOR('',#12490,1.);
#12510=LINE('',#12480,#12500);
#12520=CARTESIAN_POINT('',(1.182819,-1.530469,7.676));
#12530=VERTEX_POINT('',#12520);
#12540=EDGE_CURVE('',#12530,#12450,#12510,.T.);
#12550=ORIENTED_EDGE('',*,*,#12540,.T.);
#12560=CARTESIAN_POINT('',(1.182819,-1.930469,7.676));
#12570=DIRECTION('',(0.,-1.,1.77635683940025E-14));
#12580=VECTOR('',#12570,1.);
#12590=LINE('',#12560,#12580);
#12600=CARTESIAN_POINT('',(1.182819,-2.030469,7.676));
#12610=VERTEX_POINT('',#12600);
#12620=EDGE_CURVE('',#12530,#12610,#12590,.T.);
#12630=ORIENTED_EDGE('',*,*,#12620,.F.);
#12640=CARTESIAN_POINT('',(1.182819,-2.030469,7.676));
#12650=DIRECTION('',(0.,0.,1.));
#12660=VECTOR('',#12650,1.);
#12670=LINE('',#12640,#12660);
#12680=CARTESIAN_POINT('',(1.182819,-2.030469,8.574));
#12690=VERTEX_POINT('',#12680);
#12700=EDGE_CURVE('',#12610,#12690,#12670,.T.);
#12710=ORIENTED_EDGE('',*,*,#12700,.F.);
#12720=CARTESIAN_POINT('',(1.182819,-4.44089209850063E-16,8.574));
#12730=DIRECTION('',(0.,1.,0.));
#12740=VECTOR('',#12730,1.);
#12750=LINE('',#12720,#12740);
#12760=CARTESIAN_POINT('',(1.182819,-1.530469,8.574));
#12770=VERTEX_POINT('',#12760);
#12780=EDGE_CURVE('',#12690,#12770,#12750,.T.);
#12790=ORIENTED_EDGE('',*,*,#12780,.F.);
#12800=CARTESIAN_POINT('',(1.182819,-1.530469,9.375));
#12810=DIRECTION('',(0.,0.,-1.));
#12820=VECTOR('',#12810,1.);
#12830=LINE('',#12800,#12820);
#12840=CARTESIAN_POINT('',(1.182819,-1.530469,8.926));
#12850=VERTEX_POINT('',#12840);
#12860=EDGE_CURVE('',#12850,#12770,#12830,.T.);
#12870=ORIENTED_EDGE('',*,*,#12860,.T.);
#12880=CARTESIAN_POINT('',(1.182819,-4.44089209850063E-16,8.926));
#12890=DIRECTION('',(0.,-1.,0.));
#12900=VECTOR('',#12890,1.);
#12910=LINE('',#12880,#12900);
#12920=CARTESIAN_POINT('',(1.182819,-2.030469,8.926));
#12930=VERTEX_POINT('',#12920);
#12940=EDGE_CURVE('',#12850,#12930,#12910,.T.);
#12950=ORIENTED_EDGE('',*,*,#12940,.F.);
#12960=CARTESIAN_POINT('',(1.182819,-2.030469,9.7));
#12970=DIRECTION('',(0.,0.,1.));
#12980=VECTOR('',#12970,1.);
#12990=LINE('',#12960,#12980);
#13000=CARTESIAN_POINT('',(1.182819,-2.030469,9.8));
#13010=VERTEX_POINT('',#13000);
#13020=EDGE_CURVE('',#12930,#13010,#12990,.T.);
#13030=ORIENTED_EDGE('',*,*,#13020,.F.);
#13040=CARTESIAN_POINT('',(1.182819,-2.030469,10.2));
#13050=VERTEX_POINT('',#13040);
#13060=EDGE_CURVE('',#13010,#13050,#12990,.T.);
#13070=ORIENTED_EDGE('',*,*,#13060,.F.);
#13080=CARTESIAN_POINT('',(1.182819,-4.44089209850063E-16,10.2));
#13090=DIRECTION('',(0.,1.,0.));
#13100=VECTOR('',#13090,1.);
#13110=LINE('',#13080,#13100);
#13120=CARTESIAN_POINT('',(1.182819,-1.330469,10.2));
#13130=VERTEX_POINT('',#13120);
#13140=EDGE_CURVE('',#13050,#13130,#13110,.T.);
#13150=ORIENTED_EDGE('',*,*,#13140,.F.);
#13160=CARTESIAN_POINT('',(1.182819,-1.330469,10.2));
#13170=DIRECTION('',(0.,0.,1.));
#13180=VECTOR('',#13170,1.);
#13190=LINE('',#13160,#13180);
#13200=CARTESIAN_POINT('',(1.182819,-1.330469,10.95));
#13210=VERTEX_POINT('',#13200);
#13220=EDGE_CURVE('',#13130,#13210,#13190,.T.);
#13230=ORIENTED_EDGE('',*,*,#13220,.F.);
#13240=CARTESIAN_POINT('',(1.182819,-4.44089209850063E-16,10.95));
#13250=DIRECTION('',(0.,1.,0.));
#13260=VECTOR('',#13250,1.);
#13270=LINE('',#13240,#13260);
#13280=CARTESIAN_POINT('',(1.182819,0.669531,10.95));
#13290=VERTEX_POINT('',#13280);
#13300=EDGE_CURVE('',#13210,#13290,#13270,.T.);
#13310=ORIENTED_EDGE('',*,*,#13300,.F.);
#13320=CARTESIAN_POINT('',(1.182819,0.669531,10.2));
#13330=DIRECTION('',(0.,0.,1.));
#13340=VECTOR('',#13330,1.);
#13350=LINE('',#13320,#13340);
#13360=CARTESIAN_POINT('',(1.182819,0.669531,10.7));
#13370=VERTEX_POINT('',#13360);
#13380=EDGE_CURVE('',#13370,#13290,#13350,.T.);
#13390=ORIENTED_EDGE('',*,*,#13380,.T.);
#13400=CARTESIAN_POINT('',(1.182819,1.469531,10.7));
#13410=DIRECTION('',(-1.83690953073357E-16,-1.,1.49966072182214E-32));
#13420=VECTOR('',#13410,1.);
#13430=LINE('',#13400,#13420);
#13440=CARTESIAN_POINT('',(1.182819,1.469531,10.7));
#13450=VERTEX_POINT('',#13440);
#13460=EDGE_CURVE('',#13450,#13370,#13430,.T.);
#13470=ORIENTED_EDGE('',*,*,#13460,.T.);
#13480=CARTESIAN_POINT('',(1.182819,1.469531,-4.375));
#13490=DIRECTION('',(-6.12303176911188E-17,-6.16297582203916E-33,-1.));
#13500=VECTOR('',#13490,1.);
#13510=LINE('',#13480,#13500);
#13520=CARTESIAN_POINT('',(1.182819,1.469531,10.6));
#13530=VERTEX_POINT('',#13520);
#13540=EDGE_CURVE('',#13450,#13530,#13510,.T.);
#13550=ORIENTED_EDGE('',*,*,#13540,.F.);
#13560=CARTESIAN_POINT('',(1.182819,-1.69340893358631E-16,10.6));
#13570=DIRECTION('',(-1.83690953073357E-16,-1.,8.83363139618221E-33));
#13580=VECTOR('',#13570,1.);
#13590=LINE('',#13560,#13580);
#13600=CARTESIAN_POINT('',(1.182819,0.669531,10.6));
#13610=VERTEX_POINT('',#13600);
#13620=EDGE_CURVE('',#13530,#13610,#13590,.T.);
#13630=ORIENTED_EDGE('',*,*,#13620,.F.);
#13640=CARTESIAN_POINT('',(1.182819,0.669531,10.2));
#13650=VERTEX_POINT('',#13640);
#13660=EDGE_CURVE('',#13650,#13610,#13350,.T.);
#13670=ORIENTED_EDGE('',*,*,#13660,.T.);
#13680=CARTESIAN_POINT('',(1.182819,2.769531,10.2));
#13690=VERTEX_POINT('',#13680);
#13700=EDGE_CURVE('',#13650,#13690,#13110,.T.);
#13710=ORIENTED_EDGE('',*,*,#13700,.F.);
#13720=CARTESIAN_POINT('',(1.182819,2.769531,8.125));
#13730=DIRECTION('',(0.,0.,-1.));
#13740=VECTOR('',#13730,1.);
#13750=LINE('',#13720,#13740);
#13760=CARTESIAN_POINT('',(1.182819,2.769531,1.05));
#13770=VERTEX_POINT('',#13760);
#13780=EDGE_CURVE('',#13690,#13770,#13750,.T.);
#13790=ORIENTED_EDGE('',*,*,#13780,.F.);
#13800=CARTESIAN_POINT('',(1.182819,1.44848766282183E-16,1.05));
#13810=DIRECTION('',(-1.22460635382238E-16,1.,0.));
#13820=VECTOR('',#13810,1.);
#13830=LINE('',#13800,#13820);
#13840=EDGE_CURVE('',#4960,#13770,#13830,.T.);
#13850=ORIENTED_EDGE('',*,*,#13840,.T.);
#13860=ORIENTED_EDGE('',*,*,#4990,.F.);
#13870=CARTESIAN_POINT('',(1.182819,-2.44921270764475E-17,
0.649999999999999));
#13880=DIRECTION('',(-6.12303176911189E-17,-1.,6.16297582203916E-33));
#13890=VECTOR('',#13880,1.);
#13900=LINE('',#13870,#13890);
#13910=CARTESIAN_POINT('',(1.182819,1.469531,0.649999999999999));
#13920=VERTEX_POINT('',#13910);
#13930=EDGE_CURVE('',#13920,#4980,#13900,.T.);
#13940=ORIENTED_EDGE('',*,*,#13930,.T.);
#13950=CARTESIAN_POINT('',(1.182819,1.469531,15.625));
#13960=DIRECTION('',(6.12303176911189E-17,-6.16297582203916E-33,1.));
#13970=VECTOR('',#13960,1.);
#13980=LINE('',#13950,#13970);
#13990=CARTESIAN_POINT('',(1.182819,1.469531,0.549999999999997));
#14000=VERTEX_POINT('',#13990);
#14010=EDGE_CURVE('',#14000,#13920,#13980,.T.);
#14020=ORIENTED_EDGE('',*,*,#14010,.T.);
#14030=CARTESIAN_POINT('',(1.182819,1.469531,0.549999999999997));
#14040=DIRECTION('',(-6.12303176911188E-17,-1.,0.));
#14050=VECTOR('',#14040,1.);
#14060=LINE('',#14030,#14050);
#14070=EDGE_CURVE('',#14000,#110,#14060,.T.);
#14080=ORIENTED_EDGE('',*,*,#14070,.F.);
#14090=ORIENTED_EDGE('',*,*,#140,.F.);
#14100=CARTESIAN_POINT('',(1.182819,1.44848766282183E-16,
0.300000000000002));
#14110=DIRECTION('',(-1.22460635382238E-16,1.,0.));
#14120=VECTOR('',#14110,1.);
#14130=LINE('',#14100,#14120);
#14140=EDGE_CURVE('',#1020,#130,#14130,.T.);
#14150=ORIENTED_EDGE('',*,*,#14140,.T.);
#14160=ORIENTED_EDGE('',*,*,#1030,.T.);
#14170=CARTESIAN_POINT('',(1.182819,-2.030469,1.05));
#14180=VERTEX_POINT('',#14170);
#14190=EDGE_CURVE('',#14180,#920,#13830,.T.);
#14200=ORIENTED_EDGE('',*,*,#14190,.T.);
#14210=CARTESIAN_POINT('',(1.182819,-2.030469,1.55));
#14220=DIRECTION('',(0.,0.,-1.));
#14230=VECTOR('',#14220,1.);
#14240=LINE('',#14210,#14230);
#14250=EDGE_CURVE('',#3030,#14180,#14240,.T.);
#14260=ORIENTED_EDGE('',*,*,#14250,.T.);
#14270=CARTESIAN_POINT('',(1.182819,-2.030469,2.324));
#14280=VERTEX_POINT('',#14270);
#14290=EDGE_CURVE('',#14280,#3030,#14240,.T.);
#14300=ORIENTED_EDGE('',*,*,#14290,.T.);
#14310=CARTESIAN_POINT('',(1.182819,1.44848766282183E-16,2.324));
#14320=DIRECTION('',(1.22460635382238E-16,-1.,0.));
#14330=VECTOR('',#14320,1.);
#14340=LINE('',#14310,#14330);
#14350=CARTESIAN_POINT('',(1.182819,-1.530469,2.324));
#14360=VERTEX_POINT('',#14350);
#14370=EDGE_CURVE('',#14360,#14280,#14340,.T.);
#14380=ORIENTED_EDGE('',*,*,#14370,.T.);
#14390=CARTESIAN_POINT('',(1.182819,-1.530469,1.875));
#14400=DIRECTION('',(0.,0.,1.));
#14410=VECTOR('',#14400,1.);
#14420=LINE('',#14390,#14410);
#14430=CARTESIAN_POINT('',(1.182819,-1.530469,2.676));
#14440=VERTEX_POINT('',#14430);
#14450=EDGE_CURVE('',#14360,#14440,#14420,.T.);
#14460=ORIENTED_EDGE('',*,*,#14450,.F.);
#14470=CARTESIAN_POINT('',(1.182819,1.44848766282183E-16,2.676));
#14480=DIRECTION('',(-1.22460635382238E-16,1.,0.));
#14490=VECTOR('',#14480,1.);
#14500=LINE('',#14470,#14490);
#14510=CARTESIAN_POINT('',(1.182819,-2.030469,2.676));
#14520=VERTEX_POINT('',#14510);
#14530=EDGE_CURVE('',#14520,#14440,#14500,.T.);
#14540=ORIENTED_EDGE('',*,*,#14530,.T.);
#14550=CARTESIAN_POINT('',(1.182819,-2.030469,3.574));
#14560=DIRECTION('',(0.,0.,-1.));
#14570=VECTOR('',#14560,1.);
#14580=LINE('',#14550,#14570);
#14590=EDGE_CURVE('',#1480,#14520,#14580,.T.);
#14600=ORIENTED_EDGE('',*,*,#14590,.T.);
#14610=ORIENTED_EDGE('',*,*,#1730,.T.);
#14620=CARTESIAN_POINT('',(1.182819,-1.530469,3.125));
#14630=DIRECTION('',(0.,0.,1.));
#14640=VECTOR('',#14630,1.);
#14650=LINE('',#14620,#14640);
#14660=CARTESIAN_POINT('',(1.182819,-1.530469,3.926));
#14670=VERTEX_POINT('',#14660);
#14680=EDGE_CURVE('',#1660,#14670,#14650,.T.);
#14690=ORIENTED_EDGE('',*,*,#14680,.F.);
#14700=CARTESIAN_POINT('',(1.182819,-2.030469,3.926));
#14710=DIRECTION('',(-1.22460635382238E-16,1.,0.));
#14720=VECTOR('',#14710,1.);
#14730=LINE('',#14700,#14720);
#14740=CARTESIAN_POINT('',(1.182819,-2.030469,3.926));
#14750=VERTEX_POINT('',#14740);
#14760=EDGE_CURVE('',#14750,#14670,#14730,.T.);
#14770=ORIENTED_EDGE('',*,*,#14760,.T.);
#14780=CARTESIAN_POINT('',(1.182819,-2.030469,4.724));
#14790=DIRECTION('',(0.,4.44089209850064E-15,1.));
#14800=VECTOR('',#14790,1.);
#14810=LINE('',#14780,#14800);
#14820=CARTESIAN_POINT('',(1.182819,-2.030469,4.824));
#14830=VERTEX_POINT('',#14820);
#14840=EDGE_CURVE('',#14750,#14830,#14810,.T.);
#14850=ORIENTED_EDGE('',*,*,#14840,.F.);
#14860=CARTESIAN_POINT('',(1.182819,-2.030469,4.824));
#14870=DIRECTION('',(0.,1.,0.));
#14880=VECTOR('',#14870,1.);
#14890=LINE('',#14860,#14880);
#14900=CARTESIAN_POINT('',(1.182819,-1.530469,4.824));
#14910=VERTEX_POINT('',#14900);
#14920=EDGE_CURVE('',#14830,#14910,#14890,.T.);
#14930=ORIENTED_EDGE('',*,*,#14920,.F.);
#14940=CARTESIAN_POINT('',(1.182819,-1.530469,5.625));
#14950=DIRECTION('',(0.,0.,-1.));
#14960=VECTOR('',#14950,1.);
#14970=LINE('',#14940,#14960);
#14980=EDGE_CURVE('',#10910,#14910,#14970,.T.);
#14990=ORIENTED_EDGE('',*,*,#14980,.T.);
#15000=ORIENTED_EDGE('',*,*,#10940,.F.);
#15010=ORIENTED_EDGE('',*,*,#11910,.T.);
#15020=EDGE_LOOP('',(#15010,#15000,#14990,#14930,#14850,#14770,#14690,
#14610,#14600,#14540,#14460,#14380,#14300,#14260,#14200,#14160,#14150,
#14090,#14080,#14020,#13940,#13860,#13850,#13790,#13710,#13670,#13630,
#13550,#13470,#13390,#13310,#13230,#13150,#13070,#13030,#12950,#12870,
#12790,#12710,#12630,#12550,#12470,#12390,#12310,#12230,#12150));
#15030=FACE_OUTER_BOUND('',#15020,.T.);
#15040=ADVANCED_FACE('',(#15030),#12070,.F.);
#15050=CARTESIAN_POINT('',(-4.1036834,1.869531,2.325));
#15060=DIRECTION('',(5.60976323348313E-18,-0.242535625036333,
0.970142500145332));
#15070=DIRECTION('',(-2.24390529339325E-17,0.970142500145332,
0.242535625036333));
#15080=AXIS2_PLACEMENT_3D('',#15050,#15060,#15070);
#15090=PLANE('',#15080);
#15100=ORIENTED_EDGE('',*,*,#10620,.T.);
#15110=ORIENTED_EDGE('',*,*,#10020,.T.);
#15120=ORIENTED_EDGE('',*,*,#3560,.F.);
#15130=ORIENTED_EDGE('',*,*,#11500,.T.);
#15140=EDGE_LOOP('',(#15130,#15120,#15110,#15100));
#15150=FACE_OUTER_BOUND('',#15140,.T.);
#15160=ADVANCED_FACE('',(#15150),#15090,.F.);
#15170=CARTESIAN_POINT('',(-1.017181,-2.030469,6.875));
#15180=DIRECTION('',(1.,0.,0.));
#15190=DIRECTION('',(0.,1.,0.));
#15200=AXIS2_PLACEMENT_3D('',#15170,#15180,#15190);
#15210=PLANE('',#15200);
#15220=CARTESIAN_POINT('',(-1.017181,-5.41569183216354E-16,6.074));
#15230=DIRECTION('',(-1.22460635382238E-16,-1.,0.));
#15240=VECTOR('',#15230,1.);
#15250=LINE('',#15220,#15240);
#15260=CARTESIAN_POINT('',(-1.017181,-1.530469,6.074));
#15270=VERTEX_POINT('',#15260);
#15280=EDGE_CURVE('',#15270,#11840,#15250,.T.);
#15290=ORIENTED_EDGE('',*,*,#15280,.F.);
#15300=ORIENTED_EDGE('',*,*,#11980,.F.);
#15310=ORIENTED_EDGE('',*,*,#11100,.T.);
#15320=CARTESIAN_POINT('',(-1.017181,-1.530469,0.625000000000004));
#15330=DIRECTION('',(0.,0.,-1.));
#15340=VECTOR('',#15330,1.);
#15350=LINE('',#15320,#15340);
#15360=EDGE_CURVE('',#15270,#11010,#15350,.T.);
#15370=ORIENTED_EDGE('',*,*,#15360,.T.);
#15380=EDGE_LOOP('',(#15370,#15310,#15300,#15290));
#15390=FACE_OUTER_BOUND('',#15380,.T.);
#15400=ADVANCED_FACE('',(#15390),#15210,.F.);
#15410=CARTESIAN_POINT('',(-1.84588285473123,-0.230469000000001,
19.3023953837185));
#15420=DIRECTION('',(0.,-1.,0.));
#15430=DIRECTION('',(-1.,0.,0.));
#15440=AXIS2_PLACEMENT_3D('',#15410,#15420,#15430);
#15450=PLANE('',#15440);
#15460=CARTESIAN_POINT('',(-1.66533453693773E-16,-0.230469000000001,9.7)
);
#15470=DIRECTION('',(1.,0.,0.));
#15480=VECTOR('',#15470,1.);
#15490=LINE('',#15460,#15480);
#15500=CARTESIAN_POINT('',(-1.567181,-0.230469000000001,9.7));
#15510=VERTEX_POINT('',#15500);
#15520=CARTESIAN_POINT('',(0.782818999999999,-0.230469000000001,9.7));
#15530=VERTEX_POINT('',#15520);
#15540=EDGE_CURVE('',#15510,#15530,#15490,.T.);
#15550=ORIENTED_EDGE('',*,*,#15540,.T.);
#15560=CARTESIAN_POINT('',(-1.567181,-0.230469000000001,8.125));
#15570=DIRECTION('',(0.,0.,-1.));
#15580=VECTOR('',#15570,1.);
#15590=LINE('',#15560,#15580);
#15600=CARTESIAN_POINT('',(-1.567181,-0.230469,1.55));
#15610=VERTEX_POINT('',#15600);
#15620=EDGE_CURVE('',#15510,#15610,#15590,.T.);
#15630=ORIENTED_EDGE('',*,*,#15620,.F.);
#15640=CARTESIAN_POINT('',(-1.38310073517865E-16,-0.230469,1.55));
#15650=DIRECTION('',(1.,1.22460635382238E-16,0.));
#15660=VECTOR('',#15650,1.);
#15670=LINE('',#15640,#15660);
#15680=CARTESIAN_POINT('',(0.782818999999999,-0.230469,1.55));
#15690=VERTEX_POINT('',#15680);
#15700=EDGE_CURVE('',#15610,#15690,#15670,.T.);
#15710=ORIENTED_EDGE('',*,*,#15700,.F.);
#15720=CARTESIAN_POINT('',(0.782819,-0.230469,9.2499976));
#15730=DIRECTION('',(0.,0.,1.));
#15740=VECTOR('',#15730,1.);
#15750=LINE('',#15720,#15740);
#15760=EDGE_CURVE('',#15690,#15530,#15750,.T.);
#15770=ORIENTED_EDGE('',*,*,#15760,.F.);
#15780=EDGE_LOOP('',(#15770,#15710,#15630,#15550));
#15790=FACE_OUTER_BOUND('',#15780,.T.);
#15800=ORIENTED_EDGE('',*,*,#6890,.F.);
#15810=ORIENTED_EDGE('',*,*,#7180,.T.);
#15820=ORIENTED_EDGE('',*,*,#6510,.T.);
#15830=ORIENTED_EDGE('',*,*,#7560,.T.);
#15840=EDGE_LOOP('',(#15830,#15820,#15810,#15800));
#15850=FACE_BOUND('',#15840,.T.);
#15860=ORIENTED_EDGE('',*,*,#3490,.F.);
#15870=ORIENTED_EDGE('',*,*,#11670,.T.);
#15880=ORIENTED_EDGE('',*,*,#5710,.T.);
#15890=ORIENTED_EDGE('',*,*,#2440,.T.);
#15900=EDGE_LOOP('',(#15890,#15880,#15870,#15860));
#15910=FACE_BOUND('',#15900,.T.);
#15920=ORIENTED_EDGE('',*,*,#8260,.F.);
#15930=ORIENTED_EDGE('',*,*,#8790,.T.);
#15940=ORIENTED_EDGE('',*,*,#8500,.T.);
#15950=ORIENTED_EDGE('',*,*,#6030,.T.);
#15960=EDGE_LOOP('',(#15950,#15940,#15930,#15920));
#15970=FACE_BOUND('',#15960,.T.);
#15980=CARTESIAN_POINT('',(0.,-0.230469000000001,7.675));
#15990=DIRECTION('',(-1.,0.,0.));
#16000=VECTOR('',#15990,1.);
#16010=LINE('',#15980,#16000);
#16020=CARTESIAN_POINT('',(0.147819,-0.230469000000001,7.675));
#16030=VERTEX_POINT('',#16020);
#16040=CARTESIAN_POINT('',(-0.202181,-0.230469000000001,7.675));
#16050=VERTEX_POINT('',#16040);
#16060=EDGE_CURVE('',#16030,#16050,#16010,.T.);
#16070=ORIENTED_EDGE('',*,*,#16060,.T.);
#16080=CARTESIAN_POINT('',(0.147819,-0.230469000000001,-3.125));
#16090=DIRECTION('',(0.,0.,1.));
#16100=VECTOR('',#16090,1.);
#16110=LINE('',#16080,#16100);
#16120=CARTESIAN_POINT('',(0.147819,-0.230469000000001,7.325));
#16130=VERTEX_POINT('',#16120);
#16140=EDGE_CURVE('',#16130,#16030,#16110,.T.);
#16150=ORIENTED_EDGE('',*,*,#16140,.T.);
#16160=CARTESIAN_POINT('',(0.,-0.230469000000001,7.325));
#16170=DIRECTION('',(-1.,0.,0.));
#16180=VECTOR('',#16170,1.);
#16190=LINE('',#16160,#16180);
#16200=CARTESIAN_POINT('',(-0.202181,-0.230469000000001,7.325));
#16210=VERTEX_POINT('',#16200);
#16220=EDGE_CURVE('',#16130,#16210,#16190,.T.);
#16230=ORIENTED_EDGE('',*,*,#16220,.F.);
#16240=CARTESIAN_POINT('',(-0.202181,-0.230469000000001,-3.125));
#16250=DIRECTION('',(0.,0.,-1.));
#16260=VECTOR('',#16250,1.);
#16270=LINE('',#16240,#16260);
#16280=EDGE_CURVE('',#16050,#16210,#16270,.T.);
#16290=ORIENTED_EDGE('',*,*,#16280,.T.);
#16300=EDGE_LOOP('',(#16290,#16230,#16150,#16070));
#16310=FACE_BOUND('',#16300,.T.);
#16320=CARTESIAN_POINT('',(0.,-0.230469000000001,8.575));
#16330=DIRECTION('',(-1.,0.,0.));
#16340=VECTOR('',#16330,1.);
#16350=LINE('',#16320,#16340);
#16360=CARTESIAN_POINT('',(0.147819,-0.230469000000001,8.575));
#16370=VERTEX_POINT('',#16360);
#16380=CARTESIAN_POINT('',(-0.202181,-0.230469000000001,8.575));
#16390=VERTEX_POINT('',#16380);
#16400=EDGE_CURVE('',#16370,#16390,#16350,.T.);
#16410=ORIENTED_EDGE('',*,*,#16400,.F.);
#16420=CARTESIAN_POINT('',(-0.202181,-0.230469000000001,-3.125));
#16430=DIRECTION('',(0.,0.,-1.));
#16440=VECTOR('',#16430,1.);
#16450=LINE('',#16420,#16440);
#16460=CARTESIAN_POINT('',(-0.202181,-0.230469000000001,8.925));
#16470=VERTEX_POINT('',#16460);
#16480=EDGE_CURVE('',#16470,#16390,#16450,.T.);
#16490=ORIENTED_EDGE('',*,*,#16480,.T.);
#16500=CARTESIAN_POINT('',(0.,-0.230469000000001,8.925));
#16510=DIRECTION('',(-1.,0.,0.));
#16520=VECTOR('',#16510,1.);
#16530=LINE('',#16500,#16520);
#16540=CARTESIAN_POINT('',(0.147819,-0.230469000000001,8.925));
#16550=VERTEX_POINT('',#16540);
#16560=EDGE_CURVE('',#16550,#16470,#16530,.T.);
#16570=ORIENTED_EDGE('',*,*,#16560,.T.);
#16580=CARTESIAN_POINT('',(0.147819,-0.230469000000001,-3.125));
#16590=DIRECTION('',(0.,0.,1.));
#16600=VECTOR('',#16590,1.);
#16610=LINE('',#16580,#16600);
#16620=EDGE_CURVE('',#16370,#16550,#16610,.T.);
#16630=ORIENTED_EDGE('',*,*,#16620,.T.);
#16640=EDGE_LOOP('',(#16630,#16570,#16490,#16410));
#16650=FACE_BOUND('',#16640,.T.);
#16660=CARTESIAN_POINT('',(0.,-0.230469000000001,6.075));
#16670=DIRECTION('',(-1.,0.,0.));
#16680=VECTOR('',#16670,1.);
#16690=LINE('',#16660,#16680);
#16700=CARTESIAN_POINT('',(0.147819,-0.230469000000001,6.075));
#16710=VERTEX_POINT('',#16700);
#16720=CARTESIAN_POINT('',(-0.202181,-0.230469000000001,6.075));
#16730=VERTEX_POINT('',#16720);
#16740=EDGE_CURVE('',#16710,#16730,#16690,.T.);
#16750=ORIENTED_EDGE('',*,*,#16740,.F.);
#16760=CARTESIAN_POINT('',(-0.202181,-0.230469000000001,-3.125));
#16770=DIRECTION('',(0.,0.,-1.));
#16780=VECTOR('',#16770,1.);
#16790=LINE('',#16760,#16780);
#16800=CARTESIAN_POINT('',(-0.202181,-0.230469000000001,6.425));
#16810=VERTEX_POINT('',#16800);
#16820=EDGE_CURVE('',#16810,#16730,#16790,.T.);
#16830=ORIENTED_EDGE('',*,*,#16820,.T.);
#16840=CARTESIAN_POINT('',(0.,-0.230469000000001,6.425));
#16850=DIRECTION('',(-1.,0.,0.));
#16860=VECTOR('',#16850,1.);
#16870=LINE('',#16840,#16860);
#16880=CARTESIAN_POINT('',(0.147819,-0.230469000000001,6.425));
#16890=VERTEX_POINT('',#16880);
#16900=EDGE_CURVE('',#16890,#16810,#16870,.T.);
#16910=ORIENTED_EDGE('',*,*,#16900,.T.);
#16920=CARTESIAN_POINT('',(0.147819,-0.230469000000001,-3.125));
#16930=DIRECTION('',(0.,0.,1.));
#16940=VECTOR('',#16930,1.);
#16950=LINE('',#16920,#16940);
#16960=EDGE_CURVE('',#16710,#16890,#16950,.T.);
#16970=ORIENTED_EDGE('',*,*,#16960,.T.);
#16980=EDGE_LOOP('',(#16970,#16910,#16830,#16750));
#16990=FACE_BOUND('',#16980,.T.);
#17000=ADVANCED_FACE('',(#15790,#15850,#15910,#15970,#16310,#16650,
#16990),#15450,.F.);
#17010=CARTESIAN_POINT('',(-0.427181,2.769531,10.2));
#17020=DIRECTION('',(-1.,2.34290668463256E-15,0.));
#17030=DIRECTION('',(2.34290668463256E-15,1.,0.));
#17040=AXIS2_PLACEMENT_3D('',#17010,#17020,#17030);
#17050=PLANE('',#17040);
#17060=CARTESIAN_POINT('',(-0.427181,-0.230469000000001,9.7));
#17070=DIRECTION('',(-8.32667268468867E-17,1.,0.));
#17080=VECTOR('',#17070,1.);
#17090=LINE('',#17060,#17080);
#17100=CARTESIAN_POINT('',(-0.427181,1.769531,9.7));
#17110=VERTEX_POINT('',#17100);
#17120=CARTESIAN_POINT('',(-0.427181,2.769531,9.7));
#17130=VERTEX_POINT('',#17120);
#17140=EDGE_CURVE('',#17110,#17130,#17090,.T.);
#17150=ORIENTED_EDGE('',*,*,#17140,.T.);
#17160=CARTESIAN_POINT('',(-0.427181,1.769531,9.7));
#17170=DIRECTION('',(0.,0.,1.));
#17180=VECTOR('',#17170,1.);
#17190=LINE('',#17160,#17180);
#17200=CARTESIAN_POINT('',(-0.427181,1.769531,10.2));
#17210=VERTEX_POINT('',#17200);
#17220=EDGE_CURVE('',#17110,#17210,#17190,.T.);
#17230=ORIENTED_EDGE('',*,*,#17220,.F.);
#17240=CARTESIAN_POINT('',(-0.427181000000001,2.669531,10.2));
#17250=DIRECTION('',(2.34290668463256E-15,1.,0.));
#17260=VECTOR('',#17250,1.);
#17270=LINE('',#17240,#17260);
#17280=CARTESIAN_POINT('',(-0.427181,2.769531,10.2));
#17290=VERTEX_POINT('',#17280);
#17300=EDGE_CURVE('',#17210,#17290,#17270,.T.);
#17310=ORIENTED_EDGE('',*,*,#17300,.F.);
#17320=CARTESIAN_POINT('',(-0.427181,2.769531,10.2));
#17330=DIRECTION('',(0.,0.,-1.));
#17340=VECTOR('',#17330,1.);
#17350=LINE('',#17320,#17340);
#17360=EDGE_CURVE('',#17290,#17130,#17350,.T.);
#17370=ORIENTED_EDGE('',*,*,#17360,.F.);
#17380=EDGE_LOOP('',(#17370,#17310,#17230,#17150));
#17390=FACE_OUTER_BOUND('',#17380,.T.);
#17400=ADVANCED_FACE('',(#17390),#17050,.F.);
#17410=CARTESIAN_POINT('',(-0.0251477347320566,-0.372053431461694,7.675)
);
#17420=DIRECTION('',(0.,0.,1.));
#17430=DIRECTION('',(1.,0.,0.));
#17440=AXIS2_PLACEMENT_3D('',#17410,#17420,#17430);
#17450=PLANE('',#17440);
#17460=CARTESIAN_POINT('',(0.147819,-0.372053431461694,7.675));
#17470=DIRECTION('',(-2.31296463463574E-17,1.,0.));
#17480=VECTOR('',#17470,1.);
#17490=LINE('',#17460,#17480);
#17500=CARTESIAN_POINT('',(0.147819,1.869531,7.675));
#17510=VERTEX_POINT('',#17500);
#17520=EDGE_CURVE('',#16030,#17510,#17490,.T.);
#17530=ORIENTED_EDGE('',*,*,#17520,.T.);
#17540=ORIENTED_EDGE('',*,*,#16060,.F.);
#17550=CARTESIAN_POINT('',(-0.202181,-0.372053431461694,7.675));
#17560=DIRECTION('',(3.70074341541719E-16,1.,0.));
#17570=VECTOR('',#17560,1.);
#17580=LINE('',#17550,#17570);
#17590=CARTESIAN_POINT('',(-0.202181,1.869531,7.675));
#17600=VERTEX_POINT('',#17590);
#17610=EDGE_CURVE('',#16050,#17600,#17580,.T.);
#17620=ORIENTED_EDGE('',*,*,#17610,.F.);
#17630=CARTESIAN_POINT('',(-0.0251477347320566,1.869531,7.675));
#17640=DIRECTION('',(-1.,-2.31296463463574E-17,0.));
#17650=VECTOR('',#17640,1.);
#17660=LINE('',#17630,#17650);
#17670=EDGE_CURVE('',#17510,#17600,#17660,.T.);
#17680=ORIENTED_EDGE('',*,*,#17670,.T.);
#17690=EDGE_LOOP('',(#17680,#17620,#17540,#17530));
#17700=FACE_OUTER_BOUND('',#17690,.T.);
#17710=ADVANCED_FACE('',(#17700),#17450,.T.);
#17720=CARTESIAN_POINT('',(0.0728189999999997,2.169531,7.325));
#17730=DIRECTION('',(0.970142500145332,0.242535625036333,0.));
#17740=DIRECTION('',(0.242535625036333,-0.970142500145332,0.));
#17750=AXIS2_PLACEMENT_3D('',#17720,#17730,#17740);
#17760=PLANE('',#17750);
#17770=CARTESIAN_POINT('',(0.147819,1.869531,7.325));
#17780=DIRECTION('',(0.,0.,-1.));
#17790=VECTOR('',#17780,1.);
#17800=LINE('',#17770,#17790);
#17810=CARTESIAN_POINT('',(0.147819,1.869531,7.325));
#17820=VERTEX_POINT('',#17810);
#17830=EDGE_CURVE('',#17510,#17820,#17800,.T.);
#17840=ORIENTED_EDGE('',*,*,#17830,.T.);
#17850=CARTESIAN_POINT('',(0.708215107865424,-0.372053431461694,
8.23539610786542));
#17860=DIRECTION('',(0.235702260395516,-0.942809041582063,
0.235702260395516));
#17870=VECTOR('',#17860,1.);
#17880=LINE('',#17850,#17870);
#17890=CARTESIAN_POINT('',(0.0728189999999998,2.169531,7.6));
#17900=VERTEX_POINT('',#17890);
#17910=EDGE_CURVE('',#17900,#17510,#17880,.T.);
#17920=ORIENTED_EDGE('',*,*,#17910,.T.);
#17930=CARTESIAN_POINT('',(0.0728189999999998,2.169531,7.325));
#17940=DIRECTION('',(0.,0.,1.));
#17950=VECTOR('',#17940,1.);
#17960=LINE('',#17930,#17950);
#17970=CARTESIAN_POINT('',(0.0728189999999996,2.169531,7.4));
#17980=VERTEX_POINT('',#17970);
#17990=EDGE_CURVE('',#17980,#17900,#17960,.T.);
#18000=ORIENTED_EDGE('',*,*,#17990,.T.);
#18010=CARTESIAN_POINT('',(0.708215107865424,-0.372053431461694,
6.76460389213458));
#18020=DIRECTION('',(0.235702260395516,-0.942809041582063,
-0.235702260395516));
#18030=VECTOR('',#18020,1.);
#18040=LINE('',#18010,#18030);
#18050=EDGE_CURVE('',#17980,#17820,#18040,.T.);
#18060=ORIENTED_EDGE('',*,*,#18050,.F.);
#18070=EDGE_LOOP('',(#18060,#18000,#17920,#17840));
#18080=FACE_OUTER_BOUND('',#18070,.T.);
#18090=ADVANCED_FACE('',(#18080),#17760,.T.);
#18100=CARTESIAN_POINT('',(-0.202181000000001,-1.680469,7.325));
#18110=DIRECTION('',(-1.,3.70074341541719E-16,0.));
#18120=DIRECTION('',(3.70074341541719E-16,1.,0.));
#18130=AXIS2_PLACEMENT_3D('',#18100,#18110,#18120);
#18140=PLANE('',#18130);
#18150=CARTESIAN_POINT('',(-0.202181,-0.372053431461694,7.325));
#18160=DIRECTION('',(3.70074341541719E-16,1.,0.));
#18170=VECTOR('',#18160,1.);
#18180=LINE('',#18150,#18170);
#18190=CARTESIAN_POINT('',(-0.202181,1.869531,7.325));
#18200=VERTEX_POINT('',#18190);
#18210=EDGE_CURVE('',#16210,#18200,#18180,.T.);
#18220=ORIENTED_EDGE('',*,*,#18210,.F.);
#18230=CARTESIAN_POINT('',(-0.202180999999999,1.869531,7.325));
#18240=DIRECTION('',(0.,0.,-1.));
#18250=VECTOR('',#18240,1.);
#18260=LINE('',#18230,#18250);
#18270=EDGE_CURVE('',#17600,#18200,#18260,.T.);
#18280=ORIENTED_EDGE('',*,*,#18270,.T.);
#18290=ORIENTED_EDGE('',*,*,#17610,.T.);
#18300=ORIENTED_EDGE('',*,*,#16280,.F.);
#18310=EDGE_LOOP('',(#18300,#18290,#18280,#18220));
#18320=FACE_OUTER_BOUND('',#18310,.T.);
#18330=ADVANCED_FACE('',(#18320),#18140,.T.);
#18340=CARTESIAN_POINT('',(-0.202181,1.869531,7.325));
#18350=DIRECTION('',(-0.970142500145332,0.242535625036333,0.));
#18360=DIRECTION('',(0.242535625036333,0.970142500145332,0.));
#18370=AXIS2_PLACEMENT_3D('',#18340,#18350,#18360);
#18380=PLANE('',#18370);
#18390=ORIENTED_EDGE('',*,*,#18270,.F.);
#18400=CARTESIAN_POINT('',(-0.762577107865425,-0.372053431461694,
6.76460389213458));
#18410=DIRECTION('',(0.235702260395516,0.942809041582063,
0.235702260395516));
#18420=VECTOR('',#18410,1.);
#18430=LINE('',#18400,#18420);
#18440=CARTESIAN_POINT('',(-0.127180999999999,2.169531,7.4));
#18450=VERTEX_POINT('',#18440);
#18460=EDGE_CURVE('',#18200,#18450,#18430,.T.);
#18470=ORIENTED_EDGE('',*,*,#18460,.F.);
#18480=CARTESIAN_POINT('',(-0.127180999999999,2.169531,7.325));
#18490=DIRECTION('',(0.,0.,-1.));
#18500=VECTOR('',#18490,1.);
#18510=LINE('',#18480,#18500);
#18520=CARTESIAN_POINT('',(-0.127180999999999,2.169531,7.6));
#18530=VERTEX_POINT('',#18520);
#18540=EDGE_CURVE('',#18530,#18450,#18510,.T.);
#18550=ORIENTED_EDGE('',*,*,#18540,.T.);
#18560=CARTESIAN_POINT('',(-0.762577107865425,-0.372053431461694,
8.23539610786542));
#18570=DIRECTION('',(0.235702260395516,0.942809041582063,
-0.235702260395516));
#18580=VECTOR('',#18570,1.);
#18590=LINE('',#18560,#18580);
#18600=EDGE_CURVE('',#17600,#18530,#18590,.T.);
#18610=ORIENTED_EDGE('',*,*,#18600,.T.);
#18620=EDGE_LOOP('',(#18610,#18550,#18470,#18390));
#18630=FACE_OUTER_BOUND('',#18620,.T.);
#18640=ADVANCED_FACE('',(#18630),#18380,.T.);
#18650=CARTESIAN_POINT('',(-4.1036834,2.169531,7.6));
#18660=DIRECTION('',(5.60976323348313E-18,-0.242535625036333,
-0.970142500145332));
#18670=DIRECTION('',(2.24390529339325E-17,-0.970142500145332,
0.242535625036333));
#18680=AXIS2_PLACEMENT_3D('',#18650,#18660,#18670);
#18690=PLANE('',#18680);
#18700=CARTESIAN_POINT('',(-0.0251477347320566,2.169531,7.6));
#18710=DIRECTION('',(1.,0.,5.78241158658935E-18));
#18720=VECTOR('',#18710,1.);
#18730=LINE('',#18700,#18720);
#18740=EDGE_CURVE('',#18530,#17900,#18730,.T.);
#18750=ORIENTED_EDGE('',*,*,#18740,.F.);
#18760=ORIENTED_EDGE('',*,*,#17910,.F.);
#18770=ORIENTED_EDGE('',*,*,#17670,.F.);
#18780=ORIENTED_EDGE('',*,*,#18600,.F.);
#18790=EDGE_LOOP('',(#18780,#18770,#18760,#18750));
#18800=FACE_OUTER_BOUND('',#18790,.T.);
#18810=ADVANCED_FACE('',(#18800),#18690,.F.);
#18820=CARTESIAN_POINT('',(-0.127180999999999,2.169531,7.325));
#18830=DIRECTION('',(0.,1.,0.));
#18840=DIRECTION('',(1.,0.,0.));
#18850=AXIS2_PLACEMENT_3D('',#18820,#18830,#18840);
#18860=PLANE('',#18850);
#18870=ORIENTED_EDGE('',*,*,#18540,.F.);
#18880=CARTESIAN_POINT('',(-0.0251477347320566,2.169531,7.4));
#18890=DIRECTION('',(1.,0.,-5.78241158658935E-18));
#18900=VECTOR('',#18890,1.);
#18910=LINE('',#18880,#18900);
#18920=EDGE_CURVE('',#18450,#17980,#18910,.T.);
#18930=ORIENTED_EDGE('',*,*,#18920,.F.);
#18940=ORIENTED_EDGE('',*,*,#17990,.F.);
#18950=ORIENTED_EDGE('',*,*,#18740,.T.);
#18960=EDGE_LOOP('',(#18950,#18940,#18930,#18870));
#18970=FACE_OUTER_BOUND('',#18960,.T.);
#18980=ADVANCED_FACE('',(#18970),#18860,.T.);
#18990=CARTESIAN_POINT('',(-0.0251477347320566,-0.372053431461694,7.325)
);
#19000=DIRECTION('',(0.,0.,1.));
#19010=DIRECTION('',(1.,0.,0.));
#19020=AXIS2_PLACEMENT_3D('',#18990,#19000,#19010);
#19030=PLANE('',#19020);
#19040=ORIENTED_EDGE('',*,*,#18210,.T.);
#19050=ORIENTED_EDGE('',*,*,#16220,.T.);
#19060=CARTESIAN_POINT('',(0.147819,-0.372053431461694,7.325));
#19070=DIRECTION('',(-2.31296463463574E-17,1.,0.));
#19080=VECTOR('',#19070,1.);
#19090=LINE('',#19060,#19080);
#19100=EDGE_CURVE('',#16130,#17820,#19090,.T.);
#19110=ORIENTED_EDGE('',*,*,#19100,.F.);
#19120=CARTESIAN_POINT('',(-0.0251477347320566,1.869531,7.325));
#19130=DIRECTION('',(1.,2.31296463463574E-17,0.));
#19140=VECTOR('',#19130,1.);
#19150=LINE('',#19120,#19140);
#19160=EDGE_CURVE('',#18200,#17820,#19150,.T.);
#19170=ORIENTED_EDGE('',*,*,#19160,.T.);
#19180=EDGE_LOOP('',(#19170,#19110,#19050,#19040));
#19190=FACE_OUTER_BOUND('',#19180,.T.);
#19200=ADVANCED_FACE('',(#19190),#19030,.F.);
#19210=CARTESIAN_POINT('',(-4.1036834,1.869531,7.325));
#19220=DIRECTION('',(5.60976323348313E-18,-0.242535625036333,
0.970142500145332));
#19230=DIRECTION('',(-2.24390529339325E-17,0.970142500145332,
0.242535625036333));
#19240=AXIS2_PLACEMENT_3D('',#19210,#19220,#19230);
#19250=PLANE('',#19240);
#19260=ORIENTED_EDGE('',*,*,#18920,.T.);
#19270=ORIENTED_EDGE('',*,*,#18460,.T.);
#19280=ORIENTED_EDGE('',*,*,#19160,.F.);
#19290=ORIENTED_EDGE('',*,*,#18050,.T.);
#19300=EDGE_LOOP('',(#19290,#19280,#19270,#19260));
#19310=FACE_OUTER_BOUND('',#19300,.T.);
#19320=ADVANCED_FACE('',(#19310),#19250,.F.);
#19330=CARTESIAN_POINT('',(0.147819,1.769531,7.325));
#19340=DIRECTION('',(1.,2.31296463463574E-17,0.));
#19350=DIRECTION('',(2.31296463463574E-17,-1.,0.));
#19360=AXIS2_PLACEMENT_3D('',#19330,#19340,#19350);
#19370=PLANE('',#19360);
#19380=ORIENTED_EDGE('',*,*,#16140,.F.);
#19390=ORIENTED_EDGE('',*,*,#17520,.F.);
#19400=ORIENTED_EDGE('',*,*,#17830,.F.);
#19410=ORIENTED_EDGE('',*,*,#19100,.T.);
#19420=EDGE_LOOP('',(#19410,#19400,#19390,#19380));
#19430=FACE_OUTER_BOUND('',#19420,.T.);
#19440=ADVANCED_FACE('',(#19430),#19370,.T.);
#19450=CARTESIAN_POINT('',(0.147819,1.769531,8.575));
#19460=DIRECTION('',(1.,2.31296463463574E-17,0.));
#19470=DIRECTION('',(2.31296463463574E-17,-1.,0.));
#19480=AXIS2_PLACEMENT_3D('',#19450,#19460,#19470);
#19490=PLANE('',#19480);
#19500=ORIENTED_EDGE('',*,*,#16620,.F.);
#19510=CARTESIAN_POINT('',(0.147819,-0.372053431461694,8.925));
#19520=DIRECTION('',(-2.31296463463574E-17,1.,0.));
#19530=VECTOR('',#19520,1.);
#19540=LINE('',#19510,#19530);
#19550=CARTESIAN_POINT('',(0.147819,1.869531,8.925));
#19560=VERTEX_POINT('',#19550);
#19570=EDGE_CURVE('',#16550,#19560,#19540,.T.);
#19580=ORIENTED_EDGE('',*,*,#19570,.F.);
#19590=CARTESIAN_POINT('',(0.147819,1.869531,8.575));
#19600=DIRECTION('',(0.,0.,-1.));
#19610=VECTOR('',#19600,1.);
#19620=LINE('',#19590,#19610);
#19630=CARTESIAN_POINT('',(0.147819,1.869531,8.575));
#19640=VERTEX_POINT('',#19630);
#19650=EDGE_CURVE('',#19560,#19640,#19620,.T.);
#19660=ORIENTED_EDGE('',*,*,#19650,.F.);
#19670=CARTESIAN_POINT('',(0.147819,-0.372053431461694,8.575));
#19680=DIRECTION('',(-2.31296463463574E-17,1.,0.));
#19690=VECTOR('',#19680,1.);
#19700=LINE('',#19670,#19690);
#19710=EDGE_CURVE('',#16370,#19640,#19700,.T.);
#19720=ORIENTED_EDGE('',*,*,#19710,.T.);
#19730=EDGE_LOOP('',(#19720,#19660,#19580,#19500));
#19740=FACE_OUTER_BOUND('',#19730,.T.);
#19750=ADVANCED_FACE('',(#19740),#19490,.T.);
#19760=CARTESIAN_POINT('',(-4.1036834,1.869531,8.575));
#19770=DIRECTION('',(5.60976323348313E-18,-0.242535625036333,
0.970142500145332));
#19780=DIRECTION('',(-2.24390529339325E-17,0.970142500145332,
0.242535625036333));
#19790=AXIS2_PLACEMENT_3D('',#19760,#19770,#19780);
#19800=PLANE('',#19790);
#19810=CARTESIAN_POINT('',(-0.0251477347320566,2.169531,8.65));
#19820=DIRECTION('',(1.,0.,-5.78241158658935E-18));
#19830=VECTOR('',#19820,1.);
#19840=LINE('',#19810,#19830);
#19850=CARTESIAN_POINT('',(-0.127180999999999,2.169531,8.65));
#19860=VERTEX_POINT('',#19850);
#19870=CARTESIAN_POINT('',(0.0728189999999996,2.169531,8.65));
#19880=VERTEX_POINT('',#19870);
#19890=EDGE_CURVE('',#19860,#19880,#19840,.T.);
#19900=ORIENTED_EDGE('',*,*,#19890,.T.);
#19910=CARTESIAN_POINT('',(-0.762577107865425,-0.372053431461694,
8.01460389213458));
#19920=DIRECTION('',(0.235702260395516,0.942809041582063,
0.235702260395516));
#19930=VECTOR('',#19920,1.);
#19940=LINE('',#19910,#19930);
#19950=CARTESIAN_POINT('',(-0.202181,1.869531,8.575));
#19960=VERTEX_POINT('',#19950);
#19970=EDGE_CURVE('',#19960,#19860,#19940,.T.);
#19980=ORIENTED_EDGE('',*,*,#19970,.T.);
#19990=CARTESIAN_POINT('',(-0.0251477347320566,1.869531,8.575));
#20000=DIRECTION('',(1.,2.31296463463574E-17,0.));
#20010=VECTOR('',#20000,1.);
#20020=LINE('',#19990,#20010);
#20030=EDGE_CURVE('',#19960,#19640,#20020,.T.);
#20040=ORIENTED_EDGE('',*,*,#20030,.F.);
#20050=CARTESIAN_POINT('',(0.708215107865424,-0.372053431461694,
8.01460389213458));
#20060=DIRECTION('',(0.235702260395516,-0.942809041582063,
-0.235702260395516));
#20070=VECTOR('',#20060,1.);
#20080=LINE('',#20050,#20070);
#20090=EDGE_CURVE('',#19880,#19640,#20080,.T.);
#20100=ORIENTED_EDGE('',*,*,#20090,.T.);
#20110=EDGE_LOOP('',(#20100,#20040,#19980,#19900));
#20120=FACE_OUTER_BOUND('',#20110,.T.);
#20130=ADVANCED_FACE('',(#20120),#19800,.F.);
#20140=CARTESIAN_POINT('',(-0.127180999999999,2.169531,8.575));
#20150=DIRECTION('',(0.,1.,0.));
#20160=DIRECTION('',(1.,0.,0.));
#20170=AXIS2_PLACEMENT_3D('',#20140,#20150,#20160);
#20180=PLANE('',#20170);
#20190=CARTESIAN_POINT('',(-0.127180999999999,2.169531,8.575));
#20200=DIRECTION('',(0.,0.,-1.));
#20210=VECTOR('',#20200,1.);
#20220=LINE('',#20190,#20210);
#20230=CARTESIAN_POINT('',(-0.127180999999999,2.169531,8.85));
#20240=VERTEX_POINT('',#20230);
#20250=EDGE_CURVE('',#20240,#19860,#20220,.T.);
#20260=ORIENTED_EDGE('',*,*,#20250,.F.);
#20270=ORIENTED_EDGE('',*,*,#19890,.F.);
#20280=CARTESIAN_POINT('',(0.0728189999999998,2.169531,8.575));
#20290=DIRECTION('',(0.,0.,1.));
#20300=VECTOR('',#20290,1.);
#20310=LINE('',#20280,#20300);
#20320=CARTESIAN_POINT('',(0.0728189999999998,2.169531,8.85));
#20330=VERTEX_POINT('',#20320);
#20340=EDGE_CURVE('',#19880,#20330,#20310,.T.);
#20350=ORIENTED_EDGE('',*,*,#20340,.F.);
#20360=CARTESIAN_POINT('',(-0.0251477347320566,2.169531,8.85));
#20370=DIRECTION('',(1.,0.,5.78241158658935E-18));
#20380=VECTOR('',#20370,1.);
#20390=LINE('',#20360,#20380);
#20400=EDGE_CURVE('',#20240,#20330,#20390,.T.);
#20410=ORIENTED_EDGE('',*,*,#20400,.T.);
#20420=EDGE_LOOP('',(#20410,#20350,#20270,#20260));
#20430=FACE_OUTER_BOUND('',#20420,.T.);
#20440=ADVANCED_FACE('',(#20430),#20180,.T.);
#20450=CARTESIAN_POINT('',(0.0728189999999997,2.169531,8.575));
#20460=DIRECTION('',(0.970142500145332,0.242535625036333,0.));
#20470=DIRECTION('',(0.242535625036333,-0.970142500145332,0.));
#20480=AXIS2_PLACEMENT_3D('',#20450,#20460,#20470);
#20490=PLANE('',#20480);
#20500=ORIENTED_EDGE('',*,*,#19650,.T.);
#20510=CARTESIAN_POINT('',(0.708215107865424,-0.372053431461694,
9.48539610786542));
#20520=DIRECTION('',(0.235702260395516,-0.942809041582063,
0.235702260395516));
#20530=VECTOR('',#20520,1.);
#20540=LINE('',#20510,#20530);
#20550=EDGE_CURVE('',#20330,#19560,#20540,.T.);
#20560=ORIENTED_EDGE('',*,*,#20550,.T.);
#20570=ORIENTED_EDGE('',*,*,#20340,.T.);
#20580=ORIENTED_EDGE('',*,*,#20090,.F.);
#20590=EDGE_LOOP('',(#20580,#20570,#20560,#20500));
#20600=FACE_OUTER_BOUND('',#20590,.T.);
#20610=ADVANCED_FACE('',(#20600),#20490,.T.);
#20620=CARTESIAN_POINT('',(-4.1036834,2.169531,8.85));
#20630=DIRECTION('',(5.60976323348313E-18,-0.242535625036333,
-0.970142500145332));
#20640=DIRECTION('',(2.24390529339325E-17,-0.970142500145332,
0.242535625036333));
#20650=AXIS2_PLACEMENT_3D('',#20620,#20630,#20640);
#20660=PLANE('',#20650);
#20670=ORIENTED_EDGE('',*,*,#20400,.F.);
#20680=ORIENTED_EDGE('',*,*,#20550,.F.);
#20690=CARTESIAN_POINT('',(-0.0251477347320566,1.869531,8.925));
#20700=DIRECTION('',(-1.,-2.31296463463574E-17,0.));
#20710=VECTOR('',#20700,1.);
#20720=LINE('',#20690,#20710);
#20730=CARTESIAN_POINT('',(-0.202181,1.869531,8.925));
#20740=VERTEX_POINT('',#20730);
#20750=EDGE_CURVE('',#19560,#20740,#20720,.T.);
#20760=ORIENTED_EDGE('',*,*,#20750,.F.);
#20770=CARTESIAN_POINT('',(-0.762577107865425,-0.372053431461694,
9.48539610786542));
#20780=DIRECTION('',(0.235702260395516,0.942809041582063,
-0.235702260395516));
#20790=VECTOR('',#20780,1.);
#20800=LINE('',#20770,#20790);
#20810=EDGE_CURVE('',#20740,#20240,#20800,.T.);
#20820=ORIENTED_EDGE('',*,*,#20810,.F.);
#20830=EDGE_LOOP('',(#20820,#20760,#20680,#20670));
#20840=FACE_OUTER_BOUND('',#20830,.T.);
#20850=ADVANCED_FACE('',(#20840),#20660,.F.);
#20860=CARTESIAN_POINT('',(-0.202181000000001,-1.680469,8.575));
#20870=DIRECTION('',(-1.,3.70074341541719E-16,0.));
#20880=DIRECTION('',(3.70074341541719E-16,1.,0.));
#20890=AXIS2_PLACEMENT_3D('',#20860,#20870,#20880);
#20900=PLANE('',#20890);
#20910=CARTESIAN_POINT('',(-0.202181,-0.372053431461694,8.575));
#20920=DIRECTION('',(3.70074341541719E-16,1.,0.));
#20930=VECTOR('',#20920,1.);
#20940=LINE('',#20910,#20930);
#20950=EDGE_CURVE('',#16390,#19960,#20940,.T.);
#20960=ORIENTED_EDGE('',*,*,#20950,.F.);
#20970=CARTESIAN_POINT('',(-0.202180999999999,1.869531,8.575));
#20980=DIRECTION('',(0.,0.,-1.));
#20990=VECTOR('',#20980,1.);
#21000=LINE('',#20970,#20990);
#21010=EDGE_CURVE('',#20740,#19960,#21000,.T.);
#21020=ORIENTED_EDGE('',*,*,#21010,.T.);
#21030=CARTESIAN_POINT('',(-0.202181,-0.372053431461694,8.925));
#21040=DIRECTION('',(3.70074341541719E-16,1.,0.));
#21050=VECTOR('',#21040,1.);
#21060=LINE('',#21030,#21050);
#21070=EDGE_CURVE('',#16470,#20740,#21060,.T.);
#21080=ORIENTED_EDGE('',*,*,#21070,.T.);
#21090=ORIENTED_EDGE('',*,*,#16480,.F.);
#21100=EDGE_LOOP('',(#21090,#21080,#21020,#20960));
#21110=FACE_OUTER_BOUND('',#21100,.T.);
#21120=ADVANCED_FACE('',(#21110),#20900,.T.);
#21130=CARTESIAN_POINT('',(-0.202181,1.869531,8.575));
#21140=DIRECTION('',(-0.970142500145332,0.242535625036333,0.));
#21150=DIRECTION('',(0.242535625036333,0.970142500145332,0.));
#21160=AXIS2_PLACEMENT_3D('',#21130,#21140,#21150);
#21170=PLANE('',#21160);
#21180=ORIENTED_EDGE('',*,*,#21010,.F.);
#21190=ORIENTED_EDGE('',*,*,#19970,.F.);
#21200=ORIENTED_EDGE('',*,*,#20250,.T.);
#21210=ORIENTED_EDGE('',*,*,#20810,.T.);
#21220=EDGE_LOOP('',(#21210,#21200,#21190,#21180));
#21230=FACE_OUTER_BOUND('',#21220,.T.);
#21240=ADVANCED_FACE('',(#21230),#21170,.T.);
#21250=CARTESIAN_POINT('',(-0.0251477347320566,-0.372053431461694,8.575)
);
#21260=DIRECTION('',(0.,0.,1.));
#21270=DIRECTION('',(1.,0.,0.));
#21280=AXIS2_PLACEMENT_3D('',#21250,#21260,#21270);
#21290=PLANE('',#21280);
#21300=ORIENTED_EDGE('',*,*,#20950,.T.);
#21310=ORIENTED_EDGE('',*,*,#16400,.T.);
#21320=ORIENTED_EDGE('',*,*,#19710,.F.);
#21330=ORIENTED_EDGE('',*,*,#20030,.T.);
#21340=EDGE_LOOP('',(#21330,#21320,#21310,#21300));
#21350=FACE_OUTER_BOUND('',#21340,.T.);
#21360=ADVANCED_FACE('',(#21350),#21290,.F.);
#21370=CARTESIAN_POINT('',(-0.0251477347320566,-0.372053431461694,8.925)
);
#21380=DIRECTION('',(0.,0.,1.));
#21390=DIRECTION('',(1.,0.,0.));
#21400=AXIS2_PLACEMENT_3D('',#21370,#21380,#21390);
#21410=PLANE('',#21400);
#21420=ORIENTED_EDGE('',*,*,#19570,.T.);
#21430=ORIENTED_EDGE('',*,*,#16560,.F.);
#21440=ORIENTED_EDGE('',*,*,#21070,.F.);
#21450=ORIENTED_EDGE('',*,*,#20750,.T.);
#21460=EDGE_LOOP('',(#21450,#21440,#21430,#21420));
#21470=FACE_OUTER_BOUND('',#21460,.T.);
#21480=ADVANCED_FACE('',(#21470),#21410,.T.);
#21490=CARTESIAN_POINT('',(0.147819,1.769531,6.075));
#21500=DIRECTION('',(1.,2.31296463463574E-17,0.));
#21510=DIRECTION('',(2.31296463463574E-17,-1.,0.));
#21520=AXIS2_PLACEMENT_3D('',#21490,#21500,#21510);
#21530=PLANE('',#21520);
#21540=ORIENTED_EDGE('',*,*,#16960,.F.);
#21550=CARTESIAN_POINT('',(0.147819,-0.372053431461694,6.425));
#21560=DIRECTION('',(-2.31296463463574E-17,1.,0.));
#21570=VECTOR('',#21560,1.);
#21580=LINE('',#21550,#21570);
#21590=CARTESIAN_POINT('',(0.147819,1.869531,6.425));
#21600=VERTEX_POINT('',#21590);
#21610=EDGE_CURVE('',#16890,#21600,#21580,.T.);
#21620=ORIENTED_EDGE('',*,*,#21610,.F.);
#21630=CARTESIAN_POINT('',(0.147819,1.869531,6.075));
#21640=DIRECTION('',(0.,0.,-1.));
#21650=VECTOR('',#21640,1.);
#21660=LINE('',#21630,#21650);
#21670=CARTESIAN_POINT('',(0.147819,1.869531,6.075));
#21680=VERTEX_POINT('',#21670);
#21690=EDGE_CURVE('',#21600,#21680,#21660,.T.);
#21700=ORIENTED_EDGE('',*,*,#21690,.F.);
#21710=CARTESIAN_POINT('',(0.147819,-0.372053431461694,6.075));
#21720=DIRECTION('',(-2.31296463463574E-17,1.,0.));
#21730=VECTOR('',#21720,1.);
#21740=LINE('',#21710,#21730);
#21750=EDGE_CURVE('',#16710,#21680,#21740,.T.);
#21760=ORIENTED_EDGE('',*,*,#21750,.T.);
#21770=EDGE_LOOP('',(#21760,#21700,#21620,#21540));
#21780=FACE_OUTER_BOUND('',#21770,.T.);
#21790=ADVANCED_FACE('',(#21780),#21530,.T.);
#21800=CARTESIAN_POINT('',(-4.1036834,1.869531,6.075));
#21810=DIRECTION('',(5.60976323348313E-18,-0.242535625036333,
0.970142500145332));
#21820=DIRECTION('',(-2.24390529339325E-17,0.970142500145332,
0.242535625036333));
#21830=AXIS2_PLACEMENT_3D('',#21800,#21810,#21820);
#21840=PLANE('',#21830);
#21850=CARTESIAN_POINT('',(-0.0251477347320566,2.169531,6.15));
#21860=DIRECTION('',(1.,0.,-5.78241158658935E-18));
#21870=VECTOR('',#21860,1.);
#21880=LINE('',#21850,#21870);
#21890=CARTESIAN_POINT('',(-0.127180999999999,2.169531,6.15));
#21900=VERTEX_POINT('',#21890);
#21910=CARTESIAN_POINT('',(0.0728189999999996,2.169531,6.15));
#21920=VERTEX_POINT('',#21910);
#21930=EDGE_CURVE('',#21900,#21920,#21880,.T.);
#21940=ORIENTED_EDGE('',*,*,#21930,.T.);
#21950=CARTESIAN_POINT('',(-0.762577107865425,-0.372053431461694,
5.51460389213458));
#21960=DIRECTION('',(0.235702260395516,0.942809041582063,
0.235702260395516));
#21970=VECTOR('',#21960,1.);
#21980=LINE('',#21950,#21970);
#21990=CARTESIAN_POINT('',(-0.202181,1.869531,6.075));
#22000=VERTEX_POINT('',#21990);
#22010=EDGE_CURVE('',#22000,#21900,#21980,.T.);
#22020=ORIENTED_EDGE('',*,*,#22010,.T.);
#22030=CARTESIAN_POINT('',(-0.0251477347320566,1.869531,6.075));
#22040=DIRECTION('',(1.,2.31296463463574E-17,0.));
#22050=VECTOR('',#22040,1.);
#22060=LINE('',#22030,#22050);
#22070=EDGE_CURVE('',#22000,#21680,#22060,.T.);
#22080=ORIENTED_EDGE('',*,*,#22070,.F.);
#22090=CARTESIAN_POINT('',(0.708215107865424,-0.372053431461694,
5.51460389213458));
#22100=DIRECTION('',(0.235702260395516,-0.942809041582063,
-0.235702260395516));
#22110=VECTOR('',#22100,1.);
#22120=LINE('',#22090,#22110);
#22130=EDGE_CURVE('',#21920,#21680,#22120,.T.);
#22140=ORIENTED_EDGE('',*,*,#22130,.T.);
#22150=EDGE_LOOP('',(#22140,#22080,#22020,#21940));
#22160=FACE_OUTER_BOUND('',#22150,.T.);
#22170=ADVANCED_FACE('',(#22160),#21840,.F.);
#22180=CARTESIAN_POINT('',(-0.127180999999999,2.169531,6.075));
#22190=DIRECTION('',(0.,1.,0.));
#22200=DIRECTION('',(1.,0.,0.));
#22210=AXIS2_PLACEMENT_3D('',#22180,#22190,#22200);
#22220=PLANE('',#22210);
#22230=CARTESIAN_POINT('',(-0.127180999999999,2.169531,6.075));
#22240=DIRECTION('',(0.,0.,-1.));
#22250=VECTOR('',#22240,1.);
#22260=LINE('',#22230,#22250);
#22270=CARTESIAN_POINT('',(-0.127180999999999,2.169531,6.35));
#22280=VERTEX_POINT('',#22270);
#22290=EDGE_CURVE('',#22280,#21900,#22260,.T.);
#22300=ORIENTED_EDGE('',*,*,#22290,.F.);
#22310=ORIENTED_EDGE('',*,*,#21930,.F.);
#22320=CARTESIAN_POINT('',(0.0728189999999998,2.169531,6.075));
#22330=DIRECTION('',(0.,0.,1.));
#22340=VECTOR('',#22330,1.);
#22350=LINE('',#22320,#22340);
#22360=CARTESIAN_POINT('',(0.0728189999999998,2.169531,6.35));
#22370=VERTEX_POINT('',#22360);
#22380=EDGE_CURVE('',#21920,#22370,#22350,.T.);
#22390=ORIENTED_EDGE('',*,*,#22380,.F.);
#22400=CARTESIAN_POINT('',(-0.0251477347320566,2.169531,6.35));
#22410=DIRECTION('',(1.,0.,5.78241158658935E-18));
#22420=VECTOR('',#22410,1.);
#22430=LINE('',#22400,#22420);
#22440=EDGE_CURVE('',#22280,#22370,#22430,.T.);
#22450=ORIENTED_EDGE('',*,*,#22440,.T.);
#22460=EDGE_LOOP('',(#22450,#22390,#22310,#22300));
#22470=FACE_OUTER_BOUND('',#22460,.T.);
#22480=ADVANCED_FACE('',(#22470),#22220,.T.);
#22490=CARTESIAN_POINT('',(0.0728189999999997,2.169531,6.075));
#22500=DIRECTION('',(0.970142500145332,0.242535625036333,0.));
#22510=DIRECTION('',(0.242535625036333,-0.970142500145332,0.));
#22520=AXIS2_PLACEMENT_3D('',#22490,#22500,#22510);
#22530=PLANE('',#22520);
#22540=ORIENTED_EDGE('',*,*,#21690,.T.);
#22550=CARTESIAN_POINT('',(0.708215107865424,-0.372053431461694,
6.98539610786542));
#22560=DIRECTION('',(0.235702260395516,-0.942809041582063,
0.235702260395516));
#22570=VECTOR('',#22560,1.);
#22580=LINE('',#22550,#22570);
#22590=EDGE_CURVE('',#22370,#21600,#22580,.T.);
#22600=ORIENTED_EDGE('',*,*,#22590,.T.);
#22610=ORIENTED_EDGE('',*,*,#22380,.T.);
#22620=ORIENTED_EDGE('',*,*,#22130,.F.);
#22630=EDGE_LOOP('',(#22620,#22610,#22600,#22540));
#22640=FACE_OUTER_BOUND('',#22630,.T.);
#22650=ADVANCED_FACE('',(#22640),#22530,.T.);
#22660=CARTESIAN_POINT('',(-4.1036834,2.169531,6.35));
#22670=DIRECTION('',(5.60976323348313E-18,-0.242535625036333,
-0.970142500145332));
#22680=DIRECTION('',(2.24390529339325E-17,-0.970142500145332,
0.242535625036333));
#22690=AXIS2_PLACEMENT_3D('',#22660,#22670,#22680);
#22700=PLANE('',#22690);
#22710=ORIENTED_EDGE('',*,*,#22440,.F.);
#22720=ORIENTED_EDGE('',*,*,#22590,.F.);
#22730=CARTESIAN_POINT('',(-0.0251477347320566,1.869531,6.425));
#22740=DIRECTION('',(-1.,-2.31296463463574E-17,0.));
#22750=VECTOR('',#22740,1.);
#22760=LINE('',#22730,#22750);
#22770=CARTESIAN_POINT('',(-0.202181,1.869531,6.425));
#22780=VERTEX_POINT('',#22770);
#22790=EDGE_CURVE('',#21600,#22780,#22760,.T.);
#22800=ORIENTED_EDGE('',*,*,#22790,.F.);
#22810=CARTESIAN_POINT('',(-0.762577107865425,-0.372053431461694,
6.98539610786542));
#22820=DIRECTION('',(0.235702260395516,0.942809041582063,
-0.235702260395516));
#22830=VECTOR('',#22820,1.);
#22840=LINE('',#22810,#22830);
#22850=EDGE_CURVE('',#22780,#22280,#22840,.T.);
#22860=ORIENTED_EDGE('',*,*,#22850,.F.);
#22870=EDGE_LOOP('',(#22860,#22800,#22720,#22710));
#22880=FACE_OUTER_BOUND('',#22870,.T.);
#22890=ADVANCED_FACE('',(#22880),#22700,.F.);
#22900=CARTESIAN_POINT('',(-0.202181000000001,-1.680469,6.075));
#22910=DIRECTION('',(-1.,3.70074341541719E-16,0.));
#22920=DIRECTION('',(3.70074341541719E-16,1.,0.));
#22930=AXIS2_PLACEMENT_3D('',#22900,#22910,#22920);
#22940=PLANE('',#22930);
#22950=CARTESIAN_POINT('',(-0.202181,-0.372053431461694,6.075));
#22960=DIRECTION('',(3.70074341541719E-16,1.,0.));
#22970=VECTOR('',#22960,1.);
#22980=LINE('',#22950,#22970);
#22990=EDGE_CURVE('',#16730,#22000,#22980,.T.);
#23000=ORIENTED_EDGE('',*,*,#22990,.F.);
#23010=CARTESIAN_POINT('',(-0.202180999999999,1.869531,6.075));
#23020=DIRECTION('',(0.,0.,-1.));
#23030=VECTOR('',#23020,1.);
#23040=LINE('',#23010,#23030);
#23050=EDGE_CURVE('',#22780,#22000,#23040,.T.);
#23060=ORIENTED_EDGE('',*,*,#23050,.T.);
#23070=CARTESIAN_POINT('',(-0.202181,-0.372053431461694,6.425));
#23080=DIRECTION('',(3.70074341541719E-16,1.,0.));
#23090=VECTOR('',#23080,1.);
#23100=LINE('',#23070,#23090);
#23110=EDGE_CURVE('',#16810,#22780,#23100,.T.);
#23120=ORIENTED_EDGE('',*,*,#23110,.T.);
#23130=ORIENTED_EDGE('',*,*,#16820,.F.);
#23140=EDGE_LOOP('',(#23130,#23120,#23060,#23000));
#23150=FACE_OUTER_BOUND('',#23140,.T.);
#23160=ADVANCED_FACE('',(#23150),#22940,.T.);
#23170=CARTESIAN_POINT('',(-0.202181,1.869531,6.075));
#23180=DIRECTION('',(-0.970142500145332,0.242535625036333,0.));
#23190=DIRECTION('',(0.242535625036333,0.970142500145332,0.));
#23200=AXIS2_PLACEMENT_3D('',#23170,#23180,#23190);
#23210=PLANE('',#23200);
#23220=ORIENTED_EDGE('',*,*,#23050,.F.);
#23230=ORIENTED_EDGE('',*,*,#22010,.F.);
#23240=ORIENTED_EDGE('',*,*,#22290,.T.);
#23250=ORIENTED_EDGE('',*,*,#22850,.T.);
#23260=EDGE_LOOP('',(#23250,#23240,#23230,#23220));
#23270=FACE_OUTER_BOUND('',#23260,.T.);
#23280=ADVANCED_FACE('',(#23270),#23210,.T.);
#23290=CARTESIAN_POINT('',(-0.0251477347320566,-0.372053431461694,6.075)
);
#23300=DIRECTION('',(0.,0.,1.));
#23310=DIRECTION('',(1.,0.,0.));
#23320=AXIS2_PLACEMENT_3D('',#23290,#23300,#23310);
#23330=PLANE('',#23320);
#23340=ORIENTED_EDGE('',*,*,#22990,.T.);
#23350=ORIENTED_EDGE('',*,*,#16740,.T.);
#23360=ORIENTED_EDGE('',*,*,#21750,.F.);
#23370=ORIENTED_EDGE('',*,*,#22070,.T.);
#23380=EDGE_LOOP('',(#23370,#23360,#23350,#23340));
#23390=FACE_OUTER_BOUND('',#23380,.T.);
#23400=ADVANCED_FACE('',(#23390),#23330,.F.);
#23410=CARTESIAN_POINT('',(-0.0251477347320566,-0.372053431461694,6.425)
);
#23420=DIRECTION('',(0.,0.,1.));
#23430=DIRECTION('',(1.,0.,0.));
#23440=AXIS2_PLACEMENT_3D('',#23410,#23420,#23430);
#23450=PLANE('',#23440);
#23460=ORIENTED_EDGE('',*,*,#21610,.T.);
#23470=ORIENTED_EDGE('',*,*,#16900,.F.);
#23480=ORIENTED_EDGE('',*,*,#23110,.F.);
#23490=ORIENTED_EDGE('',*,*,#22790,.T.);
#23500=EDGE_LOOP('',(#23490,#23480,#23470,#23460));
#23510=FACE_OUTER_BOUND('',#23500,.T.);
#23520=ADVANCED_FACE('',(#23510),#23450,.T.);
#23530=CARTESIAN_POINT('',(0.372819,1.769531,9.7));
#23540=DIRECTION('',(0.,-1.,0.));
#23550=DIRECTION('',(-1.,0.,0.));
#23560=AXIS2_PLACEMENT_3D('',#23530,#23540,#23550);
#23570=PLANE('',#23560);
#23580=CARTESIAN_POINT('',(-1.567181,1.769531,9.7));
#23590=DIRECTION('',(1.,0.,0.));
#23600=VECTOR('',#23590,1.);
#23610=LINE('',#23580,#23600);
#23620=EDGE_CURVE('',#17110,#5290,#23610,.T.);
#23630=ORIENTED_EDGE('',*,*,#23620,.F.);
#23640=ORIENTED_EDGE('',*,*,#5540,.F.);
#23650=CARTESIAN_POINT('',(-1.567181,1.769531,10.2));
#23660=DIRECTION('',(1.,0.,0.));
#23670=VECTOR('',#23660,1.);
#23680=LINE('',#23650,#23670);
#23690=EDGE_CURVE('',#17210,#5470,#23680,.T.);
#23700=ORIENTED_EDGE('',*,*,#23690,.T.);
#23710=ORIENTED_EDGE('',*,*,#17220,.T.);
#23720=EDGE_LOOP('',(#23710,#23700,#23640,#23630));
#23730=FACE_OUTER_BOUND('',#23720,.T.);
#23740=ADVANCED_FACE('',(#23730),#23570,.F.);
#23750=CARTESIAN_POINT('',(-1.567181,2.669531,9.7));
#23760=DIRECTION('',(0.,0.,1.));
#23770=DIRECTION('',(0.,1.,0.));
#23780=AXIS2_PLACEMENT_3D('',#23750,#23760,#23770);
#23790=PLANE('',#23780);
#23800=ORIENTED_EDGE('',*,*,#17140,.F.);
#23810=CARTESIAN_POINT('',(-1.567181,2.769531,9.7));
#23820=DIRECTION('',(1.,0.,0.));
#23830=VECTOR('',#23820,1.);
#23840=LINE('',#23810,#23830);
#23850=CARTESIAN_POINT('',(-1.567181,2.769531,9.7));
#23860=VERTEX_POINT('',#23850);
#23870=EDGE_CURVE('',#23860,#17130,#23840,.T.);
#23880=ORIENTED_EDGE('',*,*,#23870,.T.);
#23890=CARTESIAN_POINT('',(-1.567181,-4.44089209850063E-16,9.7));
#23900=DIRECTION('',(0.,1.,0.));
#23910=VECTOR('',#23900,1.);
#23920=LINE('',#23890,#23910);
#23930=EDGE_CURVE('',#15510,#23860,#23920,.T.);
#23940=ORIENTED_EDGE('',*,*,#23930,.T.);
#23950=ORIENTED_EDGE('',*,*,#15540,.F.);
#23960=CARTESIAN_POINT('',(0.782819,-5.39953721979351E-16,9.7));
#23970=DIRECTION('',(0.,-1.,0.));
#23980=VECTOR('',#23970,1.);
#23990=LINE('',#23960,#23980);
#24000=CARTESIAN_POINT('',(0.782819,2.769531,9.7));
#24010=VERTEX_POINT('',#24000);
#24020=EDGE_CURVE('',#24010,#15530,#23990,.T.);
#24030=ORIENTED_EDGE('',*,*,#24020,.T.);
#24040=CARTESIAN_POINT('',(0.372818999999999,2.769531,9.7));
#24050=DIRECTION('',(1.,1.11022302462516E-16,0.));
#24060=VECTOR('',#24050,1.);
#24070=LINE('',#24040,#24060);
#24080=EDGE_CURVE('',#5310,#24010,#24070,.T.);
#24090=ORIENTED_EDGE('',*,*,#24080,.T.);
#24100=ORIENTED_EDGE('',*,*,#5320,.T.);
#24110=ORIENTED_EDGE('',*,*,#23620,.T.);
#24120=EDGE_LOOP('',(#24110,#24100,#24090,#24030,#23950,#23940,#23880,
#23800));
#24130=FACE_OUTER_BOUND('',#24120,.T.);
#24140=ADVANCED_FACE('',(#24130),#23790,.F.);
#24150=CARTESIAN_POINT('',(0.584885317322113,2.49949213364257,10.2));
#24160=DIRECTION('',(0.,0.,-1.));
#24170=DIRECTION('',(-1.,1.22460635382238E-16,0.));
#24180=AXIS2_PLACEMENT_3D('',#24150,#24160,#24170);
#24190=PLANE('',#24180);
#24200=ORIENTED_EDGE('',*,*,#5480,.F.);
#24210=CARTESIAN_POINT('',(-1.66533453693773E-16,2.769531,10.2));
#24220=DIRECTION('',(1.,0.,0.));
#24230=VECTOR('',#24220,1.);
#24240=LINE('',#24210,#24230);
#24250=EDGE_CURVE('',#5390,#13690,#24240,.T.);
#24260=ORIENTED_EDGE('',*,*,#24250,.F.);
#24270=ORIENTED_EDGE('',*,*,#13700,.T.);
#24280=CARTESIAN_POINT('',(-1.66533453693773E-16,0.669531,10.2));
#24290=DIRECTION('',(1.,0.,0.));
#24300=VECTOR('',#24290,1.);
#24310=LINE('',#24280,#24300);
#24320=CARTESIAN_POINT('',(0.782819000000001,0.669531,10.2));
#24330=VERTEX_POINT('',#24320);
#24340=EDGE_CURVE('',#24330,#13650,#24310,.T.);
#24350=ORIENTED_EDGE('',*,*,#24340,.T.);
#24360=CARTESIAN_POINT('',(0.782819000000001,-9.58645121292881E-17,10.2)
);
#24370=DIRECTION('',(-1.83690953073357E-16,-1.,4.41681569809111E-33));
#24380=VECTOR('',#24370,1.);
#24390=LINE('',#24360,#24380);
#24400=CARTESIAN_POINT('',(0.782819000000001,1.469531,10.2));
#24410=VERTEX_POINT('',#24400);
#24420=EDGE_CURVE('',#24410,#24330,#24390,.T.);
#24430=ORIENTED_EDGE('',*,*,#24420,.T.);
#24440=CARTESIAN_POINT('',(0.,1.469531,10.2));
#24450=DIRECTION('',(-1.,1.83690953073357E-16,0.));
#24460=VECTOR('',#24450,1.);
#24470=LINE('',#24440,#24460);
#24480=CARTESIAN_POINT('',(-1.817181,1.469531,10.2));
#24490=VERTEX_POINT('',#24480);
#24500=EDGE_CURVE('',#24410,#24490,#24470,.T.);
#24510=ORIENTED_EDGE('',*,*,#24500,.F.);
#24520=CARTESIAN_POINT('',(-1.817181,2.2253313986453E-16,10.2));
#24530=DIRECTION('',(1.83690953073357E-16,1.,-4.41681569809111E-33));
#24540=VECTOR('',#24530,1.);
#24550=LINE('',#24520,#24540);
#24560=CARTESIAN_POINT('',(-1.817181,0.669531,10.2));
#24570=VERTEX_POINT('',#24560);
#24580=EDGE_CURVE('',#24570,#24490,#24550,.T.);
#24590=ORIENTED_EDGE('',*,*,#24580,.T.);
#24600=CARTESIAN_POINT('',(8.1991191668105E-17,0.669531,10.2));
#24610=DIRECTION('',(1.,-1.22460635382238E-16,0.));
#24620=VECTOR('',#24610,1.);
#24630=LINE('',#24600,#24620);
#24640=CARTESIAN_POINT('',(-2.217181,0.669531,10.2));
#24650=VERTEX_POINT('',#24640);
#24660=EDGE_CURVE('',#24650,#24570,#24630,.T.);
#24670=ORIENTED_EDGE('',*,*,#24660,.T.);
#24680=CARTESIAN_POINT('',(-2.217181,-4.44089209850063E-16,10.2));
#24690=DIRECTION('',(0.,-1.,0.));
#24700=VECTOR('',#24690,1.);
#24710=LINE('',#24680,#24700);
#24720=CARTESIAN_POINT('',(-2.217181,2.769531,10.2));
#24730=VERTEX_POINT('',#24720);
#24740=EDGE_CURVE('',#24730,#24650,#24710,.T.);
#24750=ORIENTED_EDGE('',*,*,#24740,.T.);
#24760=CARTESIAN_POINT('',(-0.427181,2.769531,10.2));
#24770=DIRECTION('',(-1.,1.22460635382238E-16,0.));
#24780=VECTOR('',#24770,1.);
#24790=LINE('',#24760,#24780);
#24800=EDGE_CURVE('',#17290,#24730,#24790,.T.);
#24810=ORIENTED_EDGE('',*,*,#24800,.T.);
#24820=ORIENTED_EDGE('',*,*,#17300,.T.);
#24830=ORIENTED_EDGE('',*,*,#23690,.F.);
#24840=EDGE_LOOP('',(#24830,#24820,#24810,#24750,#24670,#24590,#24510,
#24430,#24350,#24270,#24260,#24200));
#24850=FACE_OUTER_BOUND('',#24840,.T.);
#24860=ADVANCED_FACE('',(#24850),#24190,.F.);
#24870=ORIENTED_EDGE('',*,*,#1910,.T.);
#24880=ORIENTED_EDGE('',*,*,#2250,.T.);
#24890=ORIENTED_EDGE('',*,*,#2080,.F.);
#24900=ORIENTED_EDGE('',*,*,#3250,.F.);
#24910=EDGE_LOOP('',(#24900,#24890,#24880,#24870));
#24920=FACE_OUTER_BOUND('',#24910,.T.);
#24930=ADVANCED_FACE('',(#24920),#1820,.T.);
#24940=ORIENTED_EDGE('',*,*,#2000,.T.);
#24950=ORIENTED_EDGE('',*,*,#3230,.T.);
#24960=EDGE_CURVE('',#3030,#3160,#3100,.T.);
#24970=ORIENTED_EDGE('',*,*,#24960,.T.);
#24980=ORIENTED_EDGE('',*,*,#3040,.F.);
#24990=EDGE_LOOP('',(#24980,#24970,#24950,#24940));
#25000=FACE_OUTER_BOUND('',#24990,.T.);
#25010=ADVANCED_FACE('',(#25000),#2970,.T.);
#25020=CARTESIAN_POINT('',(-2.217181,-2.030469,3.574));
#25030=DIRECTION('',(1.,0.,0.));
#25040=VECTOR('',#25030,1.);
#25050=LINE('',#25020,#25040);
#25060=CARTESIAN_POINT('',(-2.217181,-2.030469,3.574));
#25070=VERTEX_POINT('',#25060);
#25080=CARTESIAN_POINT('',(-1.517181,-2.030469,3.574));
#25090=VERTEX_POINT('',#25080);
#25100=EDGE_CURVE('',#25070,#25090,#25050,.T.);
#25110=ORIENTED_EDGE('',*,*,#25100,.T.);
#25120=CARTESIAN_POINT('',(-2.217181,-2.71517394017425E-16,3.574));
#25130=DIRECTION('',(1.22460635382238E-16,-1.,0.));
#25140=VECTOR('',#25130,1.);
#25150=LINE('',#25120,#25140);
#25160=CARTESIAN_POINT('',(-2.217181,-1.530469,3.574));
#25170=VERTEX_POINT('',#25160);
#25180=EDGE_CURVE('',#25170,#25070,#25150,.T.);
#25190=ORIENTED_EDGE('',*,*,#25180,.T.);
#25200=CARTESIAN_POINT('',(0.,-1.530469,3.574));
#25210=DIRECTION('',(-1.,-1.22460635382238E-16,0.));
#25220=VECTOR('',#25210,1.);
#25230=LINE('',#25200,#25220);
#25240=CARTESIAN_POINT('',(-1.517181,-1.530469,3.574));
#25250=VERTEX_POINT('',#25240);
#25260=EDGE_CURVE('',#25250,#25170,#25230,.T.);
#25270=ORIENTED_EDGE('',*,*,#25260,.T.);
#25280=CARTESIAN_POINT('',(-1.517181,0.,3.574));
#25290=DIRECTION('',(-1.22460635382238E-16,1.,0.));
#25300=VECTOR('',#25290,1.);
#25310=LINE('',#25280,#25300);
#25320=EDGE_CURVE('',#25090,#25250,#25310,.T.);
#25330=ORIENTED_EDGE('',*,*,#25320,.T.);
#25340=EDGE_LOOP('',(#25330,#25270,#25190,#25110));
#25350=FACE_OUTER_BOUND('',#25340,.T.);
#25360=ADVANCED_FACE('',(#25350),#1420,.F.);
#25370=CARTESIAN_POINT('',(1.182819,-2.030469,4.026));
#25380=DIRECTION('',(1.22460635382238E-16,-1.,-4.44089209850064E-15));
#25390=DIRECTION('',(5.43834468046348E-31,-4.44089209850064E-15,1.));
#25400=AXIS2_PLACEMENT_3D('',#25370,#25380,#25390);
#25410=PLANE('',#25400);
#25420=CARTESIAN_POINT('',(1.182819,-2.030469,3.926));
#25430=DIRECTION('',(-1.,-1.22460635382238E-16,0.));
#25440=VECTOR('',#25430,1.);
#25450=LINE('',#25420,#25440);
#25460=CARTESIAN_POINT('',(-1.017181,-2.030469,3.926));
#25470=VERTEX_POINT('',#25460);
#25480=EDGE_CURVE('',#14750,#25470,#25450,.T.);
#25490=ORIENTED_EDGE('',*,*,#25480,.F.);
#25500=CARTESIAN_POINT('',(-1.017181,-2.03046899999998,8.75));
#25510=DIRECTION('',(-2.45026437174664E-31,4.44089209850064E-15,1.));
#25520=VECTOR('',#25510,1.);
#25530=LINE('',#25500,#25520);
#25540=CARTESIAN_POINT('',(-1.017181,-2.030469,4.824));
#25550=VERTEX_POINT('',#25540);
#25560=EDGE_CURVE('',#25470,#25550,#25530,.T.);
#25570=ORIENTED_EDGE('',*,*,#25560,.F.);
#25580=CARTESIAN_POINT('',(1.182819,-2.030469,4.824));
#25590=DIRECTION('',(-1.,0.,0.));
#25600=VECTOR('',#25590,1.);
#25610=LINE('',#25580,#25600);
#25620=EDGE_CURVE('',#14830,#25550,#25610,.T.);
#25630=ORIENTED_EDGE('',*,*,#25620,.T.);
#25640=ORIENTED_EDGE('',*,*,#14840,.T.);
#25650=EDGE_LOOP('',(#25640,#25630,#25570,#25490));
#25660=FACE_OUTER_BOUND('',#25650,.T.);
#25670=ADVANCED_FACE('',(#25660),#25410,.T.);
#25680=CARTESIAN_POINT('',(-2.217181,-1.330469,1.05));
#25690=DIRECTION('',(1.22460635382238E-16,-1.,0.));
#25700=DIRECTION('',(1.,1.22460635382238E-16,0.));
#25710=AXIS2_PLACEMENT_3D('',#25680,#25690,#25700);
#25720=PLANE('',#25710);
#25730=CARTESIAN_POINT('',(-2.217181,-1.330469,6.875));
#25740=DIRECTION('',(0.,0.,1.));
#25750=VECTOR('',#25740,1.);
#25760=LINE('',#25730,#25750);
#25770=CARTESIAN_POINT('',(-2.217181,-1.330469,0.300000000000002));
#25780=VERTEX_POINT('',#25770);
#25790=CARTESIAN_POINT('',(-2.217181,-1.330469,1.05));
#25800=VERTEX_POINT('',#25790);
#25810=EDGE_CURVE('',#25780,#25800,#25760,.T.);
#25820=ORIENTED_EDGE('',*,*,#25810,.F.);
#25830=CARTESIAN_POINT('',(-3.60337459740302E-18,-1.330469,1.05));
#25840=DIRECTION('',(-1.,-1.22460635382238E-16,0.));
#25850=VECTOR('',#25840,1.);
#25860=LINE('',#25830,#25850);
#25870=CARTESIAN_POINT('',(-1.717181,-1.330469,1.05));
#25880=VERTEX_POINT('',#25870);
#25890=EDGE_CURVE('',#25880,#25800,#25860,.T.);
#25900=ORIENTED_EDGE('',*,*,#25890,.T.);
#25910=CARTESIAN_POINT('',(-1.717181,-1.330469,1.875));
#25920=DIRECTION('',(0.,0.,-1.));
#25930=VECTOR('',#25920,1.);
#25940=LINE('',#25910,#25930);
#25950=CARTESIAN_POINT('',(-1.717181,-1.330469,0.840000000000002));
#25960=VERTEX_POINT('',#25950);
#25970=EDGE_CURVE('',#25880,#25960,#25940,.T.);
#25980=ORIENTED_EDGE('',*,*,#25970,.F.);
#25990=CARTESIAN_POINT('',(0.,-1.330469,0.840000000000002));
#26000=DIRECTION('',(-1.,0.,0.));
#26010=VECTOR('',#26000,1.);
#26020=LINE('',#25990,#26010);
#26030=CARTESIAN_POINT('',(-1.417181,-1.330469,0.840000000000002));
#26040=VERTEX_POINT('',#26030);
#26050=EDGE_CURVE('',#26040,#25960,#26020,.T.);
#26060=ORIENTED_EDGE('',*,*,#26050,.T.);
#26070=CARTESIAN_POINT('',(-1.417181,-1.330469,8.125));
#26080=DIRECTION('',(0.,0.,-1.));
#26090=VECTOR('',#26080,1.);
#26100=LINE('',#26070,#26090);
#26110=CARTESIAN_POINT('',(-1.417181,-1.330469,0.300000000000002));
#26120=VERTEX_POINT('',#26110);
#26130=EDGE_CURVE('',#26040,#26120,#26100,.T.);
#26140=ORIENTED_EDGE('',*,*,#26130,.F.);
#26150=CARTESIAN_POINT('',(-1.017181,-1.330469,0.300000000000002));
#26160=DIRECTION('',(1.,1.22460635382238E-16,0.));
#26170=VECTOR('',#26160,1.);
#26180=LINE('',#26150,#26170);
#26190=EDGE_CURVE('',#25780,#26120,#26180,.T.);
#26200=ORIENTED_EDGE('',*,*,#26190,.T.);
#26210=EDGE_LOOP('',(#26200,#26140,#26060,#25980,#25900,#25820));
#26220=FACE_OUTER_BOUND('',#26210,.T.);
#26230=ADVANCED_FACE('',(#26220),#25720,.T.);
#26240=CARTESIAN_POINT('',(-1.517181,-1.530469,3.125));
#26250=DIRECTION('',(1.,1.22460635382238E-16,0.));
#26260=DIRECTION('',(1.22460635382238E-16,-1.,0.));
#26270=AXIS2_PLACEMENT_3D('',#26240,#26250,#26260);
#26280=PLANE('',#26270);
#26290=CARTESIAN_POINT('',(-1.517181,-3.62496556751725E-17,4.824));
#26300=DIRECTION('',(0.,-1.,0.));
#26310=VECTOR('',#26300,1.);
#26320=LINE('',#26290,#26310);
#26330=CARTESIAN_POINT('',(-1.517181,-1.530469,4.824));
#26340=VERTEX_POINT('',#26330);
#26350=CARTESIAN_POINT('',(-1.517181,-2.030469,4.824));
#26360=VERTEX_POINT('',#26350);
#26370=EDGE_CURVE('',#26340,#26360,#26320,.T.);
#26380=ORIENTED_EDGE('',*,*,#26370,.T.);
#26390=CARTESIAN_POINT('',(-1.517181,-1.530469,5.625));
#26400=DIRECTION('',(0.,0.,-1.));
#26410=VECTOR('',#26400,1.);
#26420=LINE('',#26390,#26410);
#26430=CARTESIAN_POINT('',(-1.517181,-1.530469,3.926));
#26440=VERTEX_POINT('',#26430);
#26450=EDGE_CURVE('',#26340,#26440,#26420,.T.);
#26460=ORIENTED_EDGE('',*,*,#26450,.F.);
#26470=CARTESIAN_POINT('',(-1.517181,0.,3.926));
#26480=DIRECTION('',(1.22460635382238E-16,-1.,0.));
#26490=VECTOR('',#26480,1.);
#26500=LINE('',#26470,#26490);
#26510=CARTESIAN_POINT('',(-1.517181,-2.030469,3.926));
#26520=VERTEX_POINT('',#26510);
#26530=EDGE_CURVE('',#26440,#26520,#26500,.T.);
#26540=ORIENTED_EDGE('',*,*,#26530,.F.);
#26550=CARTESIAN_POINT('',(-1.517181,-2.030469,5.625));
#26560=DIRECTION('',(0.,0.,-1.));
#26570=VECTOR('',#26560,1.);
#26580=LINE('',#26550,#26570);
#26590=EDGE_CURVE('',#26360,#26520,#26580,.T.);
#26600=ORIENTED_EDGE('',*,*,#26590,.T.);
#26610=EDGE_LOOP('',(#26600,#26540,#26460,#26380));
#26620=FACE_OUTER_BOUND('',#26610,.T.);
#26630=ADVANCED_FACE('',(#26620),#26280,.T.);
#26640=CARTESIAN_POINT('',(-0.452181000000001,-1.430469,2.325));
#26650=DIRECTION('',(0.,0.,-1.));
#26660=DIRECTION('',(-1.,0.,0.));
#26670=AXIS2_PLACEMENT_3D('',#26640,#26650,#26660);
#26680=CIRCLE('',#26670,0.25);
#26690=CARTESIAN_POINT('',(-0.223052215252209,-1.530469,2.325));
#26700=VERTEX_POINT('',#26690);
#26710=CARTESIAN_POINT('',(-0.452181000000001,-1.680469,2.325));
#26720=VERTEX_POINT('',#26710);
#26730=EDGE_CURVE('',#26700,#26720,#26680,.T.);
#26740=ORIENTED_EDGE('',*,*,#26730,.F.);
#26750=CARTESIAN_POINT('',(-0.0251477347320566,-1.680469,2.325));
#26760=DIRECTION('',(1.,0.,0.));
#26770=VECTOR('',#26760,1.);
#26780=LINE('',#26750,#26770);
#26790=CARTESIAN_POINT('',(-3.417181,-1.680469,2.325));
#26800=VERTEX_POINT('',#26790);
#26810=EDGE_CURVE('',#26800,#26720,#26780,.T.);
#26820=ORIENTED_EDGE('',*,*,#26810,.T.);
#26830=CARTESIAN_POINT('',(-3.417181,-0.372053431461694,2.325));
#26840=DIRECTION('',(0.,-1.,0.));
#26850=VECTOR('',#26840,1.);
#26860=LINE('',#26830,#26850);
#26870=CARTESIAN_POINT('',(-3.417181,-2.030469,2.325));
#26880=VERTEX_POINT('',#26870);
#26890=EDGE_CURVE('',#26800,#26880,#26860,.T.);
#26900=ORIENTED_EDGE('',*,*,#26890,.F.);
#26910=CARTESIAN_POINT('',(-0.0251477347320566,-2.030469,2.325));
#26920=DIRECTION('',(-1.,0.,0.));
#26930=VECTOR('',#26920,1.);
#26940=LINE('',#26910,#26930);
#26950=CARTESIAN_POINT('',(-0.302181,-2.030469,2.325));
#26960=VERTEX_POINT('',#26950);
#26970=EDGE_CURVE('',#26960,#26880,#26940,.T.);
#26980=ORIENTED_EDGE('',*,*,#26970,.T.);
#26990=CARTESIAN_POINT('',(-0.302181,-1.580469,2.325));
#27000=DIRECTION('',(0.,0.,1.));
#27010=DIRECTION('',(1.,0.,0.));
#27020=AXIS2_PLACEMENT_3D('',#26990,#27000,#27010);
#27030=CIRCLE('',#27020,0.45);
#27040=CARTESIAN_POINT('',(0.147819,-1.580469,2.325));
#27050=VERTEX_POINT('',#27040);
#27060=EDGE_CURVE('',#26960,#27050,#27030,.T.);
#27070=ORIENTED_EDGE('',*,*,#27060,.F.);
#27080=CARTESIAN_POINT('',(0.147819,-1.530469,2.325));
#27090=VERTEX_POINT('',#27080);
#27100=EDGE_CURVE('',#27050,#27090,#2650,.T.);
#27110=ORIENTED_EDGE('',*,*,#27100,.F.);
#27120=CARTESIAN_POINT('',(0.,-1.530469,2.325));
#27130=DIRECTION('',(-1.,-1.22460635382238E-16,0.));
#27140=VECTOR('',#27130,1.);
#27150=LINE('',#27120,#27140);
#27160=EDGE_CURVE('',#27090,#26700,#27150,.T.);
#27170=ORIENTED_EDGE('',*,*,#27160,.F.);
#27180=EDGE_LOOP('',(#27170,#27110,#27070,#26980,#26900,#26820,#26740));
#27190=FACE_OUTER_BOUND('',#27180,.T.);
#27200=ADVANCED_FACE('',(#27190),#3340,.F.);
#27210=CARTESIAN_POINT('',(-2.5571834,-1.530469,2.324));
#27220=DIRECTION('',(0.,0.,-1.));
#27230=DIRECTION('',(1.22460635382238E-16,-1.,0.));
#27240=AXIS2_PLACEMENT_3D('',#27210,#27220,#27230);
#27250=PLANE('',#27240);
#27260=CARTESIAN_POINT('',(-2.217181,-2.030469,2.324));
#27270=DIRECTION('',(1.,0.,0.));
#27280=VECTOR('',#27270,1.);
#27290=LINE('',#27260,#27280);
#27300=CARTESIAN_POINT('',(-2.217181,-2.030469,2.324));
#27310=VERTEX_POINT('',#27300);
#27320=CARTESIAN_POINT('',(-1.517181,-2.030469,2.324));
#27330=VERTEX_POINT('',#27320);
#27340=EDGE_CURVE('',#27310,#27330,#27290,.T.);
#27350=ORIENTED_EDGE('',*,*,#27340,.T.);
#27360=CARTESIAN_POINT('',(-2.217181,-2.030469,2.324));
#27370=DIRECTION('',(0.,1.,0.));
#27380=VECTOR('',#27370,1.);
#27390=LINE('',#27360,#27380);
#27400=CARTESIAN_POINT('',(-2.217181,-1.530469,2.324));
#27410=VERTEX_POINT('',#27400);
#27420=EDGE_CURVE('',#27310,#27410,#27390,.T.);
#27430=ORIENTED_EDGE('',*,*,#27420,.F.);
#27440=CARTESIAN_POINT('',(0.,-1.530469,2.324));
#27450=DIRECTION('',(-1.,-1.22460635382238E-16,0.));
#27460=VECTOR('',#27450,1.);
#27470=LINE('',#27440,#27460);
#27480=CARTESIAN_POINT('',(-1.517181,-1.530469,2.324));
#27490=VERTEX_POINT('',#27480);
#27500=EDGE_CURVE('',#27490,#27410,#27470,.T.);
#27510=ORIENTED_EDGE('',*,*,#27500,.T.);
#27520=CARTESIAN_POINT('',(-1.517181,0.,2.324));
#27530=DIRECTION('',(-1.22460635382238E-16,1.,0.));
#27540=VECTOR('',#27530,1.);
#27550=LINE('',#27520,#27540);
#27560=EDGE_CURVE('',#27330,#27490,#27550,.T.);
#27570=ORIENTED_EDGE('',*,*,#27560,.T.);
#27580=EDGE_LOOP('',(#27570,#27510,#27430,#27350));
#27590=FACE_OUTER_BOUND('',#27580,.T.);
#27600=ADVANCED_FACE('',(#27590),#27250,.F.);
#27610=CARTESIAN_POINT('',(0.372818999999999,2.669531,1.05));
#27620=DIRECTION('',(-1.,-5.55111512312579E-16,0.));
#27630=DIRECTION('',(5.55111512312579E-16,-1.,0.));
#27640=AXIS2_PLACEMENT_3D('',#27610,#27620,#27630);
#27650=PLANE('',#27640);
#27660=CARTESIAN_POINT('',(0.372818999999999,1.769531,1.55));
#27670=DIRECTION('',(0.,0.,-1.));
#27680=VECTOR('',#27670,1.);
#27690=LINE('',#27660,#27680);
#27700=CARTESIAN_POINT('',(0.372818999999999,1.769531,1.55));
#27710=VERTEX_POINT('',#27700);
#27720=CARTESIAN_POINT('',(0.372818999999999,1.769531,1.05));
#27730=VERTEX_POINT('',#27720);
#27740=EDGE_CURVE('',#27710,#27730,#27690,.T.);
#27750=ORIENTED_EDGE('',*,*,#27740,.F.);
#27760=CARTESIAN_POINT('',(0.372819,-0.230469,1.05));
#27770=DIRECTION('',(-2.33482937844753E-16,1.,0.));
#27780=VECTOR('',#27770,1.);
#27790=LINE('',#27760,#27780);
#27800=CARTESIAN_POINT('',(0.372818999999999,2.769531,1.05));
#27810=VERTEX_POINT('',#27800);
#27820=EDGE_CURVE('',#27730,#27810,#27790,.T.);
#27830=ORIENTED_EDGE('',*,*,#27820,.F.);
#27840=CARTESIAN_POINT('',(0.372818999999999,2.769531,1.05));
#27850=DIRECTION('',(0.,0.,1.));
#27860=VECTOR('',#27850,1.);
#27870=LINE('',#27840,#27860);
#27880=CARTESIAN_POINT('',(0.372818999999999,2.769531,1.55));
#27890=VERTEX_POINT('',#27880);
#27900=EDGE_CURVE('',#27810,#27890,#27870,.T.);
#27910=ORIENTED_EDGE('',*,*,#27900,.F.);
#27920=CARTESIAN_POINT('',(0.372819,-0.230469,1.55));
#27930=DIRECTION('',(-2.33482937844753E-16,1.,0.));
#27940=VECTOR('',#27930,1.);
#27950=LINE('',#27920,#27940);
#27960=EDGE_CURVE('',#27710,#27890,#27950,.T.);
#27970=ORIENTED_EDGE('',*,*,#27960,.T.);
#27980=EDGE_LOOP('',(#27970,#27910,#27830,#27750));
#27990=FACE_OUTER_BOUND('',#27980,.T.);
#28000=ADVANCED_FACE('',(#27990),#27650,.T.);
#28010=CARTESIAN_POINT('',(-0.302181,-1.580469,2.325));
#28020=DIRECTION('',(0.,0.,1.));
#28030=DIRECTION('',(1.,0.,0.));
#28040=AXIS2_PLACEMENT_3D('',#28010,#28020,#28030);
#28050=CYLINDRICAL_SURFACE('',#28040,0.45);
#28060=CARTESIAN_POINT('',(-0.302181,-1.580469,2.675));
#28070=DIRECTION('',(0.,0.,1.));
#28080=DIRECTION('',(1.,0.,0.));
#28090=AXIS2_PLACEMENT_3D('',#28060,#28070,#28080);
#28100=CIRCLE('',#28090,0.45);
#28110=CARTESIAN_POINT('',(-0.302181,-2.030469,2.675));
#28120=VERTEX_POINT('',#28110);
#28130=CARTESIAN_POINT('',(0.147819,-1.580469,2.675));
#28140=VERTEX_POINT('',#28130);
#28150=EDGE_CURVE('',#28120,#28140,#28100,.T.);
#28160=ORIENTED_EDGE('',*,*,#28150,.F.);
#28170=CARTESIAN_POINT('',(0.147819,-1.580469,2.325));
#28180=DIRECTION('',(0.,0.,1.));
#28190=VECTOR('',#28180,1.);
#28200=LINE('',#28170,#28190);
#28210=EDGE_CURVE('',#27050,#28140,#28200,.T.);
#28220=ORIENTED_EDGE('',*,*,#28210,.T.);
#28230=ORIENTED_EDGE('',*,*,#27060,.T.);
#28240=CARTESIAN_POINT('',(-0.302181,-2.030469,2.325));
#28250=DIRECTION('',(0.,0.,1.));
#28260=VECTOR('',#28250,1.);
#28270=LINE('',#28240,#28260);
#28280=EDGE_CURVE('',#26960,#28120,#28270,.T.);
#28290=ORIENTED_EDGE('',*,*,#28280,.F.);
#28300=EDGE_LOOP('',(#28290,#28230,#28220,#28160));
#28310=FACE_OUTER_BOUND('',#28300,.T.);
#28320=ADVANCED_FACE('',(#28310),#28050,.T.);
#28330=CARTESIAN_POINT('',(1.182819,-2.030469,2.324));
#28340=DIRECTION('',(1.22460635382238E-16,-1.,1.33226762955017E-14));
#28350=DIRECTION('',(-1.63150340413901E-30,1.33226762955017E-14,1.));
#28360=AXIS2_PLACEMENT_3D('',#28330,#28340,#28350);
#28370=PLANE('',#28360);
#28380=ORIENTED_EDGE('',*,*,#24960,.F.);
#28390=ORIENTED_EDGE('',*,*,#3170,.F.);
#28400=CARTESIAN_POINT('',(8.21190701701634E-17,-2.030469,1.05));
#28410=DIRECTION('',(-1.,-1.22460635382238E-16,0.));
#28420=VECTOR('',#28410,1.);
#28430=LINE('',#28400,#28420);
#28440=CARTESIAN_POINT('',(-1.017181,-2.030469,1.05));
#28450=VERTEX_POINT('',#28440);
#28460=EDGE_CURVE('',#3120,#28450,#28430,.T.);
#28470=ORIENTED_EDGE('',*,*,#28460,.F.);
#28480=CARTESIAN_POINT('',(-1.017181,-2.03046900000003,0.));
#28490=DIRECTION('',(2.36658271566304E-30,-1.33226762955017E-14,-1.));
#28500=VECTOR('',#28490,1.);
#28510=LINE('',#28480,#28500);
#28520=CARTESIAN_POINT('',(-1.017181,-2.030469,2.324));
#28530=VERTEX_POINT('',#28520);
#28540=EDGE_CURVE('',#28530,#28450,#28510,.T.);
#28550=ORIENTED_EDGE('',*,*,#28540,.T.);
#28560=CARTESIAN_POINT('',(1.182819,-2.030469,2.324));
#28570=DIRECTION('',(-1.,-1.22460635382238E-16,0.));
#28580=VECTOR('',#28570,1.);
#28590=LINE('',#28560,#28580);
#28600=EDGE_CURVE('',#14280,#28530,#28590,.T.);
#28610=ORIENTED_EDGE('',*,*,#28600,.T.);
#28620=ORIENTED_EDGE('',*,*,#14290,.F.);
#28630=EDGE_LOOP('',(#28620,#28610,#28550,#28470,#28390,#28380));
#28640=FACE_OUTER_BOUND('',#28630,.T.);
#28650=ADVANCED_FACE('',(#28640),#28370,.T.);
#28660=ORIENTED_EDGE('',*,*,#25320,.F.);
#28670=CARTESIAN_POINT('',(-1.517181,-1.530469,8.125));
#28680=DIRECTION('',(0.,0.,-1.));
#28690=VECTOR('',#28680,1.);
#28700=LINE('',#28670,#28690);
#28710=CARTESIAN_POINT('',(-1.517181,-1.530469,2.676));
#28720=VERTEX_POINT('',#28710);
#28730=EDGE_CURVE('',#25250,#28720,#28700,.T.);
#28740=ORIENTED_EDGE('',*,*,#28730,.F.);
#28750=CARTESIAN_POINT('',(-1.517181,-1.85794949249859E-16,2.676));
#28760=DIRECTION('',(1.22460635382238E-16,-1.,0.));
#28770=VECTOR('',#28760,1.);
#28780=LINE('',#28750,#28770);
#28790=CARTESIAN_POINT('',(-1.517181,-2.030469,2.676));
#28800=VERTEX_POINT('',#28790);
#28810=EDGE_CURVE('',#28720,#28800,#28780,.T.);
#28820=ORIENTED_EDGE('',*,*,#28810,.F.);
#28830=CARTESIAN_POINT('',(-1.517181,-2.030469,0.));
#28840=DIRECTION('',(0.,0.,1.));
#28850=VECTOR('',#28840,1.);
#28860=LINE('',#28830,#28850);
#28870=EDGE_CURVE('',#28800,#25090,#28860,.T.);
#28880=ORIENTED_EDGE('',*,*,#28870,.F.);
#28890=EDGE_LOOP('',(#28880,#28820,#28740,#28660));
#28900=FACE_OUTER_BOUND('',#28890,.T.);
#28910=ADVANCED_FACE('',(#28900),#26280,.T.);
#28920=CARTESIAN_POINT('',(-2.217181,-2.030469,3.474));
#28930=DIRECTION('',(0.,-1.,4.44089209850064E-15));
#28940=DIRECTION('',(0.,-4.44089209850064E-15,-1.));
#28950=AXIS2_PLACEMENT_3D('',#28920,#28930,#28940);
#28960=PLANE('',#28950);
#28970=ORIENTED_EDGE('',*,*,#25100,.F.);
#28980=ORIENTED_EDGE('',*,*,#28870,.T.);
#28990=CARTESIAN_POINT('',(-2.217181,-2.030469,2.676));
#29000=DIRECTION('',(1.,0.,0.));
#29010=VECTOR('',#29000,1.);
#29020=LINE('',#28990,#29010);
#29030=CARTESIAN_POINT('',(-2.217181,-2.030469,2.676));
#29040=VERTEX_POINT('',#29030);
#29050=EDGE_CURVE('',#29040,#28800,#29020,.T.);
#29060=ORIENTED_EDGE('',*,*,#29050,.T.);
#29070=CARTESIAN_POINT('',(-2.217181,-2.030469,3.474));
#29080=DIRECTION('',(0.,4.44089209850064E-15,1.));
#29090=VECTOR('',#29080,1.);
#29100=LINE('',#29070,#29090);
#29110=EDGE_CURVE('',#29040,#25070,#29100,.T.);
#29120=ORIENTED_EDGE('',*,*,#29110,.F.);
#29130=EDGE_LOOP('',(#29120,#29060,#28980,#28970));
#29140=FACE_OUTER_BOUND('',#29130,.T.);
#29150=ADVANCED_FACE('',(#29140),#28960,.T.);
#29160=CARTESIAN_POINT('',(0.147819,-2.030469,2.325));
#29170=DIRECTION('',(0.,-1.,0.));
#29180=DIRECTION('',(-1.,0.,0.));
#29190=AXIS2_PLACEMENT_3D('',#29160,#29170,#29180);
#29200=PLANE('',#29190);
#29210=ORIENTED_EDGE('',*,*,#26970,.F.);
#29220=CARTESIAN_POINT('',(-3.417181,-2.030469,2.325));
#29230=DIRECTION('',(0.,0.,-1.));
#29240=VECTOR('',#29230,1.);
#29250=LINE('',#29220,#29240);
#29260=CARTESIAN_POINT('',(-3.417181,-2.030469,2.675));
#29270=VERTEX_POINT('',#29260);
#29280=EDGE_CURVE('',#29270,#26880,#29250,.T.);
#29290=ORIENTED_EDGE('',*,*,#29280,.T.);
#29300=CARTESIAN_POINT('',(-0.0251477347320566,-2.030469,2.675));
#29310=DIRECTION('',(-1.,0.,0.));
#29320=VECTOR('',#29310,1.);
#29330=LINE('',#29300,#29320);
#29340=EDGE_CURVE('',#28120,#29270,#29330,.T.);
#29350=ORIENTED_EDGE('',*,*,#29340,.T.);
#29360=ORIENTED_EDGE('',*,*,#28280,.T.);
#29370=EDGE_LOOP('',(#29360,#29350,#29290,#29210));
#29380=FACE_OUTER_BOUND('',#29370,.T.);
#29390=ADVANCED_FACE('',(#29380),#29200,.T.);
#29400=CARTESIAN_POINT('',(0.584885317322113,2.49949213364258,1.05));
#29410=DIRECTION('',(0.,0.,-1.));
#29420=DIRECTION('',(-1.,0.,0.));
#29430=AXIS2_PLACEMENT_3D('',#29400,#29410,#29420);
#29440=PLANE('',#29430);
#29450=CARTESIAN_POINT('',(-1.567181,1.769531,1.05));
#29460=DIRECTION('',(1.,1.22460635382238E-16,0.));
#29470=VECTOR('',#29460,1.);
#29480=LINE('',#29450,#29470);
#29490=CARTESIAN_POINT('',(-0.427181000000001,1.769531,1.05));
#29500=VERTEX_POINT('',#29490);
#29510=EDGE_CURVE('',#29500,#27730,#29480,.T.);
#29520=ORIENTED_EDGE('',*,*,#29510,.T.);
#29530=CARTESIAN_POINT('',(-0.427181000000001,2.669531,1.05));
#29540=DIRECTION('',(2.22044604925032E-15,1.,0.));
#29550=VECTOR('',#29540,1.);
#29560=LINE('',#29530,#29550);
#29570=CARTESIAN_POINT('',(-0.427181000000001,2.769531,1.05));
#29580=VERTEX_POINT('',#29570);
#29590=EDGE_CURVE('',#29500,#29580,#29560,.T.);
#29600=ORIENTED_EDGE('',*,*,#29590,.F.);
#29610=CARTESIAN_POINT('',(-0.427181000000001,2.769531,1.05));
#29620=DIRECTION('',(-1.,0.,0.));
#29630=VECTOR('',#29620,1.);
#29640=LINE('',#29610,#29630);
#29650=CARTESIAN_POINT('',(-2.217181,2.769531,1.05));
#29660=VERTEX_POINT('',#29650);
#29670=EDGE_CURVE('',#29580,#29660,#29640,.T.);
#29680=ORIENTED_EDGE('',*,*,#29670,.F.);
#29690=CARTESIAN_POINT('',(-2.217181,-2.71517394017425E-16,1.05));
#29700=DIRECTION('',(1.22460635382238E-16,-1.,0.));
#29710=VECTOR('',#29700,1.);
#29720=LINE('',#29690,#29710);
#29730=CARTESIAN_POINT('',(-2.217181,0.669531,1.05));
#29740=VERTEX_POINT('',#29730);
#29750=EDGE_CURVE('',#29660,#29740,#29720,.T.);
#29760=ORIENTED_EDGE('',*,*,#29750,.F.);
#29770=CARTESIAN_POINT('',(0.,0.669531,1.05));
#29780=DIRECTION('',(1.,0.,0.));
#29790=VECTOR('',#29780,1.);
#29800=LINE('',#29770,#29790);
#29810=CARTESIAN_POINT('',(-1.817181,0.669531,1.05));
#29820=VERTEX_POINT('',#29810);
#29830=EDGE_CURVE('',#29740,#29820,#29800,.T.);
#29840=ORIENTED_EDGE('',*,*,#29830,.F.);
#29850=CARTESIAN_POINT('',(-1.817181,6.41408120776092E-32,1.05));
#29860=DIRECTION('',(6.12303176911189E-17,1.,-3.08148791101958E-33));
#29870=VECTOR('',#29860,1.);
#29880=LINE('',#29850,#29870);
#29890=CARTESIAN_POINT('',(-1.817181,1.469531,1.05));
#29900=VERTEX_POINT('',#29890);
#29910=EDGE_CURVE('',#29820,#29900,#29880,.T.);
#29920=ORIENTED_EDGE('',*,*,#29910,.F.);
#29930=CARTESIAN_POINT('',(0.,1.469531,1.05));
#29940=DIRECTION('',(1.,-6.12303176911189E-17,0.));
#29950=VECTOR('',#29940,1.);
#29960=LINE('',#29930,#29950);
#29970=CARTESIAN_POINT('',(0.782818999999997,1.469531,1.05));
#29980=VERTEX_POINT('',#29970);
#29990=EDGE_CURVE('',#29900,#29980,#29960,.T.);
#30000=ORIENTED_EDGE('',*,*,#29990,.F.);
#30010=CARTESIAN_POINT('',(0.782818999999997,5.62634441603266E-32,1.05))
;
#30020=DIRECTION('',(-6.12303176911189E-17,-1.,3.08148791101958E-33));
#30030=VECTOR('',#30020,1.);
#30040=LINE('',#30010,#30030);
#30050=EDGE_CURVE('',#29980,#5060,#30040,.T.);
#30060=ORIENTED_EDGE('',*,*,#30050,.F.);
#30070=ORIENTED_EDGE('',*,*,#5070,.F.);
#30080=ORIENTED_EDGE('',*,*,#13840,.F.);
#30090=CARTESIAN_POINT('',(-5.05691979664578E-16,2.769531,1.05));
#30100=DIRECTION('',(1.,1.22460635382238E-16,0.));
#30110=VECTOR('',#30100,1.);
#30120=LINE('',#30090,#30110);
#30130=EDGE_CURVE('',#27810,#13770,#30120,.T.);
#30140=ORIENTED_EDGE('',*,*,#30130,.T.);
#30150=ORIENTED_EDGE('',*,*,#27820,.T.);
#30160=EDGE_LOOP('',(#30150,#30140,#30080,#30070,#30060,#30000,#29920,
#29840,#29760,#29680,#29600,#29520));
#30170=FACE_OUTER_BOUND('',#30160,.T.);
#30180=ADVANCED_FACE('',(#30170),#29440,.T.);
#30190=CARTESIAN_POINT('',(-1.567181,2.669531,1.55));
#30200=DIRECTION('',(0.,0.,1.));
#30210=DIRECTION('',(-1.22460635382238E-16,1.,0.));
#30220=AXIS2_PLACEMENT_3D('',#30190,#30200,#30210);
#30230=PLANE('',#30220);
#30240=CARTESIAN_POINT('',(-1.567181,1.769531,1.55));
#30250=DIRECTION('',(1.,1.22460635382238E-16,0.));
#30260=VECTOR('',#30250,1.);
#30270=LINE('',#30240,#30260);
#30280=CARTESIAN_POINT('',(-0.427181000000001,1.769531,1.55));
#30290=VERTEX_POINT('',#30280);
#30300=EDGE_CURVE('',#30290,#27710,#30270,.T.);
#30310=ORIENTED_EDGE('',*,*,#30300,.F.);
#30320=ORIENTED_EDGE('',*,*,#27960,.F.);
#30330=CARTESIAN_POINT('',(0.372818999999999,2.769531,1.55));
#30340=DIRECTION('',(1.,2.33482937844753E-16,0.));
#30350=VECTOR('',#30340,1.);
#30360=LINE('',#30330,#30350);
#30370=CARTESIAN_POINT('',(0.782818999999999,2.769531,1.55));
#30380=VERTEX_POINT('',#30370);
#30390=EDGE_CURVE('',#27890,#30380,#30360,.T.);
#30400=ORIENTED_EDGE('',*,*,#30390,.F.);
#30410=CARTESIAN_POINT('',(0.782819,0.,1.55));
#30420=DIRECTION('',(1.22460635382238E-16,-1.,0.));
#30430=VECTOR('',#30420,1.);
#30440=LINE('',#30410,#30430);
#30450=EDGE_CURVE('',#30380,#15690,#30440,.T.);
#30460=ORIENTED_EDGE('',*,*,#30450,.F.);
#30470=ORIENTED_EDGE('',*,*,#15700,.T.);
#30480=CARTESIAN_POINT('',(-1.567181,-1.91917981018971E-16,1.55));
#30490=DIRECTION('',(-1.22460635382238E-16,1.,0.));
#30500=VECTOR('',#30490,1.);
#30510=LINE('',#30480,#30500);
#30520=CARTESIAN_POINT('',(-1.567181,2.769531,1.55));
#30530=VERTEX_POINT('',#30520);
#30540=EDGE_CURVE('',#15610,#30530,#30510,.T.);
#30550=ORIENTED_EDGE('',*,*,#30540,.F.);
#30560=CARTESIAN_POINT('',(-1.567181,2.769531,1.55));
#30570=DIRECTION('',(1.,1.22460635382238E-16,0.));
#30580=VECTOR('',#30570,1.);
#30590=LINE('',#30560,#30580);
#30600=CARTESIAN_POINT('',(-0.427181000000001,2.769531,1.55));
#30610=VERTEX_POINT('',#30600);
#30620=EDGE_CURVE('',#30530,#30610,#30590,.T.);
#30630=ORIENTED_EDGE('',*,*,#30620,.F.);
#30640=CARTESIAN_POINT('',(-0.427181,-0.230469,1.55));
#30650=DIRECTION('',(-2.05727362229124E-16,1.,0.));
#30660=VECTOR('',#30650,1.);
#30670=LINE('',#30640,#30660);
#30680=EDGE_CURVE('',#30290,#30610,#30670,.T.);
#30690=ORIENTED_EDGE('',*,*,#30680,.T.);
#30700=EDGE_LOOP('',(#30690,#30630,#30550,#30470,#30460,#30400,#30320,
#30310));
#30710=FACE_OUTER_BOUND('',#30700,.T.);
#30720=ADVANCED_FACE('',(#30710),#30230,.T.);
#30730=ORIENTED_EDGE('',*,*,#27100,.T.);
#30740=ORIENTED_EDGE('',*,*,#28210,.F.);
#30750=CARTESIAN_POINT('',(0.147819,-1.530469,2.675));
#30760=VERTEX_POINT('',#30750);
#30770=EDGE_CURVE('',#28140,#30760,#2490,.T.);
#30780=ORIENTED_EDGE('',*,*,#30770,.F.);
#30790=CARTESIAN_POINT('',(0.147819,-1.530469,8.125));
#30800=DIRECTION('',(0.,0.,1.));
#30810=VECTOR('',#30800,1.);
#30820=LINE('',#30790,#30810);
#30830=EDGE_CURVE('',#27090,#30760,#30820,.T.);
#30840=ORIENTED_EDGE('',*,*,#30830,.T.);
#30850=EDGE_LOOP('',(#30840,#30780,#30740,#30730));
#30860=FACE_OUTER_BOUND('',#30850,.T.);
#30870=ADVANCED_FACE('',(#30860),#2350,.T.);
#30880=CARTESIAN_POINT('',(-2.5571834,-2.030469,3.926));
#30890=DIRECTION('',(0.,0.,1.));
#30900=DIRECTION('',(-1.22460635382238E-16,1.,0.));
#30910=AXIS2_PLACEMENT_3D('',#30880,#30890,#30900);
#30920=PLANE('',#30910);
#30930=CARTESIAN_POINT('',(-2.217181,-2.030469,3.926));
#30940=DIRECTION('',(1.,0.,0.));
#30950=VECTOR('',#30940,1.);
#30960=LINE('',#30930,#30950);
#30970=CARTESIAN_POINT('',(-2.217181,-2.030469,3.926));
#30980=VERTEX_POINT('',#30970);
#30990=EDGE_CURVE('',#30980,#26520,#30960,.T.);
#31000=ORIENTED_EDGE('',*,*,#30990,.F.);
#31010=ORIENTED_EDGE('',*,*,#26530,.T.);
#31020=CARTESIAN_POINT('',(-2.5571834,-1.530469,3.926));
#31030=DIRECTION('',(1.,1.22460635382238E-16,0.));
#31040=VECTOR('',#31030,1.);
#31050=LINE('',#31020,#31040);
#31060=CARTESIAN_POINT('',(-2.217181,-1.530469,3.926));
#31070=VERTEX_POINT('',#31060);
#31080=EDGE_CURVE('',#31070,#26440,#31050,.T.);
#31090=ORIENTED_EDGE('',*,*,#31080,.T.);
#31100=CARTESIAN_POINT('',(-2.217181,-1.930469,3.926));
#31110=DIRECTION('',(0.,-1.,0.));
#31120=VECTOR('',#31110,1.);
#31130=LINE('',#31100,#31120);
#31140=EDGE_CURVE('',#31070,#30980,#31130,.T.);
#31150=ORIENTED_EDGE('',*,*,#31140,.F.);
#31160=EDGE_LOOP('',(#31150,#31090,#31010,#31000));
#31170=FACE_OUTER_BOUND('',#31160,.T.);
#31180=ADVANCED_FACE('',(#31170),#30920,.F.);
#31190=CARTESIAN_POINT('',(-1.017181,-2.030469,1.875));
#31200=DIRECTION('',(-1.,-1.22460635382238E-16,0.));
#31210=DIRECTION('',(-1.22460635382238E-16,1.,0.));
#31220=AXIS2_PLACEMENT_3D('',#31190,#31200,#31210);
#31230=PLANE('',#31220);
#31240=CARTESIAN_POINT('',(-1.017181,-1.2456463155874E-16,2.676));
#31250=DIRECTION('',(-1.22460635382238E-16,1.,0.));
#31260=VECTOR('',#31250,1.);
#31270=LINE('',#31240,#31260);
#31280=CARTESIAN_POINT('',(-1.017181,-2.030469,2.676));
#31290=VERTEX_POINT('',#31280);
#31300=CARTESIAN_POINT('',(-1.017181,-1.530469,2.676));
#31310=VERTEX_POINT('',#31300);
#31320=EDGE_CURVE('',#31290,#31310,#31270,.T.);
#31330=ORIENTED_EDGE('',*,*,#31320,.F.);
#31340=CARTESIAN_POINT('',(-1.017181,-1.530469,8.125));
#31350=DIRECTION('',(0.,0.,1.));
#31360=VECTOR('',#31350,1.);
#31370=LINE('',#31340,#31360);
#31380=EDGE_CURVE('',#31310,#1580,#31370,.T.);
#31390=ORIENTED_EDGE('',*,*,#31380,.F.);
#31400=ORIENTED_EDGE('',*,*,#1590,.F.);
#31410=CARTESIAN_POINT('',(-1.017181,-2.030469,0.));
#31420=DIRECTION('',(0.,0.,-1.));
#31430=VECTOR('',#31420,1.);
#31440=LINE('',#31410,#31430);
#31450=EDGE_CURVE('',#1500,#31290,#31440,.T.);
#31460=ORIENTED_EDGE('',*,*,#31450,.F.);
#31470=EDGE_LOOP('',(#31460,#31400,#31390,#31330));
#31480=FACE_OUTER_BOUND('',#31470,.T.);
#31490=ADVANCED_FACE('',(#31480),#31230,.T.);
#31500=CARTESIAN_POINT('',(-2.217181,-2.030469,2.224));
#31510=DIRECTION('',(0.,-1.,8.88178419700128E-15));
#31520=DIRECTION('',(0.,-8.88178419700128E-15,-1.));
#31530=AXIS2_PLACEMENT_3D('',#31500,#31510,#31520);
#31540=PLANE('',#31530);
#31550=ORIENTED_EDGE('',*,*,#27340,.F.);
#31560=CARTESIAN_POINT('',(-1.517181,-2.030469,1.875));
#31570=DIRECTION('',(0.,0.,1.));
#31580=VECTOR('',#31570,1.);
#31590=LINE('',#31560,#31580);
#31600=CARTESIAN_POINT('',(-1.517181,-2.030469,1.05));
#31610=VERTEX_POINT('',#31600);
#31620=EDGE_CURVE('',#31610,#27330,#31590,.T.);
#31630=ORIENTED_EDGE('',*,*,#31620,.T.);
#31640=CARTESIAN_POINT('',(8.21190701701634E-17,-2.030469,1.05));
#31650=DIRECTION('',(-1.,-1.22460635382238E-16,0.));
#31660=VECTOR('',#31650,1.);
#31670=LINE('',#31640,#31660);
#31680=CARTESIAN_POINT('',(-2.217181,-2.030469,1.05));
#31690=VERTEX_POINT('',#31680);
#31700=EDGE_CURVE('',#31610,#31690,#31670,.T.);
#31710=ORIENTED_EDGE('',*,*,#31700,.F.);
#31720=CARTESIAN_POINT('',(-2.217181,-2.030469,6.875));
#31730=DIRECTION('',(0.,0.,1.));
#31740=VECTOR('',#31730,1.);
#31750=LINE('',#31720,#31740);
#31760=EDGE_CURVE('',#31690,#27310,#31750,.T.);
#31770=ORIENTED_EDGE('',*,*,#31760,.F.);
#31780=EDGE_LOOP('',(#31770,#31710,#31630,#31550));
#31790=FACE_OUTER_BOUND('',#31780,.T.);
#31800=ADVANCED_FACE('',(#31790),#31540,.T.);
#31810=CARTESIAN_POINT('',(-1.717181,-2.5104714,0.840000000000002));
#31820=DIRECTION('',(0.,0.,-1.));
#31830=DIRECTION('',(1.,1.22460635382238E-16,0.));
#31840=AXIS2_PLACEMENT_3D('',#31810,#31820,#31830);
#31850=PLANE('',#31840);
#31860=CARTESIAN_POINT('',(-1.417181,0.669531,0.840000000000002));
#31870=DIRECTION('',(-1.,0.,0.));
#31880=VECTOR('',#31870,1.);
#31890=LINE('',#31860,#31880);
#31900=CARTESIAN_POINT('',(-1.417181,0.669531,0.840000000000002));
#31910=VERTEX_POINT('',#31900);
#31920=CARTESIAN_POINT('',(-1.717181,0.669531,0.840000000000002));
#31930=VERTEX_POINT('',#31920);
#31940=EDGE_CURVE('',#31910,#31930,#31890,.T.);
#31950=ORIENTED_EDGE('',*,*,#31940,.T.);
#31960=CARTESIAN_POINT('',(-1.417181,0.,0.840000000000002));
#31970=DIRECTION('',(0.,-1.,0.));
#31980=VECTOR('',#31970,1.);
#31990=LINE('',#31960,#31980);
#32000=EDGE_CURVE('',#31910,#26040,#31990,.T.);
#32010=ORIENTED_EDGE('',*,*,#32000,.F.);
#32020=ORIENTED_EDGE('',*,*,#26050,.F.);
#32030=CARTESIAN_POINT('',(-1.717181,0.,0.840000000000002));
#32040=DIRECTION('',(1.38777878078144E-15,-1.,0.));
#32050=VECTOR('',#32040,1.);
#32060=LINE('',#32030,#32050);
#32070=EDGE_CURVE('',#31930,#25960,#32060,.T.);
#32080=ORIENTED_EDGE('',*,*,#32070,.T.);
#32090=EDGE_LOOP('',(#32080,#32020,#32010,#31950));
#32100=FACE_OUTER_BOUND('',#32090,.T.);
#32110=ADVANCED_FACE('',(#32100),#31850,.F.);
#32120=CARTESIAN_POINT('',(-2.5571834,-2.030469,4.824));
#32130=DIRECTION('',(0.,0.,1.));
#32140=DIRECTION('',(0.,1.,0.));
#32150=AXIS2_PLACEMENT_3D('',#32120,#32130,#32140);
#32160=PLANE('',#32150);
#32170=CARTESIAN_POINT('',(-2.217181,-1.930469,4.824));
#32180=DIRECTION('',(-1.22460635382238E-16,-1.,0.));
#32190=VECTOR('',#32180,1.);
#32200=LINE('',#32170,#32190);
#32210=CARTESIAN_POINT('',(-2.217181,-1.530469,4.824));
#32220=VERTEX_POINT('',#32210);
#32230=CARTESIAN_POINT('',(-2.217181,-2.030469,4.824));
#32240=VERTEX_POINT('',#32230);
#32250=EDGE_CURVE('',#32220,#32240,#32200,.T.);
#32260=ORIENTED_EDGE('',*,*,#32250,.T.);
#32270=CARTESIAN_POINT('',(-2.5571834,-1.530469,4.824));
#32280=DIRECTION('',(1.,0.,0.));
#32290=VECTOR('',#32280,1.);
#32300=LINE('',#32270,#32290);
#32310=EDGE_CURVE('',#32220,#26340,#32300,.T.);
#32320=ORIENTED_EDGE('',*,*,#32310,.F.);
#32330=ORIENTED_EDGE('',*,*,#26370,.F.);
#32340=CARTESIAN_POINT('',(-2.217181,-2.030469,4.824));
#32350=DIRECTION('',(1.,-1.22460635382238E-16,0.));
#32360=VECTOR('',#32350,1.);
#32370=LINE('',#32340,#32360);
#32380=EDGE_CURVE('',#32240,#26360,#32370,.T.);
#32390=ORIENTED_EDGE('',*,*,#32380,.T.);
#32400=EDGE_LOOP('',(#32390,#32330,#32320,#32260));
#32410=FACE_OUTER_BOUND('',#32400,.T.);
#32420=ADVANCED_FACE('',(#32410),#32160,.T.);
#32430=CARTESIAN_POINT('',(-1.74283400696029,0.669531,0.934510345014509)
);
#32440=DIRECTION('',(6.12303176911189E-17,1.,-3.74915180455534E-33));
#32450=DIRECTION('',(-1.,6.12303176911189E-17,6.12303176911188E-17));
#32460=AXIS2_PLACEMENT_3D('',#32430,#32440,#32450);
#32470=PLANE('',#32460);
#32480=CARTESIAN_POINT('',(0.,0.669531,1.05));
#32490=DIRECTION('',(1.,-6.12303176911189E-17,0.));
#32500=VECTOR('',#32490,1.);
#32510=LINE('',#32480,#32500);
#32520=CARTESIAN_POINT('',(-1.717181,0.669531,1.05));
#32530=VERTEX_POINT('',#32520);
#32540=CARTESIAN_POINT('',(-1.667181,0.669531,1.05));
#32550=VERTEX_POINT('',#32540);
#32560=EDGE_CURVE('',#32530,#32550,#32510,.T.);
#32570=ORIENTED_EDGE('',*,*,#32560,.F.);
#32580=CARTESIAN_POINT('',(-1.667181,0.669531,15.625));
#32590=DIRECTION('',(6.12303176911189E-17,-6.16297582203916E-33,1.));
#32600=VECTOR('',#32590,1.);
#32610=LINE('',#32580,#32600);
#32620=CARTESIAN_POINT('',(-1.667181,0.669531,0.850000000000001));
#32630=VERTEX_POINT('',#32620);
#32640=EDGE_CURVE('',#32630,#32550,#32610,.T.);
#32650=ORIENTED_EDGE('',*,*,#32640,.T.);
#32660=CARTESIAN_POINT('',(-3.10788179046229E-15,0.669531,
0.850000000000001));
#32670=DIRECTION('',(1.,-6.12303176911189E-17,-6.12303176911188E-17));
#32680=VECTOR('',#32670,1.);
#32690=LINE('',#32660,#32680);
#32700=CARTESIAN_POINT('',(-1.717181,0.669531,0.850000000000001));
#32710=VERTEX_POINT('',#32700);
#32720=EDGE_CURVE('',#32710,#32630,#32690,.T.);
#32730=ORIENTED_EDGE('',*,*,#32720,.T.);
#32740=CARTESIAN_POINT('',(-1.717181,0.669531,8.125));
#32750=DIRECTION('',(-4.78959436048522E-48,3.74915180455534E-33,1.));
#32760=VECTOR('',#32750,1.);
#32770=LINE('',#32740,#32760);
#32780=EDGE_CURVE('',#32710,#32530,#32770,.T.);
#32790=ORIENTED_EDGE('',*,*,#32780,.F.);
#32800=EDGE_LOOP('',(#32790,#32730,#32650,#32570));
#32810=FACE_OUTER_BOUND('',#32800,.T.);
#32820=ADVANCED_FACE('',(#32810),#32470,.F.);
#32830=CARTESIAN_POINT('',(1.182819,1.469531,0.549999999999997));
#32840=DIRECTION('',(-6.12303176911188E-17,3.74915180455534E-33,-1.));
#32850=DIRECTION('',(1.,-6.12303176911189E-17,-6.12303176911188E-17));
#32860=AXIS2_PLACEMENT_3D('',#32830,#32840,#32850);
#32870=PLANE('',#32860);
#32880=CARTESIAN_POINT('',(0.982818999999997,1.469531,0.549999999999997)
);
#32890=DIRECTION('',(-6.12303176911188E-17,-1.,0.));
#32900=VECTOR('',#32890,1.);
#32910=LINE('',#32880,#32900);
#32920=CARTESIAN_POINT('',(0.982818999999997,1.469531,0.549999999999997)
);
#32930=VERTEX_POINT('',#32920);
#32940=EDGE_CURVE('',#32930,#210,#32910,.T.);
#32950=ORIENTED_EDGE('',*,*,#32940,.F.);
#32960=ORIENTED_EDGE('',*,*,#220,.T.);
#32970=ORIENTED_EDGE('',*,*,#14070,.T.);
#32980=CARTESIAN_POINT('',(-3.10788179046229E-15,1.469531,
0.549999999999997));
#32990=DIRECTION('',(1.,-6.12303176911189E-17,-6.12303176911188E-17));
#33000=VECTOR('',#32990,1.);
#33010=LINE('',#32980,#33000);
#33020=EDGE_CURVE('',#32930,#14000,#33010,.T.);
#33030=ORIENTED_EDGE('',*,*,#33020,.T.);
#33040=EDGE_LOOP('',(#33030,#32970,#32960,#32950));
#33050=FACE_OUTER_BOUND('',#33040,.T.);
#33060=ADVANCED_FACE('',(#33050),#32870,.T.);
#33070=CARTESIAN_POINT('',(-1.567181,2.769531,1.55));
#33080=DIRECTION('',(-1.22460635382238E-16,1.,4.44089209850056E-15));
#33090=DIRECTION('',(-5.43834468046338E-31,4.44089209850056E-15,-1.));
#33100=AXIS2_PLACEMENT_3D('',#33070,#33080,#33090);
#33110=PLANE('',#33100);
#33120=CARTESIAN_POINT('',(-2.217181,2.769531,2.025));
#33130=DIRECTION('',(1.,0.,0.));
#33140=VECTOR('',#33130,1.);
#33150=LINE('',#33120,#33140);
#33160=CARTESIAN_POINT('',(-2.217181,2.769531,2.025));
#33170=VERTEX_POINT('',#33160);
#33180=CARTESIAN_POINT('',(-1.567181,2.769531,2.025));
#33190=VERTEX_POINT('',#33180);
#33200=EDGE_CURVE('',#33170,#33190,#33150,.T.);
#33210=ORIENTED_EDGE('',*,*,#33200,.T.);
#33220=CARTESIAN_POINT('',(-2.217181,2.769531,2.025));
#33230=DIRECTION('',(0.,0.,-1.));
#33240=VECTOR('',#33230,1.);
#33250=LINE('',#33220,#33240);
#33260=EDGE_CURVE('',#33170,#29660,#33250,.T.);
#33270=ORIENTED_EDGE('',*,*,#33260,.F.);
#33280=ORIENTED_EDGE('',*,*,#29670,.T.);
#33290=CARTESIAN_POINT('',(-0.427181000000001,2.769531,1.05));
#33300=DIRECTION('',(0.,0.,1.));
#33310=VECTOR('',#33300,1.);
#33320=LINE('',#33290,#33310);
#33330=EDGE_CURVE('',#29580,#30610,#33320,.T.);
#33340=ORIENTED_EDGE('',*,*,#33330,.F.);
#33350=ORIENTED_EDGE('',*,*,#30620,.T.);
#33360=CARTESIAN_POINT('',(-1.567181,2.769531,1.55));
#33370=DIRECTION('',(0.,0.,1.));
#33380=VECTOR('',#33370,1.);
#33390=LINE('',#33360,#33380);
#33400=EDGE_CURVE('',#30530,#33190,#33390,.T.);
#33410=ORIENTED_EDGE('',*,*,#33400,.F.);
#33420=EDGE_LOOP('',(#33410,#33350,#33340,#33280,#33270,#33210));
#33430=FACE_OUTER_BOUND('',#33420,.T.);
#33440=ADVANCED_FACE('',(#33430),#33110,.T.);
#33450=CARTESIAN_POINT('',(0.372818999999999,1.769531,1.55));
#33460=DIRECTION('',(-1.22460635382238E-16,1.,0.));
#33470=DIRECTION('',(-1.,-1.22460635382238E-16,0.));
#33480=AXIS2_PLACEMENT_3D('',#33450,#33460,#33470);
#33490=PLANE('',#33480);
#33500=CARTESIAN_POINT('',(-0.427181000000001,1.769531,1.55));
#33510=DIRECTION('',(0.,0.,-1.));
#33520=VECTOR('',#33510,1.);
#33530=LINE('',#33500,#33520);
#33540=EDGE_CURVE('',#30290,#29500,#33530,.T.);
#33550=ORIENTED_EDGE('',*,*,#33540,.F.);
#33560=ORIENTED_EDGE('',*,*,#29510,.F.);
#33570=ORIENTED_EDGE('',*,*,#27740,.T.);
#33580=ORIENTED_EDGE('',*,*,#30300,.T.);
#33590=EDGE_LOOP('',(#33580,#33570,#33560,#33550));
#33600=FACE_OUTER_BOUND('',#33590,.T.);
#33610=ADVANCED_FACE('',(#33600),#33490,.T.);
#33620=CARTESIAN_POINT('',(-2.217181,1.169531,2.025));
#33630=DIRECTION('',(0.,0.,-1.));
#33640=DIRECTION('',(0.,1.,0.));
#33650=AXIS2_PLACEMENT_3D('',#33620,#33630,#33640);
#33660=PLANE('',#33650);
#33670=CARTESIAN_POINT('',(-2.217181,0.969530999999999,2.025));
#33680=DIRECTION('',(1.,0.,0.));
#33690=VECTOR('',#33680,1.);
#33700=LINE('',#33670,#33690);
#33710=CARTESIAN_POINT('',(-2.217181,0.969530999999999,2.025));
#33720=VERTEX_POINT('',#33710);
#33730=CARTESIAN_POINT('',(-1.567181,0.969530999999999,2.025));
#33740=VERTEX_POINT('',#33730);
#33750=EDGE_CURVE('',#33720,#33740,#33700,.T.);
#33760=ORIENTED_EDGE('',*,*,#33750,.T.);
#33770=CARTESIAN_POINT('',(-2.217181,0.,2.025));
#33780=DIRECTION('',(0.,-1.,0.));
#33790=VECTOR('',#33780,1.);
#33800=LINE('',#33770,#33790);
#33810=EDGE_CURVE('',#33170,#33720,#33800,.T.);
#33820=ORIENTED_EDGE('',*,*,#33810,.T.);
#33830=ORIENTED_EDGE('',*,*,#33200,.F.);
#33840=CARTESIAN_POINT('',(-1.567181,-1.91917981018971E-16,2.025));
#33850=DIRECTION('',(1.22460635382238E-16,-1.,0.));
#33860=VECTOR('',#33850,1.);
#33870=LINE('',#33840,#33860);
#33880=EDGE_CURVE('',#33190,#33740,#33870,.T.);
#33890=ORIENTED_EDGE('',*,*,#33880,.F.);
#33900=EDGE_LOOP('',(#33890,#33830,#33820,#33760));
#33910=FACE_OUTER_BOUND('',#33900,.T.);
#33920=ADVANCED_FACE('',(#33910),#33660,.F.);
#33930=CARTESIAN_POINT('',(-1.717181,0.569531,1.05));
#33940=DIRECTION('',(1.,1.38777878078144E-15,0.));
#33950=DIRECTION('',(-1.38777878078144E-15,1.,0.));
#33960=AXIS2_PLACEMENT_3D('',#33930,#33940,#33950);
#33970=PLANE('',#33960);
#33980=CARTESIAN_POINT('',(-1.717181,-0.780469000000024,8.125));
#33990=DIRECTION('',(-4.2423930870811E-31,3.06151588455597E-16,1.));
#34000=VECTOR('',#33990,1.);
#34010=LINE('',#33980,#34000);
#34020=CARTESIAN_POINT('',(-1.717181,-0.780469000000025,
0.850000000000001));
#34030=VERTEX_POINT('',#34020);
#34040=CARTESIAN_POINT('',(-1.717181,-0.780469000000025,1.05));
#34050=VERTEX_POINT('',#34040);
#34060=EDGE_CURVE('',#34030,#34050,#34010,.T.);
#34070=ORIENTED_EDGE('',*,*,#34060,.T.);
#34080=CARTESIAN_POINT('',(-1.717181,0.,0.850000000000001));
#34090=DIRECTION('',(-1.38777878078144E-15,1.,9.86076131526265E-32));
#34100=VECTOR('',#34090,1.);
#34110=LINE('',#34080,#34100);
#34120=CARTESIAN_POINT('',(-1.717181,-0.530469,0.850000000000001));
#34130=VERTEX_POINT('',#34120);
#34140=EDGE_CURVE('',#34030,#34130,#34110,.T.);
#34150=ORIENTED_EDGE('',*,*,#34140,.F.);
#34160=CARTESIAN_POINT('',(-1.717181,-0.530469000000001,8.125));
#34170=DIRECTION('',(4.78959436048522E-48,-3.74915180455534E-33,-1.));
#34180=VECTOR('',#34170,1.);
#34190=LINE('',#34160,#34180);
#34200=CARTESIAN_POINT('',(-1.717181,-0.530469,1.05));
#34210=VERTEX_POINT('',#34200);
#34220=EDGE_CURVE('',#34210,#34130,#34190,.T.);
#34230=ORIENTED_EDGE('',*,*,#34220,.T.);
#34240=CARTESIAN_POINT('',(-1.717181,0.,1.05));
#34250=DIRECTION('',(1.38777878078144E-15,-1.,0.));
#34260=VECTOR('',#34250,1.);
#34270=LINE('',#34240,#34260);
#34280=CARTESIAN_POINT('',(-1.717181,-0.363802333333348,1.05));
#34290=VERTEX_POINT('',#34280);
#34300=EDGE_CURVE('',#34290,#34210,#34270,.T.);
#34310=ORIENTED_EDGE('',*,*,#34300,.T.);
#34320=CARTESIAN_POINT('',(-1.717181,-0.363802333333345,8.125));
#34330=DIRECTION('',(-2.84183158268499E-31,2.04101058970397E-16,1.));
#34340=VECTOR('',#34330,1.);
#34350=LINE('',#34320,#34340);
#34360=CARTESIAN_POINT('',(-1.717181,-0.363802333333348,
0.850000000000001));
#34370=VERTEX_POINT('',#34360);
#34380=EDGE_CURVE('',#34370,#34290,#34350,.T.);
#34390=ORIENTED_EDGE('',*,*,#34380,.T.);
#34400=CARTESIAN_POINT('',(-1.717181,-0.0304690000000004,
0.850000000000001));
#34410=VERTEX_POINT('',#34400);
#34420=EDGE_CURVE('',#34370,#34410,#34110,.T.);
#34430=ORIENTED_EDGE('',*,*,#34420,.F.);
#34440=CARTESIAN_POINT('',(-1.717181,-0.0304690000000004,8.125));
#34450=DIRECTION('',(4.78959436048522E-48,-3.74915180455534E-33,-1.));
#34460=VECTOR('',#34450,1.);
#34470=LINE('',#34440,#34460);
#34480=CARTESIAN_POINT('',(-1.717181,-0.0304690000000004,1.05));
#34490=VERTEX_POINT('',#34480);
#34500=EDGE_CURVE('',#34490,#34410,#34470,.T.);
#34510=ORIENTED_EDGE('',*,*,#34500,.T.);
#34520=EDGE_CURVE('',#32530,#34490,#34270,.T.);
#34530=ORIENTED_EDGE('',*,*,#34520,.T.);
#34540=ORIENTED_EDGE('',*,*,#32780,.T.);
#34550=CARTESIAN_POINT('',(-1.717181,0.669531,1.05));
#34560=DIRECTION('',(0.,0.,-1.));
#34570=VECTOR('',#34560,1.);
#34580=LINE('',#34550,#34570);
#34590=EDGE_CURVE('',#32710,#31930,#34580,.T.);
#34600=ORIENTED_EDGE('',*,*,#34590,.F.);
#34610=ORIENTED_EDGE('',*,*,#32070,.F.);
#34620=ORIENTED_EDGE('',*,*,#25970,.T.);
#34630=EDGE_CURVE('',#34050,#25880,#34270,.T.);
#34640=ORIENTED_EDGE('',*,*,#34630,.T.);
#34650=EDGE_LOOP('',(#34640,#34620,#34610,#34600,#34540,#34530,#34510,
#34430,#34390,#34310,#34230,#34150,#34070));
#34660=FACE_OUTER_BOUND('',#34650,.T.);
#34670=ADVANCED_FACE('',(#34660),#33970,.T.);
#34680=CARTESIAN_POINT('',(-0.452181000000001,-1.430469,3.575));
#34690=DIRECTION('',(0.,0.,-1.));
#34700=DIRECTION('',(-1.,0.,0.));
#34710=AXIS2_PLACEMENT_3D('',#34680,#34690,#34700);
#34720=CIRCLE('',#34710,0.25);
#34730=CARTESIAN_POINT('',(-0.223052215252209,-1.530469,3.575));
#34740=VERTEX_POINT('',#34730);
#34750=CARTESIAN_POINT('',(-0.452181000000001,-1.680469,3.575));
#34760=VERTEX_POINT('',#34750);
#34770=EDGE_CURVE('',#34740,#34760,#34720,.T.);
#34780=ORIENTED_EDGE('',*,*,#34770,.F.);
#34790=CARTESIAN_POINT('',(-0.0251477347320566,-1.680469,3.575));
#34800=DIRECTION('',(1.,0.,0.));
#34810=VECTOR('',#34800,1.);
#34820=LINE('',#34790,#34810);
#34830=CARTESIAN_POINT('',(-3.417181,-1.680469,3.575));
#34840=VERTEX_POINT('',#34830);
#34850=EDGE_CURVE('',#34840,#34760,#34820,.T.);
#34860=ORIENTED_EDGE('',*,*,#34850,.T.);
#34870=CARTESIAN_POINT('',(-3.417181,-0.372053431461694,3.575));
#34880=DIRECTION('',(0.,-1.,0.));
#34890=VECTOR('',#34880,1.);
#34900=LINE('',#34870,#34890);
#34910=CARTESIAN_POINT('',(-3.417181,-2.030469,3.575));
#34920=VERTEX_POINT('',#34910);
#34930=EDGE_CURVE('',#34840,#34920,#34900,.T.);
#34940=ORIENTED_EDGE('',*,*,#34930,.F.);
#34950=CARTESIAN_POINT('',(-0.0251477347320566,-2.030469,3.575));
#34960=DIRECTION('',(-1.,0.,0.));
#34970=VECTOR('',#34960,1.);
#34980=LINE('',#34950,#34970);
#34990=CARTESIAN_POINT('',(-0.302181,-2.030469,3.575));
#35000=VERTEX_POINT('',#34990);
#35010=EDGE_CURVE('',#35000,#34920,#34980,.T.);
#35020=ORIENTED_EDGE('',*,*,#35010,.T.);
#35030=CARTESIAN_POINT('',(-0.302181,-1.580469,3.575));
#35040=DIRECTION('',(0.,0.,1.));
#35050=DIRECTION('',(1.,0.,0.));
#35060=AXIS2_PLACEMENT_3D('',#35030,#35040,#35050);
#35070=CIRCLE('',#35060,0.45);
#35080=CARTESIAN_POINT('',(0.147819,-1.580469,3.575));
#35090=VERTEX_POINT('',#35080);
#35100=EDGE_CURVE('',#35000,#35090,#35070,.T.);
#35110=ORIENTED_EDGE('',*,*,#35100,.F.);
#35120=CARTESIAN_POINT('',(0.147819,-1.530469,3.575));
#35130=VERTEX_POINT('',#35120);
#35140=EDGE_CURVE('',#35090,#35130,#6940,.T.);
#35150=ORIENTED_EDGE('',*,*,#35140,.F.);
#35160=CARTESIAN_POINT('',(0.,-1.530469,3.575));
#35170=DIRECTION('',(-1.,-1.22460635382238E-16,0.));
#35180=VECTOR('',#35170,1.);
#35190=LINE('',#35160,#35180);
#35200=EDGE_CURVE('',#35130,#34740,#35190,.T.);
#35210=ORIENTED_EDGE('',*,*,#35200,.F.);
#35220=EDGE_LOOP('',(#35210,#35150,#35110,#35020,#34940,#34860,#34780));
#35230=FACE_OUTER_BOUND('',#35220,.T.);
#35240=ADVANCED_FACE('',(#35230),#6740,.F.);
#35250=CARTESIAN_POINT('',(-1.817181,-0.0304690000000004,1.05));
#35260=DIRECTION('',(-6.12303176911189E-17,-1.,3.74915180455534E-33));
#35270=DIRECTION('',(-1.,6.12303176911189E-17,6.12303176911188E-17));
#35280=AXIS2_PLACEMENT_3D('',#35250,#35260,#35270);
#35290=PLANE('',#35280);
#35300=CARTESIAN_POINT('',(0.,-0.0304690000000005,1.05));
#35310=DIRECTION('',(-1.,6.12303176911189E-17,0.));
#35320=VECTOR('',#35310,1.);
#35330=LINE('',#35300,#35320);
#35340=CARTESIAN_POINT('',(-1.667181,-0.0304690000000004,1.05));
#35350=VERTEX_POINT('',#35340);
#35360=EDGE_CURVE('',#35350,#34490,#35330,.T.);
#35370=ORIENTED_EDGE('',*,*,#35360,.F.);
#35380=ORIENTED_EDGE('',*,*,#34500,.F.);
#35390=CARTESIAN_POINT('',(-2.9776771222126E-15,-0.0304690000000005,
0.850000000000001));
#35400=DIRECTION('',(1.,-6.12303176911189E-17,-6.12303176911188E-17));
#35410=VECTOR('',#35400,1.);
#35420=LINE('',#35390,#35410);
#35430=CARTESIAN_POINT('',(-1.667181,-0.0304690000000004,
0.850000000000001));
#35440=VERTEX_POINT('',#35430);
#35450=EDGE_CURVE('',#34410,#35440,#35420,.T.);
#35460=ORIENTED_EDGE('',*,*,#35450,.F.);
#35470=CARTESIAN_POINT('',(-1.667181,-0.0304690000000004,1.05));
#35480=DIRECTION('',(-6.12303176911188E-17,0.,-1.));
#35490=VECTOR('',#35480,1.);
#35500=LINE('',#35470,#35490);
#35510=EDGE_CURVE('',#35350,#35440,#35500,.T.);
#35520=ORIENTED_EDGE('',*,*,#35510,.T.);
#35530=EDGE_LOOP('',(#35520,#35460,#35380,#35370));
#35540=FACE_OUTER_BOUND('',#35530,.T.);
#35550=ADVANCED_FACE('',(#35540),#35290,.F.);
#35560=CARTESIAN_POINT('',(-0.268395264474578,-2.030469,2.00317603598786
));
#35570=DIRECTION('',(1.22460635382238E-16,-1.,0.));
#35580=DIRECTION('',(1.,1.22460635382238E-16,0.));
#35590=AXIS2_PLACEMENT_3D('',#35560,#35570,#35580);
#35600=PLANE('',#35590);
#35610=ORIENTED_EDGE('',*,*,#14250,.F.);
#35620=EDGE_CURVE('',#14180,#3120,#28430,.T.);
#35630=ORIENTED_EDGE('',*,*,#35620,.F.);
#35640=ORIENTED_EDGE('',*,*,#3130,.F.);
#35650=EDGE_LOOP('',(#35640,#35630,#35610));
#35660=FACE_OUTER_BOUND('',#35650,.T.);
#35670=ADVANCED_FACE('',(#35660),#35600,.T.);
#35680=CARTESIAN_POINT('',(-1.667181,-0.530469,1.05));
#35690=DIRECTION('',(0.957826285221152,0.287347885566345,
-5.86480077369953E-17));
#35700=DIRECTION('',(0.287347885566345,-0.957826285221152,
-1.75944023210986E-17));
#35710=AXIS2_PLACEMENT_3D('',#35680,#35690,#35700);
#35720=PLANE('',#35710);
#35730=CARTESIAN_POINT('',(-1.8263217,0.,1.05));
#35740=DIRECTION('',(0.287347885566345,-0.957826285221152,0.));
#35750=VECTOR('',#35740,1.);
#35760=LINE('',#35730,#35750);
#35770=CARTESIAN_POINT('',(-1.667181,-0.530469,1.05));
#35780=VERTEX_POINT('',#35770);
#35790=EDGE_CURVE('',#34290,#35780,#35760,.T.);
#35800=ORIENTED_EDGE('',*,*,#35790,.F.);
#35810=CARTESIAN_POINT('',(-1.667181,-0.530469,1.05));
#35820=DIRECTION('',(-6.12303176911188E-17,0.,-1.));
#35830=VECTOR('',#35820,1.);
#35840=LINE('',#35810,#35830);
#35850=CARTESIAN_POINT('',(-1.667181,-0.530469000000001,
0.850000000000001));
#35860=VERTEX_POINT('',#35850);
#35870=EDGE_CURVE('',#35780,#35860,#35840,.T.);
#35880=ORIENTED_EDGE('',*,*,#35870,.F.);
#35890=CARTESIAN_POINT('',(-1.8263217,1.11826257897184E-16,
0.850000000000001));
#35900=DIRECTION('',(-0.287347885566345,0.957826285221152,
1.75944023210986E-17));
#35910=VECTOR('',#35900,1.);
#35920=LINE('',#35890,#35910);
#35930=EDGE_CURVE('',#35860,#34370,#35920,.T.);
#35940=ORIENTED_EDGE('',*,*,#35930,.F.);
#35950=ORIENTED_EDGE('',*,*,#34380,.F.);
#35960=EDGE_LOOP('',(#35950,#35940,#35880,#35800));
#35970=FACE_OUTER_BOUND('',#35960,.T.);
#35980=ADVANCED_FACE('',(#35970),#35720,.F.);
#35990=CARTESIAN_POINT('',(0.982818999999997,1.469531,0.549999999999997)
);
#36000=DIRECTION('',(-1.,6.12303176911188E-17,6.12303176911188E-17));
#36010=DIRECTION('',(-6.12303176911188E-17,0.,-1.));
#36020=AXIS2_PLACEMENT_3D('',#35990,#36000,#36010);
#36030=PLANE('',#36020);
#36040=CARTESIAN_POINT('',(0.982818999999997,-1.22460635382237E-17,
0.649999999999999));
#36050=DIRECTION('',(6.12303176911189E-17,1.,-6.16297582203916E-33));
#36060=VECTOR('',#36050,1.);
#36070=LINE('',#36040,#36060);
#36080=CARTESIAN_POINT('',(0.982818999999997,1.469531,0.649999999999999)
);
#36090=VERTEX_POINT('',#36080);
#36100=EDGE_CURVE('',#290,#36090,#36070,.T.);
#36110=ORIENTED_EDGE('',*,*,#36100,.T.);
#36120=ORIENTED_EDGE('',*,*,#300,.T.);
#36130=ORIENTED_EDGE('',*,*,#32940,.T.);
#36140=CARTESIAN_POINT('',(0.982818999999998,1.469531,15.625));
#36150=DIRECTION('',(-6.12303176911189E-17,6.16297582203916E-33,-1.));
#36160=VECTOR('',#36150,1.);
#36170=LINE('',#36140,#36160);
#36180=EDGE_CURVE('',#36090,#32930,#36170,.T.);
#36190=ORIENTED_EDGE('',*,*,#36180,.T.);
#36200=EDGE_LOOP('',(#36190,#36130,#36120,#36110));
#36210=FACE_OUTER_BOUND('',#36200,.T.);
#36220=ADVANCED_FACE('',(#36210),#36030,.T.);
#36230=CARTESIAN_POINT('',(1.182819,-1.930469,2.324));
#36240=DIRECTION('',(-2.17533787218541E-30,1.77635683940027E-14,1.));
#36250=DIRECTION('',(-1.22460635382238E-16,1.,-1.77635683940027E-14));
#36260=AXIS2_PLACEMENT_3D('',#36230,#36240,#36250);
#36270=PLANE('',#36260);
#36280=ORIENTED_EDGE('',*,*,#28600,.F.);
#36290=CARTESIAN_POINT('',(-1.017181,-1.2456463155874E-16,2.324));
#36300=DIRECTION('',(-1.22460635382238E-16,1.,0.));
#36310=VECTOR('',#36300,1.);
#36320=LINE('',#36290,#36310);
#36330=CARTESIAN_POINT('',(-1.017181,-1.530469,2.32399999999999));
#36340=VERTEX_POINT('',#36330);
#36350=EDGE_CURVE('',#28530,#36340,#36320,.T.);
#36360=ORIENTED_EDGE('',*,*,#36350,.F.);
#36370=CARTESIAN_POINT('',(0.,-1.530469,2.32399999999999));
#36380=DIRECTION('',(1.,1.22460635382238E-16,0.));
#36390=VECTOR('',#36380,1.);
#36400=LINE('',#36370,#36390);
#36410=EDGE_CURVE('',#36340,#14360,#36400,.T.);
#36420=ORIENTED_EDGE('',*,*,#36410,.F.);
#36430=ORIENTED_EDGE('',*,*,#14370,.F.);
#36440=EDGE_LOOP('',(#36430,#36420,#36360,#36280));
#36450=FACE_OUTER_BOUND('',#36440,.T.);
#36460=ADVANCED_FACE('',(#36450),#36270,.T.);
#36470=CARTESIAN_POINT('',(-2.5571834,-2.030469,2.676));
#36480=DIRECTION('',(0.,0.,1.));
#36490=DIRECTION('',(-1.22460635382238E-16,1.,0.));
#36500=AXIS2_PLACEMENT_3D('',#36470,#36480,#36490);
#36510=PLANE('',#36500);
#36520=ORIENTED_EDGE('',*,*,#29050,.F.);
#36530=ORIENTED_EDGE('',*,*,#28810,.T.);
#36540=CARTESIAN_POINT('',(0.,-1.530469,2.676));
#36550=DIRECTION('',(1.,1.22460635382238E-16,0.));
#36560=VECTOR('',#36550,1.);
#36570=LINE('',#36540,#36560);
#36580=CARTESIAN_POINT('',(-2.217181,-1.530469,2.676));
#36590=VERTEX_POINT('',#36580);
#36600=EDGE_CURVE('',#36590,#28720,#36570,.T.);
#36610=ORIENTED_EDGE('',*,*,#36600,.T.);
#36620=CARTESIAN_POINT('',(-2.217181,-2.030469,2.676));
#36630=DIRECTION('',(0.,1.,0.));
#36640=VECTOR('',#36630,1.);
#36650=LINE('',#36620,#36640);
#36660=EDGE_CURVE('',#29040,#36590,#36650,.T.);
#36670=ORIENTED_EDGE('',*,*,#36660,.T.);
#36680=EDGE_LOOP('',(#36670,#36610,#36530,#36520));
#36690=FACE_OUTER_BOUND('',#36680,.T.);
#36700=ADVANCED_FACE('',(#36690),#36510,.F.);
#36710=CARTESIAN_POINT('',(-1.517181,-3.62496556751725E-17,5.176));
#36720=DIRECTION('',(0.,1.,0.));
#36730=VECTOR('',#36720,1.);
#36740=LINE('',#36710,#36730);
#36750=CARTESIAN_POINT('',(-1.517181,-2.030469,5.176));
#36760=VERTEX_POINT('',#36750);
#36770=CARTESIAN_POINT('',(-1.517181,-1.530469,5.176));
#36780=VERTEX_POINT('',#36770);
#36790=EDGE_CURVE('',#36760,#36780,#36740,.T.);
#36800=ORIENTED_EDGE('',*,*,#36790,.F.);
#36810=CARTESIAN_POINT('',(-1.87422206172818E-16,-1.530469,5.176));
#36820=DIRECTION('',(-1.,0.,0.));
#36830=VECTOR('',#36820,1.);
#36840=LINE('',#36810,#36830);
#36850=CARTESIAN_POINT('',(-2.217181,-1.530469,5.176));
#36860=VERTEX_POINT('',#36850);
#36870=EDGE_CURVE('',#36780,#36860,#36840,.T.);
#36880=ORIENTED_EDGE('',*,*,#36870,.F.);
#36890=CARTESIAN_POINT('',(-2.217181,-2.22044604925031E-16,5.176));
#36900=DIRECTION('',(0.,-1.,0.));
#36910=VECTOR('',#36900,1.);
#36920=LINE('',#36890,#36910);
#36930=CARTESIAN_POINT('',(-2.217181,-2.030469,5.176));
#36940=VERTEX_POINT('',#36930);
#36950=EDGE_CURVE('',#36860,#36940,#36920,.T.);
#36960=ORIENTED_EDGE('',*,*,#36950,.F.);
#36970=CARTESIAN_POINT('',(-2.217181,-2.030469,5.176));
#36980=DIRECTION('',(1.,-1.22460635382238E-16,0.));
#36990=VECTOR('',#36980,1.);
#37000=LINE('',#36970,#36990);
#37010=EDGE_CURVE('',#36940,#36760,#37000,.T.);
#37020=ORIENTED_EDGE('',*,*,#37010,.F.);
#37030=EDGE_LOOP('',(#37020,#36960,#36880,#36800));
#37040=FACE_OUTER_BOUND('',#37030,.T.);
#37050=ADVANCED_FACE('',(#37040),#10850,.T.);
#37060=CARTESIAN_POINT('',(-1.417181,0.669531,0.300000000000002));
#37070=DIRECTION('',(0.,1.,0.));
#37080=DIRECTION('',(0.,0.,-1.));
#37090=AXIS2_PLACEMENT_3D('',#37060,#37070,#37080);
#37100=PLANE('',#37090);
#37110=CARTESIAN_POINT('',(-1.417181,0.669531,8.125));
#37120=DIRECTION('',(0.,0.,1.));
#37130=VECTOR('',#37120,1.);
#37140=LINE('',#37110,#37130);
#37150=CARTESIAN_POINT('',(-1.417181,0.669531,0.300000000000002));
#37160=VERTEX_POINT('',#37150);
#37170=EDGE_CURVE('',#37160,#31910,#37140,.T.);
#37180=ORIENTED_EDGE('',*,*,#37170,.F.);
#37190=ORIENTED_EDGE('',*,*,#31940,.F.);
#37200=ORIENTED_EDGE('',*,*,#34590,.T.);
#37210=CARTESIAN_POINT('',(0.,0.669531,0.850000000000001));
#37220=DIRECTION('',(-1.,0.,6.12303176911188E-17));
#37230=VECTOR('',#37220,1.);
#37240=LINE('',#37210,#37230);
#37250=CARTESIAN_POINT('',(-1.817181,0.669531,0.850000000000001));
#37260=VERTEX_POINT('',#37250);
#37270=EDGE_CURVE('',#32710,#37260,#37240,.T.);
#37280=ORIENTED_EDGE('',*,*,#37270,.F.);
#37290=CARTESIAN_POINT('',(-1.817181,0.669531,0.649999999999999));
#37300=DIRECTION('',(6.12303176911189E-17,1.,-6.16297582203916E-33));
#37310=DIRECTION('',(-1.,6.12303176911189E-17,0.));
#37320=AXIS2_PLACEMENT_3D('',#37290,#37300,#37310);
#37330=CIRCLE('',#37320,0.2);
#37340=CARTESIAN_POINT('',(-2.017181,0.669531,0.649999999999999));
#37350=VERTEX_POINT('',#37340);
#37360=EDGE_CURVE('',#37350,#37260,#37330,.T.);
#37370=ORIENTED_EDGE('',*,*,#37360,.T.);
#37380=CARTESIAN_POINT('',(-2.017181,0.669531,8.125));
#37390=DIRECTION('',(-6.12303176911188E-17,0.,-1.));
#37400=VECTOR('',#37390,1.);
#37410=LINE('',#37380,#37400);
#37420=CARTESIAN_POINT('',(-2.017181,0.669531,0.549999999999997));
#37430=VERTEX_POINT('',#37420);
#37440=EDGE_CURVE('',#37350,#37430,#37410,.T.);
#37450=ORIENTED_EDGE('',*,*,#37440,.F.);
#37460=CARTESIAN_POINT('',(0.,0.669531,0.549999999999997));
#37470=DIRECTION('',(-1.,0.,6.12303176911188E-17));
#37480=VECTOR('',#37470,1.);
#37490=LINE('',#37460,#37480);
#37500=CARTESIAN_POINT('',(-2.217181,0.669531,0.549999999999997));
#37510=VERTEX_POINT('',#37500);
#37520=EDGE_CURVE('',#37430,#37510,#37490,.T.);
#37530=ORIENTED_EDGE('',*,*,#37520,.F.);
#37540=CARTESIAN_POINT('',(-2.217181,0.669531,6.875));
#37550=DIRECTION('',(0.,0.,-1.));
#37560=VECTOR('',#37550,1.);
#37570=LINE('',#37540,#37560);
#37580=CARTESIAN_POINT('',(-2.217181,0.669531,0.300000000000002));
#37590=VERTEX_POINT('',#37580);
#37600=EDGE_CURVE('',#37510,#37590,#37570,.T.);
#37610=ORIENTED_EDGE('',*,*,#37600,.F.);
#37620=CARTESIAN_POINT('',(-1.017181,0.669531,0.300000000000002));
#37630=DIRECTION('',(1.,1.22460635382238E-16,0.));
#37640=VECTOR('',#37630,1.);
#37650=LINE('',#37620,#37640);
#37660=EDGE_CURVE('',#37590,#37160,#37650,.T.);
#37670=ORIENTED_EDGE('',*,*,#37660,.F.);
#37680=EDGE_LOOP('',(#37670,#37610,#37530,#37450,#37370,#37280,#37200,
#37190,#37180));
#37690=FACE_OUTER_BOUND('',#37680,.T.);
#37700=ADVANCED_FACE('',(#37690),#37100,.T.);
#37710=CARTESIAN_POINT('',(1.182819,-2.030469,3.574));
#37720=DIRECTION('',(1.22460635382238E-16,-1.,0.));
#37730=DIRECTION('',(0.,0.,1.));
#37740=AXIS2_PLACEMENT_3D('',#37710,#37720,#37730);
#37750=PLANE('',#37740);
#37760=CARTESIAN_POINT('',(1.182819,-2.030469,2.676));
#37770=DIRECTION('',(-1.,-1.22460635382238E-16,0.));
#37780=VECTOR('',#37770,1.);
#37790=LINE('',#37760,#37780);
#37800=EDGE_CURVE('',#14520,#31290,#37790,.T.);
#37810=ORIENTED_EDGE('',*,*,#37800,.F.);
#37820=ORIENTED_EDGE('',*,*,#31450,.T.);
#37830=ORIENTED_EDGE('',*,*,#1510,.T.);
#37840=ORIENTED_EDGE('',*,*,#14590,.F.);
#37850=EDGE_LOOP('',(#37840,#37830,#37820,#37810));
#37860=FACE_OUTER_BOUND('',#37850,.T.);
#37870=ADVANCED_FACE('',(#37860),#37750,.T.);
#37880=CARTESIAN_POINT('',(-0.427181000000001,2.769531,1.05));
#37890=DIRECTION('',(1.,-2.22044604925032E-15,0.));
#37900=DIRECTION('',(2.22044604925032E-15,1.,0.));
#37910=AXIS2_PLACEMENT_3D('',#37880,#37890,#37900);
#37920=PLANE('',#37910);
#37930=ORIENTED_EDGE('',*,*,#33330,.T.);
#37940=ORIENTED_EDGE('',*,*,#29590,.T.);
#37950=ORIENTED_EDGE('',*,*,#33540,.T.);
#37960=ORIENTED_EDGE('',*,*,#30680,.F.);
#37970=EDGE_LOOP('',(#37960,#37950,#37940,#37930));
#37980=FACE_OUTER_BOUND('',#37970,.T.);
#37990=ADVANCED_FACE('',(#37980),#37920,.T.);
#38000=CARTESIAN_POINT('',(-1.417181,0.669531,0.300000000000002));
#38010=DIRECTION('',(1.,0.,0.));
#38020=DIRECTION('',(0.,1.,0.));
#38030=AXIS2_PLACEMENT_3D('',#38000,#38010,#38020);
#38040=PLANE('',#38030);
#38050=CARTESIAN_POINT('',(-1.417181,0.,0.300000000000002));
#38060=DIRECTION('',(0.,1.,0.));
#38070=VECTOR('',#38060,1.);
#38080=LINE('',#38050,#38070);
#38090=EDGE_CURVE('',#26120,#37160,#38080,.T.);
#38100=ORIENTED_EDGE('',*,*,#38090,.T.);
#38110=ORIENTED_EDGE('',*,*,#26130,.T.);
#38120=ORIENTED_EDGE('',*,*,#32000,.T.);
#38130=ORIENTED_EDGE('',*,*,#37170,.T.);
#38140=EDGE_LOOP('',(#38130,#38120,#38110,#38100));
#38150=FACE_OUTER_BOUND('',#38140,.T.);
#38160=ADVANCED_FACE('',(#38150),#38040,.T.);
#38170=ORIENTED_EDGE('',*,*,#37800,.T.);
#38180=ORIENTED_EDGE('',*,*,#14530,.F.);
#38190=CARTESIAN_POINT('',(0.,-1.530469,2.676));
#38200=DIRECTION('',(1.,1.22460635382238E-16,0.));
#38210=VECTOR('',#38200,1.);
#38220=LINE('',#38190,#38210);
#38230=EDGE_CURVE('',#31310,#14440,#38220,.T.);
#38240=ORIENTED_EDGE('',*,*,#38230,.T.);
#38250=ORIENTED_EDGE('',*,*,#31320,.T.);
#38260=EDGE_LOOP('',(#38250,#38240,#38180,#38170));
#38270=FACE_OUTER_BOUND('',#38260,.T.);
#38280=ADVANCED_FACE('',(#38270),#36510,.F.);
#38290=CARTESIAN_POINT('',(0.147819,-1.580469,3.925));
#38300=VERTEX_POINT('',#38290);
#38310=CARTESIAN_POINT('',(0.147819,-1.530469,3.925));
#38320=VERTEX_POINT('',#38310);
#38330=EDGE_CURVE('',#38300,#38320,#6380,.T.);
#38340=ORIENTED_EDGE('',*,*,#38330,.T.);
#38350=CARTESIAN_POINT('',(-0.302181,-1.580469,3.925));
#38360=DIRECTION('',(0.,0.,1.));
#38370=DIRECTION('',(1.,0.,0.));
#38380=AXIS2_PLACEMENT_3D('',#38350,#38360,#38370);
#38390=CIRCLE('',#38380,0.45);
#38400=CARTESIAN_POINT('',(-0.302181,-2.030469,3.925));
#38410=VERTEX_POINT('',#38400);
#38420=EDGE_CURVE('',#38410,#38300,#38390,.T.);
#38430=ORIENTED_EDGE('',*,*,#38420,.T.);
#38440=CARTESIAN_POINT('',(-0.0251477347320566,-2.030469,3.925));
#38450=DIRECTION('',(-1.,0.,0.));
#38460=VECTOR('',#38450,1.);
#38470=LINE('',#38440,#38460);
#38480=CARTESIAN_POINT('',(-3.417181,-2.030469,3.925));
#38490=VERTEX_POINT('',#38480);
#38500=EDGE_CURVE('',#38410,#38490,#38470,.T.);
#38510=ORIENTED_EDGE('',*,*,#38500,.F.);
#38520=CARTESIAN_POINT('',(-3.417181,-0.372053431461694,3.925));
#38530=DIRECTION('',(0.,-1.,0.));
#38540=VECTOR('',#38530,1.);
#38550=LINE('',#38520,#38540);
#38560=CARTESIAN_POINT('',(-3.417181,-1.680469,3.925));
#38570=VERTEX_POINT('',#38560);
#38580=EDGE_CURVE('',#38570,#38490,#38550,.T.);
#38590=ORIENTED_EDGE('',*,*,#38580,.T.);
#38600=CARTESIAN_POINT('',(-0.0251477347320566,-1.680469,3.925));
#38610=DIRECTION('',(1.,0.,0.));
#38620=VECTOR('',#38610,1.);
#38630=LINE('',#38600,#38620);
#38640=CARTESIAN_POINT('',(-0.452181000000001,-1.680469,3.925));
#38650=VERTEX_POINT('',#38640);
#38660=EDGE_CURVE('',#38570,#38650,#38630,.T.);
#38670=ORIENTED_EDGE('',*,*,#38660,.F.);
#38680=CARTESIAN_POINT('',(-0.452181000000001,-1.430469,3.925));
#38690=DIRECTION('',(0.,0.,-1.));
#38700=DIRECTION('',(-1.,0.,0.));
#38710=AXIS2_PLACEMENT_3D('',#38680,#38690,#38700);
#38720=CIRCLE('',#38710,0.25);
#38730=CARTESIAN_POINT('',(-0.223052215252209,-1.530469,3.925));
#38740=VERTEX_POINT('',#38730);
#38750=EDGE_CURVE('',#38740,#38650,#38720,.T.);
#38760=ORIENTED_EDGE('',*,*,#38750,.T.);
#38770=CARTESIAN_POINT('',(0.,-1.530469,3.925));
#38780=DIRECTION('',(-1.,-1.22460635382238E-16,0.));
#38790=VECTOR('',#38780,1.);
#38800=LINE('',#38770,#38790);
#38810=EDGE_CURVE('',#38320,#38740,#38800,.T.);
#38820=ORIENTED_EDGE('',*,*,#38810,.T.);
#38830=EDGE_LOOP('',(#38820,#38760,#38670,#38590,#38510,#38430,#38340));
#38840=FACE_OUTER_BOUND('',#38830,.T.);
#38850=ADVANCED_FACE('',(#38840),#6340,.T.);
#38860=CARTESIAN_POINT('',(-1.667181,-0.0304690000000004,1.05));
#38870=DIRECTION('',(1.,-6.12303176911188E-17,-6.12303176911188E-17));
#38880=DIRECTION('',(-6.12303176911188E-17,-1.,0.));
#38890=AXIS2_PLACEMENT_3D('',#38860,#38870,#38880);
#38900=PLANE('',#38890);
#38910=CARTESIAN_POINT('',(-1.667181,0.,1.05));
#38920=DIRECTION('',(-6.12303176911188E-17,-1.,0.));
#38930=VECTOR('',#38920,1.);
#38940=LINE('',#38910,#38930);
#38950=EDGE_CURVE('',#32550,#35350,#38940,.T.);
#38960=ORIENTED_EDGE('',*,*,#38950,.F.);
#38970=ORIENTED_EDGE('',*,*,#35510,.F.);
#38980=CARTESIAN_POINT('',(-1.667181,1.02082022278597E-16,
0.850000000000001));
#38990=DIRECTION('',(6.12303176911188E-17,1.,0.));
#39000=VECTOR('',#38990,1.);
#39010=LINE('',#38980,#39000);
#39020=EDGE_CURVE('',#35440,#32630,#39010,.T.);
#39030=ORIENTED_EDGE('',*,*,#39020,.F.);
#39040=ORIENTED_EDGE('',*,*,#32640,.F.);
#39050=EDGE_LOOP('',(#39040,#39030,#38970,#38960));
#39060=FACE_OUTER_BOUND('',#39050,.T.);
#39070=ADVANCED_FACE('',(#39060),#38900,.F.);
#39080=CARTESIAN_POINT('',(-0.302181,-1.580469,4.825));
#39090=DIRECTION('',(0.,0.,1.));
#39100=DIRECTION('',(1.,0.,0.));
#39110=AXIS2_PLACEMENT_3D('',#39080,#39090,#39100);
#39120=CYLINDRICAL_SURFACE('',#39110,0.45);
#39130=CARTESIAN_POINT('',(-0.302181,-1.580469,5.175));
#39140=DIRECTION('',(0.,0.,1.));
#39150=DIRECTION('',(1.,0.,0.));
#39160=AXIS2_PLACEMENT_3D('',#39130,#39140,#39150);
#39170=CIRCLE('',#39160,0.45);
#39180=CARTESIAN_POINT('',(-0.302181,-2.030469,5.175));
#39190=VERTEX_POINT('',#39180);
#39200=CARTESIAN_POINT('',(0.147819,-1.580469,5.175));
#39210=VERTEX_POINT('',#39200);
#39220=EDGE_CURVE('',#39190,#39210,#39170,.T.);
#39230=ORIENTED_EDGE('',*,*,#39220,.F.);
#39240=CARTESIAN_POINT('',(0.147819,-1.580469,4.825));
#39250=DIRECTION('',(0.,0.,1.));
#39260=VECTOR('',#39250,1.);
#39270=LINE('',#39240,#39260);
#39280=CARTESIAN_POINT('',(0.147819,-1.580469,4.825));
#39290=VERTEX_POINT('',#39280);
#39300=EDGE_CURVE('',#39290,#39210,#39270,.T.);
#39310=ORIENTED_EDGE('',*,*,#39300,.T.);
#39320=CARTESIAN_POINT('',(-0.302181,-1.580469,4.825));
#39330=DIRECTION('',(0.,0.,1.));
#39340=DIRECTION('',(1.,0.,0.));
#39350=AXIS2_PLACEMENT_3D('',#39320,#39330,#39340);
#39360=CIRCLE('',#39350,0.45);
#39370=CARTESIAN_POINT('',(-0.302181,-2.030469,4.825));
#39380=VERTEX_POINT('',#39370);
#39390=EDGE_CURVE('',#39380,#39290,#39360,.T.);
#39400=ORIENTED_EDGE('',*,*,#39390,.T.);
#39410=CARTESIAN_POINT('',(-0.302181,-2.030469,4.825));
#39420=DIRECTION('',(0.,0.,1.));
#39430=VECTOR('',#39420,1.);
#39440=LINE('',#39410,#39430);
#39450=EDGE_CURVE('',#39380,#39190,#39440,.T.);
#39460=ORIENTED_EDGE('',*,*,#39450,.F.);
#39470=EDGE_LOOP('',(#39460,#39400,#39310,#39230));
#39480=FACE_OUTER_BOUND('',#39470,.T.);
#39490=ADVANCED_FACE('',(#39480),#39120,.T.);
#39500=CARTESIAN_POINT('',(-1.517181,-1.530469,1.55));
#39510=DIRECTION('',(0.,0.,-1.));
#39520=VECTOR('',#39510,1.);
#39530=LINE('',#39500,#39520);
#39540=CARTESIAN_POINT('',(-1.517181,-1.530469,1.05));
#39550=VERTEX_POINT('',#39540);
#39560=EDGE_CURVE('',#27490,#39550,#39530,.T.);
#39570=ORIENTED_EDGE('',*,*,#39560,.F.);
#39580=CARTESIAN_POINT('',(-1.517181,-1.85794949249859E-16,1.05));
#39590=DIRECTION('',(1.22460635382238E-16,-1.,0.));
#39600=VECTOR('',#39590,1.);
#39610=LINE('',#39580,#39600);
#39620=EDGE_CURVE('',#39550,#31610,#39610,.T.);
#39630=ORIENTED_EDGE('',*,*,#39620,.F.);
#39640=ORIENTED_EDGE('',*,*,#31620,.F.);
#39650=ORIENTED_EDGE('',*,*,#27560,.F.);
#39660=EDGE_LOOP('',(#39650,#39640,#39630,#39570));
#39670=FACE_OUTER_BOUND('',#39660,.T.);
#39680=ADVANCED_FACE('',(#39670),#26280,.T.);
#39690=CARTESIAN_POINT('',(-1.38626288683164,0.421925882026892,
0.300000000000002));
#39700=DIRECTION('',(0.,0.,-1.));
#39710=DIRECTION('',(-1.,-1.22460635382238E-16,0.));
#39720=AXIS2_PLACEMENT_3D('',#39690,#39700,#39710);
#39730=PLANE('',#39720);
#39740=ORIENTED_EDGE('',*,*,#2880,.F.);
#39750=ORIENTED_EDGE('',*,*,#1110,.F.);
#39760=ORIENTED_EDGE('',*,*,#14140,.F.);
#39770=ORIENTED_EDGE('',*,*,#770,.T.);
#39780=EDGE_LOOP('',(#39770,#39760,#39750,#39740));
#39790=FACE_OUTER_BOUND('',#39780,.T.);
#39800=ADVANCED_FACE('',(#39790),#39730,.T.);
#39810=CARTESIAN_POINT('',(-1.817181,-0.0304690000000002,10.2));
#39820=DIRECTION('',(1.83690953073357E-16,1.,-1.1247455413666E-32));
#39830=DIRECTION('',(-1.,1.83690953073357E-16,6.12303176911189E-17));
#39840=AXIS2_PLACEMENT_3D('',#39810,#39820,#39830);
#39850=PLANE('',#39840);
#39860=CARTESIAN_POINT('',(0.,-0.0304690000000005,10.2));
#39870=DIRECTION('',(1.,-1.83690953073357E-16,0.));
#39880=VECTOR('',#39870,1.);
#39890=LINE('',#39860,#39880);
#39900=CARTESIAN_POINT('',(-1.717181,-0.0304690000000002,10.2));
#39910=VERTEX_POINT('',#39900);
#39920=CARTESIAN_POINT('',(-1.667181,-0.0304690000000002,10.2));
#39930=VERTEX_POINT('',#39920);
#39940=EDGE_CURVE('',#39910,#39930,#39890,.T.);
#39950=ORIENTED_EDGE('',*,*,#39940,.F.);
#39960=CARTESIAN_POINT('',(-1.667181,-0.0304690000000002,10.2));
#39970=DIRECTION('',(6.12303176911188E-17,0.,1.));
#39980=VECTOR('',#39970,1.);
#39990=LINE('',#39960,#39980);
#40000=CARTESIAN_POINT('',(-1.667181,-0.0304690000000002,10.4));
#40010=VERTEX_POINT('',#40000);
#40020=EDGE_CURVE('',#39930,#40010,#39990,.T.);
#40030=ORIENTED_EDGE('',*,*,#40020,.F.);
#40040=CARTESIAN_POINT('',(8.80374751040732E-16,-0.0304690000000005,10.4
));
#40050=DIRECTION('',(1.,-1.83690953073357E-16,-6.12303176911189E-17));
#40060=VECTOR('',#40050,1.);
#40070=LINE('',#40040,#40060);
#40080=CARTESIAN_POINT('',(-1.717181,-0.0304690000000002,10.4));
#40090=VERTEX_POINT('',#40080);
#40100=EDGE_CURVE('',#40090,#40010,#40070,.T.);
#40110=ORIENTED_EDGE('',*,*,#40100,.T.);
#40120=CARTESIAN_POINT('',(-1.717181,-0.0304690000000002,-3.125));
#40130=DIRECTION('',(1.43687830814556E-47,-1.1247455413666E-32,-1.));
#40140=VECTOR('',#40130,1.);
#40150=LINE('',#40120,#40140);
#40160=EDGE_CURVE('',#40090,#39910,#40150,.T.);
#40170=ORIENTED_EDGE('',*,*,#40160,.F.);
#40180=EDGE_LOOP('',(#40170,#40110,#40030,#39950));
#40190=FACE_OUTER_BOUND('',#40180,.T.);
#40200=ADVANCED_FACE('',(#40190),#39850,.T.);
#40210=ORIENTED_EDGE('',*,*,#25480,.T.);
#40220=ORIENTED_EDGE('',*,*,#14760,.F.);
#40230=CARTESIAN_POINT('',(-1.017181,-1.530469,3.926));
#40240=VERTEX_POINT('',#40230);
#40250=EDGE_CURVE('',#40240,#14670,#31050,.T.);
#40260=ORIENTED_EDGE('',*,*,#40250,.T.);
#40270=CARTESIAN_POINT('',(-1.017181,-1.2456463155874E-16,3.926));
#40280=DIRECTION('',(-1.22460635382238E-16,1.,0.));
#40290=VECTOR('',#40280,1.);
#40300=LINE('',#40270,#40290);
#40310=EDGE_CURVE('',#25470,#40240,#40300,.T.);
#40320=ORIENTED_EDGE('',*,*,#40310,.T.);
#40330=EDGE_LOOP('',(#40320,#40260,#40220,#40210));
#40340=FACE_OUTER_BOUND('',#40330,.T.);
#40350=ADVANCED_FACE('',(#40340),#30920,.F.);
#40360=ORIENTED_EDGE('',*,*,#30770,.T.);
#40370=ORIENTED_EDGE('',*,*,#28150,.T.);
#40380=ORIENTED_EDGE('',*,*,#29340,.F.);
#40390=CARTESIAN_POINT('',(-3.417181,-0.372053431461694,2.675));
#40400=DIRECTION('',(0.,-1.,0.));
#40410=VECTOR('',#40400,1.);
#40420=LINE('',#40390,#40410);
#40430=CARTESIAN_POINT('',(-3.417181,-1.680469,2.675));
#40440=VERTEX_POINT('',#40430);
#40450=EDGE_CURVE('',#40440,#29270,#40420,.T.);
#40460=ORIENTED_EDGE('',*,*,#40450,.T.);
#40470=CARTESIAN_POINT('',(-0.0251477347320566,-1.680469,2.675));
#40480=DIRECTION('',(1.,0.,0.));
#40490=VECTOR('',#40480,1.);
#40500=LINE('',#40470,#40490);
#40510=CARTESIAN_POINT('',(-0.452181000000001,-1.680469,2.675));
#40520=VERTEX_POINT('',#40510);
#40530=EDGE_CURVE('',#40440,#40520,#40500,.T.);
#40540=ORIENTED_EDGE('',*,*,#40530,.F.);
#40550=CARTESIAN_POINT('',(-0.452181000000001,-1.430469,2.675));
#40560=DIRECTION('',(0.,0.,-1.));
#40570=DIRECTION('',(-1.,0.,0.));
#40580=AXIS2_PLACEMENT_3D('',#40550,#40560,#40570);
#40590=CIRCLE('',#40580,0.25);
#40600=CARTESIAN_POINT('',(-0.223052215252209,-1.530469,2.675));
#40610=VERTEX_POINT('',#40600);
#40620=EDGE_CURVE('',#40610,#40520,#40590,.T.);
#40630=ORIENTED_EDGE('',*,*,#40620,.T.);
#40640=CARTESIAN_POINT('',(0.,-1.530469,2.675));
#40650=DIRECTION('',(-1.,-1.22460635382238E-16,0.));
#40660=VECTOR('',#40650,1.);
#40670=LINE('',#40640,#40660);
#40680=EDGE_CURVE('',#30760,#40610,#40670,.T.);
#40690=ORIENTED_EDGE('',*,*,#40680,.T.);
#40700=EDGE_LOOP('',(#40690,#40630,#40540,#40460,#40380,#40370,#40360));
#40710=FACE_OUTER_BOUND('',#40700,.T.);
#40720=ADVANCED_FACE('',(#40710),#5630,.T.);
#40730=CARTESIAN_POINT('',(-1.017181,-1.2456463155874E-16,1.05));
#40740=DIRECTION('',(1.22460635382238E-16,-1.,0.));
#40750=VECTOR('',#40740,1.);
#40760=LINE('',#40730,#40750);
#40770=CARTESIAN_POINT('',(-1.017181,-1.630469,1.05));
#40780=VERTEX_POINT('',#40770);
#40790=EDGE_CURVE('',#40780,#28450,#40760,.T.);
#40800=ORIENTED_EDGE('',*,*,#40790,.T.);
#40810=CARTESIAN_POINT('',(-1.017181,0.,1.05));
#40820=DIRECTION('',(-1.22460635382238E-16,1.,1.23259516440783E-32));
#40830=VECTOR('',#40820,1.);
#40840=LINE('',#40810,#40830);
#40850=CARTESIAN_POINT('',(-1.017181,-1.530469,1.05));
#40860=VERTEX_POINT('',#40850);
#40870=EDGE_CURVE('',#40780,#40860,#40840,.T.);
#40880=ORIENTED_EDGE('',*,*,#40870,.F.);
#40890=CARTESIAN_POINT('',(-1.017181,-1.530469,1.55));
#40900=DIRECTION('',(0.,0.,-1.));
#40910=VECTOR('',#40900,1.);
#40920=LINE('',#40890,#40910);
#40930=EDGE_CURVE('',#36340,#40860,#40920,.T.);
#40940=ORIENTED_EDGE('',*,*,#40930,.T.);
#40950=ORIENTED_EDGE('',*,*,#36350,.T.);
#40960=ORIENTED_EDGE('',*,*,#28540,.F.);
#40970=EDGE_LOOP('',(#40960,#40950,#40940,#40880,#40800));
#40980=FACE_OUTER_BOUND('',#40970,.T.);
#40990=ADVANCED_FACE('',(#40980),#31230,.T.);
#41000=CARTESIAN_POINT('',(-2.217181,-2.71517394017425E-16,
0.300000000000002));
#41010=DIRECTION('',(1.22460635382238E-16,-1.,0.));
#41020=VECTOR('',#41010,1.);
#41030=LINE('',#41000,#41020);
#41040=EDGE_CURVE('',#37590,#25780,#41030,.T.);
#41050=ORIENTED_EDGE('',*,*,#41040,.F.);
#41060=ORIENTED_EDGE('',*,*,#26190,.F.);
#41070=ORIENTED_EDGE('',*,*,#38090,.F.);
#41080=ORIENTED_EDGE('',*,*,#37660,.T.);
#41090=EDGE_LOOP('',(#41080,#41070,#41060,#41050));
#41100=FACE_OUTER_BOUND('',#41090,.T.);
#41110=ADVANCED_FACE('',(#41100),#39730,.T.);
#41120=CARTESIAN_POINT('',(-1.517181,-1.530469,5.625));
#41130=DIRECTION('',(-1.,0.,0.));
#41140=DIRECTION('',(0.,-1.,0.));
#41150=AXIS2_PLACEMENT_3D('',#41120,#41130,#41140);
#41160=PLANE('',#41150);
#41170=CARTESIAN_POINT('',(-1.517181,-2.030469,6.875));
#41180=DIRECTION('',(0.,0.,-1.));
#41190=VECTOR('',#41180,1.);
#41200=LINE('',#41170,#41190);
#41210=CARTESIAN_POINT('',(-1.517181,-2.030469,6.074));
#41220=VERTEX_POINT('',#41210);
#41230=EDGE_CURVE('',#41220,#36760,#41200,.T.);
#41240=ORIENTED_EDGE('',*,*,#41230,.T.);
#41250=CARTESIAN_POINT('',(-1.517181,-2.94543916275376E-16,6.074));
#41260=DIRECTION('',(1.22460635382238E-16,1.,0.));
#41270=VECTOR('',#41260,1.);
#41280=LINE('',#41250,#41270);
#41290=CARTESIAN_POINT('',(-1.517181,-1.530469,6.074));
#41300=VERTEX_POINT('',#41290);
#41310=EDGE_CURVE('',#41220,#41300,#41280,.T.);
#41320=ORIENTED_EDGE('',*,*,#41310,.F.);
#41330=CARTESIAN_POINT('',(-1.517181,-1.530469,10.625));
#41340=DIRECTION('',(0.,0.,-1.));
#41350=VECTOR('',#41340,1.);
#41360=LINE('',#41330,#41350);
#41370=EDGE_CURVE('',#41300,#36780,#41360,.T.);
#41380=ORIENTED_EDGE('',*,*,#41370,.F.);
#41390=ORIENTED_EDGE('',*,*,#36790,.T.);
#41400=EDGE_LOOP('',(#41390,#41380,#41320,#41240));
#41410=FACE_OUTER_BOUND('',#41400,.T.);
#41420=ADVANCED_FACE('',(#41410),#41160,.F.);
#41430=CARTESIAN_POINT('',(-2.217181,-2.030469,4.824));
#41440=DIRECTION('',(1.22460635382238E-16,1.,-4.44089209850064E-15));
#41450=DIRECTION('',(5.43834468046348E-31,4.44089209850064E-15,1.));
#41460=AXIS2_PLACEMENT_3D('',#41430,#41440,#41450);
#41470=PLANE('',#41460);
#41480=ORIENTED_EDGE('',*,*,#30990,.T.);
#41490=CARTESIAN_POINT('',(-2.217181,-2.030469,3.926));
#41500=DIRECTION('',(0.,-4.44089209850064E-15,1.));
#41510=VECTOR('',#41500,1.);
#41520=LINE('',#41490,#41510);
#41530=EDGE_CURVE('',#30980,#32240,#41520,.T.);
#41540=ORIENTED_EDGE('',*,*,#41530,.F.);
#41550=ORIENTED_EDGE('',*,*,#32380,.F.);
#41560=ORIENTED_EDGE('',*,*,#26590,.F.);
#41570=EDGE_LOOP('',(#41560,#41550,#41540,#41480));
#41580=FACE_OUTER_BOUND('',#41570,.T.);
#41590=ADVANCED_FACE('',(#41580),#41470,.F.);
#41600=CARTESIAN_POINT('',(-3.417181,-2.030469,2.325));
#41610=DIRECTION('',(-0.242535625036333,-0.970142500145332,0.));
#41620=DIRECTION('',(-0.970142500145332,0.242535625036333,0.));
#41630=AXIS2_PLACEMENT_3D('',#41600,#41610,#41620);
#41640=PLANE('',#41630);
#41650=CARTESIAN_POINT('',(-3.717181,-1.955469,2.325));
#41660=DIRECTION('',(0.,0.,1.));
#41670=VECTOR('',#41660,1.);
#41680=LINE('',#41650,#41670);
#41690=CARTESIAN_POINT('',(-3.717181,-1.955469,2.4));
#41700=VERTEX_POINT('',#41690);
#41710=CARTESIAN_POINT('',(-3.717181,-1.955469,2.6));
#41720=VERTEX_POINT('',#41710);
#41730=EDGE_CURVE('',#41700,#41720,#41680,.T.);
#41740=ORIENTED_EDGE('',*,*,#41730,.F.);
#41750=CARTESIAN_POINT('',(-0.0251477347320566,-2.87847731631698,
3.52300831631699));
#41760=DIRECTION('',(0.942809041582063,-0.235702260395516,
0.235702260395517));
#41770=VECTOR('',#41760,1.);
#41780=LINE('',#41750,#41770);
#41790=EDGE_CURVE('',#41720,#29270,#41780,.T.);
#41800=ORIENTED_EDGE('',*,*,#41790,.F.);
#41810=ORIENTED_EDGE('',*,*,#29280,.F.);
#41820=CARTESIAN_POINT('',(-0.0251477347320566,-2.87847731631698,
1.47699168368301));
#41830=DIRECTION('',(-0.942809041582063,0.235702260395516,
0.235702260395517));
#41840=VECTOR('',#41830,1.);
#41850=LINE('',#41820,#41840);
#41860=EDGE_CURVE('',#26880,#41700,#41850,.T.);
#41870=ORIENTED_EDGE('',*,*,#41860,.F.);
#41880=EDGE_LOOP('',(#41870,#41810,#41800,#41740));
#41890=FACE_OUTER_BOUND('',#41880,.T.);
#41900=ADVANCED_FACE('',(#41890),#41640,.T.);
#41910=CARTESIAN_POINT('',(0.372819,2.769531,13.95));
#41920=DIRECTION('',(-2.34290668463255E-15,-1.,0.));
#41930=DIRECTION('',(-1.,2.34290668463255E-15,0.));
#41940=AXIS2_PLACEMENT_3D('',#41910,#41920,#41930);
#41950=PLANE('',#41940);
#41960=ORIENTED_EDGE('',*,*,#24250,.T.);
#41970=ORIENTED_EDGE('',*,*,#5400,.F.);
#41980=ORIENTED_EDGE('',*,*,#24080,.F.);
#41990=CARTESIAN_POINT('',(0.782818999999999,2.769531,-6.875));
#42000=DIRECTION('',(0.,0.,-1.));
#42010=VECTOR('',#42000,1.);
#42020=LINE('',#41990,#42010);
#42030=EDGE_CURVE('',#24010,#30380,#42020,.T.);
#42040=ORIENTED_EDGE('',*,*,#42030,.F.);
#42050=ORIENTED_EDGE('',*,*,#30390,.T.);
#42060=ORIENTED_EDGE('',*,*,#27900,.T.);
#42070=ORIENTED_EDGE('',*,*,#30130,.F.);
#42080=ORIENTED_EDGE('',*,*,#13780,.T.);
#42090=EDGE_LOOP('',(#42080,#42070,#42060,#42050,#42040,#41980,#41970,
#41960));
#42100=FACE_OUTER_BOUND('',#42090,.T.);
#42110=ADVANCED_FACE('',(#42100),#41950,.F.);
#42120=CARTESIAN_POINT('',(-1.017181,-2.22044604925031E-16,4.824));
#42130=DIRECTION('',(0.,1.,0.));
#42140=VECTOR('',#42130,1.);
#42150=LINE('',#42120,#42140);
#42160=CARTESIAN_POINT('',(-1.017181,-1.530469,4.824));
#42170=VERTEX_POINT('',#42160);
#42180=EDGE_CURVE('',#25550,#42170,#42150,.T.);
#42190=ORIENTED_EDGE('',*,*,#42180,.T.);
#42200=ORIENTED_EDGE('',*,*,#25560,.T.);
#42210=ORIENTED_EDGE('',*,*,#40310,.F.);
#42220=CARTESIAN_POINT('',(-1.017181,-1.530469,5.625));
#42230=DIRECTION('',(0.,0.,-1.));
#42240=VECTOR('',#42230,1.);
#42250=LINE('',#42220,#42240);
#42260=EDGE_CURVE('',#42170,#40240,#42250,.T.);
#42270=ORIENTED_EDGE('',*,*,#42260,.T.);
#42280=EDGE_LOOP('',(#42270,#42210,#42200,#42190));
#42290=FACE_OUTER_BOUND('',#42280,.T.);
#42300=ADVANCED_FACE('',(#42290),#15210,.F.);
#42310=CARTESIAN_POINT('',(-2.217181,-2.030469,5.276));
#42320=DIRECTION('',(1.22460635382238E-16,1.,4.44089209850064E-15));
#42330=DIRECTION('',(-5.43834468046348E-31,-4.44089209850064E-15,1.));
#42340=AXIS2_PLACEMENT_3D('',#42310,#42320,#42330);
#42350=PLANE('',#42340);
#42360=CARTESIAN_POINT('',(-2.217181,-2.030469,5.276));
#42370=DIRECTION('',(5.43834468046348E-31,4.44089209850064E-15,-1.));
#42380=VECTOR('',#42370,1.);
#42390=LINE('',#42360,#42380);
#42400=CARTESIAN_POINT('',(-2.217181,-2.030469,6.074));
#42410=VERTEX_POINT('',#42400);
#42420=EDGE_CURVE('',#42410,#36940,#42390,.T.);
#42430=ORIENTED_EDGE('',*,*,#42420,.T.);
#42440=CARTESIAN_POINT('',(-2.217181,-2.030469,6.074));
#42450=DIRECTION('',(1.,-2.44921270764475E-16,0.));
#42460=VECTOR('',#42450,1.);
#42470=LINE('',#42440,#42460);
#42480=EDGE_CURVE('',#42410,#41220,#42470,.T.);
#42490=ORIENTED_EDGE('',*,*,#42480,.F.);
#42500=ORIENTED_EDGE('',*,*,#41230,.F.);
#42510=ORIENTED_EDGE('',*,*,#37010,.T.);
#42520=EDGE_LOOP('',(#42510,#42500,#42490,#42430));
#42530=FACE_OUTER_BOUND('',#42520,.T.);
#42540=ADVANCED_FACE('',(#42530),#42350,.F.);
#42550=ORIENTED_EDGE('',*,*,#42180,.F.);
#42560=EDGE_CURVE('',#42170,#14910,#32300,.T.);
#42570=ORIENTED_EDGE('',*,*,#42560,.F.);
#42580=ORIENTED_EDGE('',*,*,#14920,.T.);
#42590=ORIENTED_EDGE('',*,*,#25620,.F.);
#42600=EDGE_LOOP('',(#42590,#42580,#42570,#42550));
#42610=FACE_OUTER_BOUND('',#42600,.T.);
#42620=ADVANCED_FACE('',(#42610),#32160,.T.);
#42630=CARTESIAN_POINT('',(-3.417181,-2.4404714,3.575));
#42640=DIRECTION('',(0.242535625036334,0.,0.970142500145332));
#42650=DIRECTION('',(-0.970142500145332,0.,0.242535625036334));
#42660=AXIS2_PLACEMENT_3D('',#42630,#42640,#42650);
#42670=PLANE('',#42660);
#42680=CARTESIAN_POINT('',(-3.717181,-0.372053431461694,3.65));
#42690=DIRECTION('',(0.,1.,0.));
#42700=VECTOR('',#42690,1.);
#42710=LINE('',#42680,#42700);
#42720=CARTESIAN_POINT('',(-3.717181,-1.955469,3.65));
#42730=VERTEX_POINT('',#42720);
#42740=CARTESIAN_POINT('',(-3.717181,-1.755469,3.65));
#42750=VERTEX_POINT('',#42740);
#42760=EDGE_CURVE('',#42730,#42750,#42710,.T.);
#42770=ORIENTED_EDGE('',*,*,#42760,.T.);
#42780=CARTESIAN_POINT('',(-0.0251477347320566,-2.87847731631698,
2.72699168368301));
#42790=DIRECTION('',(-0.942809041582063,0.235702260395516,
0.235702260395517));
#42800=VECTOR('',#42790,1.);
#42810=LINE('',#42780,#42800);
#42820=EDGE_CURVE('',#34920,#42730,#42810,.T.);
#42830=ORIENTED_EDGE('',*,*,#42820,.T.);
#42840=ORIENTED_EDGE('',*,*,#34930,.T.);
#42850=CARTESIAN_POINT('',(-0.0251477347320566,-0.832460683683013,
2.72699168368301));
#42860=DIRECTION('',(0.942809041582063,0.235702260395516,
-0.235702260395517));
#42870=VECTOR('',#42860,1.);
#42880=LINE('',#42850,#42870);
#42890=EDGE_CURVE('',#42750,#34840,#42880,.T.);
#42900=ORIENTED_EDGE('',*,*,#42890,.T.);
#42910=EDGE_LOOP('',(#42900,#42840,#42830,#42770));
#42920=FACE_OUTER_BOUND('',#42910,.T.);
#42930=ADVANCED_FACE('',(#42920),#42670,.F.);
#42940=CARTESIAN_POINT('',(-3.417181,-2.030469,3.575));
#42950=DIRECTION('',(-0.242535625036333,-0.970142500145332,0.));
#42960=DIRECTION('',(-0.970142500145332,0.242535625036333,0.));
#42970=AXIS2_PLACEMENT_3D('',#42940,#42950,#42960);
#42980=PLANE('',#42970);
#42990=CARTESIAN_POINT('',(-3.717181,-1.955469,3.575));
#43000=DIRECTION('',(0.,0.,1.));
#43010=VECTOR('',#43000,1.);
#43020=LINE('',#42990,#43010);
#43030=CARTESIAN_POINT('',(-3.717181,-1.955469,3.85));
#43040=VERTEX_POINT('',#43030);
#43050=EDGE_CURVE('',#42730,#43040,#43020,.T.);
#43060=ORIENTED_EDGE('',*,*,#43050,.F.);
#43070=CARTESIAN_POINT('',(-0.0251477347320566,-2.87847731631698,
4.77300831631699));
#43080=DIRECTION('',(0.942809041582063,-0.235702260395516,
0.235702260395517));
#43090=VECTOR('',#43080,1.);
#43100=LINE('',#43070,#43090);
#43110=EDGE_CURVE('',#43040,#38490,#43100,.T.);
#43120=ORIENTED_EDGE('',*,*,#43110,.F.);
#43130=CARTESIAN_POINT('',(-3.417181,-2.030469,3.575));
#43140=DIRECTION('',(0.,0.,-1.));
#43150=VECTOR('',#43140,1.);
#43160=LINE('',#43130,#43150);
#43170=EDGE_CURVE('',#38490,#34920,#43160,.T.);
#43180=ORIENTED_EDGE('',*,*,#43170,.F.);
#43190=ORIENTED_EDGE('',*,*,#42820,.F.);
#43200=EDGE_LOOP('',(#43190,#43180,#43120,#43060));
#43210=FACE_OUTER_BOUND('',#43200,.T.);
#43220=ADVANCED_FACE('',(#43210),#42980,.T.);
#43230=CARTESIAN_POINT('',(-3.417181,-2.4404714,4.825));
#43240=DIRECTION('',(0.242535625036334,0.,0.970142500145332));
#43250=DIRECTION('',(-0.970142500145332,0.,0.242535625036334));
#43260=AXIS2_PLACEMENT_3D('',#43230,#43240,#43250);
#43270=PLANE('',#43260);
#43280=CARTESIAN_POINT('',(-3.717181,-0.372053431461694,4.9));
#43290=DIRECTION('',(0.,1.,0.));
#43300=VECTOR('',#43290,1.);
#43310=LINE('',#43280,#43300);
#43320=CARTESIAN_POINT('',(-3.717181,-1.955469,4.9));
#43330=VERTEX_POINT('',#43320);
#43340=CARTESIAN_POINT('',(-3.717181,-1.755469,4.9));
#43350=VERTEX_POINT('',#43340);
#43360=EDGE_CURVE('',#43330,#43350,#43310,.T.);
#43370=ORIENTED_EDGE('',*,*,#43360,.T.);
#43380=CARTESIAN_POINT('',(-0.0251477347320566,-2.87847731631698,
3.97699168368301));
#43390=DIRECTION('',(-0.942809041582063,0.235702260395516,
0.235702260395517));
#43400=VECTOR('',#43390,1.);
#43410=LINE('',#43380,#43400);
#43420=CARTESIAN_POINT('',(-3.417181,-2.030469,4.825));
#43430=VERTEX_POINT('',#43420);
#43440=EDGE_CURVE('',#43430,#43330,#43410,.T.);
#43450=ORIENTED_EDGE('',*,*,#43440,.T.);
#43460=CARTESIAN_POINT('',(-3.417181,-0.372053431461694,4.825));
#43470=DIRECTION('',(0.,-1.,0.));
#43480=VECTOR('',#43470,1.);
#43490=LINE('',#43460,#43480);
#43500=CARTESIAN_POINT('',(-3.417181,-1.680469,4.825));
#43510=VERTEX_POINT('',#43500);
#43520=EDGE_CURVE('',#43510,#43430,#43490,.T.);
#43530=ORIENTED_EDGE('',*,*,#43520,.T.);
#43540=CARTESIAN_POINT('',(-0.0251477347320566,-0.832460683683013,
3.97699168368301));
#43550=DIRECTION('',(0.942809041582063,0.235702260395516,
-0.235702260395517));
#43560=VECTOR('',#43550,1.);
#43570=LINE('',#43540,#43560);
#43580=EDGE_CURVE('',#43350,#43510,#43570,.T.);
#43590=ORIENTED_EDGE('',*,*,#43580,.T.);
#43600=EDGE_LOOP('',(#43590,#43530,#43450,#43370));
#43610=FACE_OUTER_BOUND('',#43600,.T.);
#43620=ADVANCED_FACE('',(#43610),#43270,.F.);
#43630=CARTESIAN_POINT('',(-3.417181,-2.030469,4.825));
#43640=DIRECTION('',(-0.242535625036333,-0.970142500145332,0.));
#43650=DIRECTION('',(-0.970142500145332,0.242535625036333,0.));
#43660=AXIS2_PLACEMENT_3D('',#43630,#43640,#43650);
#43670=PLANE('',#43660);
#43680=CARTESIAN_POINT('',(-3.717181,-1.955469,4.825));
#43690=DIRECTION('',(0.,0.,1.));
#43700=VECTOR('',#43690,1.);
#43710=LINE('',#43680,#43700);
#43720=CARTESIAN_POINT('',(-3.717181,-1.955469,5.1));
#43730=VERTEX_POINT('',#43720);
#43740=EDGE_CURVE('',#43330,#43730,#43710,.T.);
#43750=ORIENTED_EDGE('',*,*,#43740,.F.);
#43760=CARTESIAN_POINT('',(-0.0251477347320566,-2.87847731631698,
6.02300831631699));
#43770=DIRECTION('',(0.942809041582063,-0.235702260395516,
0.235702260395517));
#43780=VECTOR('',#43770,1.);
#43790=LINE('',#43760,#43780);
#43800=CARTESIAN_POINT('',(-3.417181,-2.030469,5.175));
#43810=VERTEX_POINT('',#43800);
#43820=EDGE_CURVE('',#43730,#43810,#43790,.T.);
#43830=ORIENTED_EDGE('',*,*,#43820,.F.);
#43840=CARTESIAN_POINT('',(-3.417181,-2.030469,4.825));
#43850=DIRECTION('',(0.,0.,-1.));
#43860=VECTOR('',#43850,1.);
#43870=LINE('',#43840,#43860);
#43880=EDGE_CURVE('',#43810,#43430,#43870,.T.);
#43890=ORIENTED_EDGE('',*,*,#43880,.F.);
#43900=ORIENTED_EDGE('',*,*,#43440,.F.);
#43910=EDGE_LOOP('',(#43900,#43890,#43830,#43750));
#43920=FACE_OUTER_BOUND('',#43910,.T.);
#43930=ADVANCED_FACE('',(#43920),#43670,.T.);
#43940=CARTESIAN_POINT('',(-3.717181,-2.4404714,5.1));
#43950=DIRECTION('',(0.242535625036334,0.,-0.970142500145332));
#43960=DIRECTION('',(0.970142500145332,0.,0.242535625036334));
#43970=AXIS2_PLACEMENT_3D('',#43940,#43950,#43960);
#43980=PLANE('',#43970);
#43990=CARTESIAN_POINT('',(-3.717181,-0.372053431461694,5.1));
#44000=DIRECTION('',(0.,-1.,0.));
#44010=VECTOR('',#44000,1.);
#44020=LINE('',#43990,#44010);
#44030=CARTESIAN_POINT('',(-3.717181,-1.755469,5.1));
#44040=VERTEX_POINT('',#44030);
#44050=EDGE_CURVE('',#44040,#43730,#44020,.T.);
#44060=ORIENTED_EDGE('',*,*,#44050,.T.);
#44070=CARTESIAN_POINT('',(-0.0251477347320566,-0.832460683683013,
6.02300831631699));
#44080=DIRECTION('',(-0.942809041582063,-0.235702260395516,
-0.235702260395517));
#44090=VECTOR('',#44080,1.);
#44100=LINE('',#44070,#44090);
#44110=CARTESIAN_POINT('',(-3.417181,-1.680469,5.175));
#44120=VERTEX_POINT('',#44110);
#44130=EDGE_CURVE('',#44120,#44040,#44100,.T.);
#44140=ORIENTED_EDGE('',*,*,#44130,.T.);
#44150=CARTESIAN_POINT('',(-3.417181,-0.372053431461694,5.175));
#44160=DIRECTION('',(0.,-1.,0.));
#44170=VECTOR('',#44160,1.);
#44180=LINE('',#44150,#44170);
#44190=EDGE_CURVE('',#44120,#43810,#44180,.T.);
#44200=ORIENTED_EDGE('',*,*,#44190,.F.);
#44210=ORIENTED_EDGE('',*,*,#43820,.T.);
#44220=EDGE_LOOP('',(#44210,#44200,#44140,#44060));
#44230=FACE_OUTER_BOUND('',#44220,.T.);
#44240=ADVANCED_FACE('',(#44230),#43980,.F.);
#44250=CARTESIAN_POINT('',(-0.767181000000003,-2.030469,
0.350000000000001));
#44260=DIRECTION('',(-1.,6.12303176911188E-17,6.12303176911188E-17));
#44270=DIRECTION('',(6.12303176911188E-17,1.,-1.40561392536006E-65));
#44280=AXIS2_PLACEMENT_3D('',#44250,#44260,#44270);
#44290=PLANE('',#44280);
#44300=CARTESIAN_POINT('',(-0.767181000000003,-1.630469,
-0.0500000000000007));
#44310=DIRECTION('',(-1.,6.12303176911189E-17,6.12303176911188E-17));
#44320=DIRECTION('',(-6.12303176911188E-17,-1.,0.));
#44330=AXIS2_PLACEMENT_3D('',#44300,#44310,#44320);
#44340=CIRCLE('',#44330,0.2);
#44350=CARTESIAN_POINT('',(-0.767181000000003,-1.630469,-0.25));
#44360=VERTEX_POINT('',#44350);
#44370=CARTESIAN_POINT('',(-0.767181000000003,-1.830469,
-0.0500000000000008));
#44380=VERTEX_POINT('',#44370);
#44390=EDGE_CURVE('',#44360,#44380,#44340,.T.);
#44400=ORIENTED_EDGE('',*,*,#44390,.T.);
#44410=CARTESIAN_POINT('',(-0.767181000000003,-1.630469,
0.649999999999999));
#44420=DIRECTION('',(-6.12303176911188E-17,-7.54721935012284E-49,-1.));
#44430=VECTOR('',#44420,1.);
#44440=LINE('',#44410,#44430);
#44450=CARTESIAN_POINT('',(-0.767181000000003,-1.630469,
-0.450000000000003));
#44460=VERTEX_POINT('',#44450);
#44470=EDGE_CURVE('',#44360,#44460,#44440,.T.);
#44480=ORIENTED_EDGE('',*,*,#44470,.F.);
#44490=CARTESIAN_POINT('',(-0.767181000000003,-1.630469,
-0.0500000000000007));
#44500=DIRECTION('',(-1.,6.12303176911189E-17,6.12303176911188E-17));
#44510=DIRECTION('',(-6.12303176911188E-17,-1.,0.));
#44520=AXIS2_PLACEMENT_3D('',#44490,#44500,#44510);
#44530=CIRCLE('',#44520,0.4);
#44540=CARTESIAN_POINT('',(-0.767181000000003,-2.030469,
-0.0500000000000008));
#44550=VERTEX_POINT('',#44540);
#44560=EDGE_CURVE('',#44460,#44550,#44530,.T.);
#44570=ORIENTED_EDGE('',*,*,#44560,.F.);
#44580=CARTESIAN_POINT('',(-0.767181000000003,-2.030469,
-5.38662410615686));
#44590=DIRECTION('',(6.12303176911188E-17,7.54721935012284E-49,1.));
#44600=VECTOR('',#44590,1.);
#44610=LINE('',#44580,#44600);
#44620=CARTESIAN_POINT('',(-0.767181000000003,-2.030469,
0.350000000000001));
#44630=VERTEX_POINT('',#44620);
#44640=EDGE_CURVE('',#44550,#44630,#44610,.T.);
#44650=ORIENTED_EDGE('',*,*,#44640,.F.);
#44660=CARTESIAN_POINT('',(-0.767181000000003,-2.030469,
0.350000000000001));
#44670=DIRECTION('',(6.12303176911188E-17,1.,-1.40561392536006E-65));
#44680=VECTOR('',#44670,1.);
#44690=LINE('',#44660,#44680);
#44700=CARTESIAN_POINT('',(-0.767181000000003,-1.830469,
0.350000000000001));
#44710=VERTEX_POINT('',#44700);
#44720=EDGE_CURVE('',#44630,#44710,#44690,.T.);
#44730=ORIENTED_EDGE('',*,*,#44720,.F.);
#44740=CARTESIAN_POINT('',(-0.767181000000003,-1.830469,
-5.38662410615686));
#44750=DIRECTION('',(-6.12303176911188E-17,-7.54721935012284E-49,-1.));
#44760=VECTOR('',#44750,1.);
#44770=LINE('',#44740,#44760);
#44780=EDGE_CURVE('',#44710,#44380,#44770,.T.);
#44790=ORIENTED_EDGE('',*,*,#44780,.F.);
#44800=EDGE_LOOP('',(#44790,#44730,#44650,#44570,#44480,#44400));
#44810=FACE_OUTER_BOUND('',#44800,.T.);
#44820=ADVANCED_FACE('',(#44810),#44290,.F.);
#44830=CARTESIAN_POINT('',(-0.452181000000001,-1.430469,4.825));
#44840=DIRECTION('',(0.,0.,-1.));
#44850=DIRECTION('',(-1.,0.,0.));
#44860=AXIS2_PLACEMENT_3D('',#44830,#44840,#44850);
#44870=CYLINDRICAL_SURFACE('',#44860,0.25);
#44880=CARTESIAN_POINT('',(-0.452181000000001,-1.430469,5.175));
#44890=DIRECTION('',(0.,0.,-1.));
#44900=DIRECTION('',(-1.,0.,0.));
#44910=AXIS2_PLACEMENT_3D('',#44880,#44890,#44900);
#44920=CIRCLE('',#44910,0.25);
#44930=CARTESIAN_POINT('',(-0.223052215252209,-1.530469,5.175));
#44940=VERTEX_POINT('',#44930);
#44950=CARTESIAN_POINT('',(-0.452181000000001,-1.680469,5.175));
#44960=VERTEX_POINT('',#44950);
#44970=EDGE_CURVE('',#44940,#44960,#44920,.T.);
#44980=ORIENTED_EDGE('',*,*,#44970,.F.);
#44990=CARTESIAN_POINT('',(-0.452181000000001,-1.680469,4.825));
#45000=DIRECTION('',(0.,0.,-1.));
#45010=VECTOR('',#45000,1.);
#45020=LINE('',#44990,#45010);
#45030=CARTESIAN_POINT('',(-0.452181000000001,-1.680469,4.825));
#45040=VERTEX_POINT('',#45030);
#45050=EDGE_CURVE('',#44960,#45040,#45020,.T.);
#45060=ORIENTED_EDGE('',*,*,#45050,.F.);
#45070=CARTESIAN_POINT('',(-0.452181000000001,-1.430469,4.825));
#45080=DIRECTION('',(0.,0.,-1.));
#45090=DIRECTION('',(-1.,0.,0.));
#45100=AXIS2_PLACEMENT_3D('',#45070,#45080,#45090);
#45110=CIRCLE('',#45100,0.25);
#45120=CARTESIAN_POINT('',(-0.223052215252209,-1.530469,4.825));
#45130=VERTEX_POINT('',#45120);
#45140=EDGE_CURVE('',#45130,#45040,#45110,.T.);
#45150=ORIENTED_EDGE('',*,*,#45140,.T.);
#45160=CARTESIAN_POINT('',(-0.223052215252209,-1.530469,4.825));
#45170=DIRECTION('',(0.,0.,-1.));
#45180=VECTOR('',#45170,1.);
#45190=LINE('',#45160,#45180);
#45200=EDGE_CURVE('',#44940,#45130,#45190,.T.);
#45210=ORIENTED_EDGE('',*,*,#45200,.T.);
#45220=EDGE_LOOP('',(#45210,#45150,#45060,#44980));
#45230=FACE_OUTER_BOUND('',#45220,.T.);
#45240=ADVANCED_FACE('',(#45230),#44870,.F.);
#45250=CARTESIAN_POINT('',(0.147819,-1.530469,5.175));
#45260=VERTEX_POINT('',#45250);
#45270=EDGE_CURVE('',#39210,#45260,#6080,.T.);
#45280=ORIENTED_EDGE('',*,*,#45270,.T.);
#45290=ORIENTED_EDGE('',*,*,#39220,.T.);
#45300=CARTESIAN_POINT('',(-0.0251477347320566,-2.030469,5.175));
#45310=DIRECTION('',(-1.,0.,0.));
#45320=VECTOR('',#45310,1.);
#45330=LINE('',#45300,#45320);
#45340=EDGE_CURVE('',#39190,#43810,#45330,.T.);
#45350=ORIENTED_EDGE('',*,*,#45340,.F.);
#45360=ORIENTED_EDGE('',*,*,#44190,.T.);
#45370=CARTESIAN_POINT('',(-0.0251477347320566,-1.680469,5.175));
#45380=DIRECTION('',(1.,0.,0.));
#45390=VECTOR('',#45380,1.);
#45400=LINE('',#45370,#45390);
#45410=EDGE_CURVE('',#44120,#44960,#45400,.T.);
#45420=ORIENTED_EDGE('',*,*,#45410,.F.);
#45430=ORIENTED_EDGE('',*,*,#44970,.T.);
#45440=CARTESIAN_POINT('',(0.,-1.530469,5.175));
#45450=DIRECTION('',(-1.,-1.22460635382238E-16,0.));
#45460=VECTOR('',#45450,1.);
#45470=LINE('',#45440,#45460);
#45480=EDGE_CURVE('',#45260,#44940,#45470,.T.);
#45490=ORIENTED_EDGE('',*,*,#45480,.T.);
#45500=EDGE_LOOP('',(#45490,#45430,#45420,#45360,#45350,#45290,#45280));
#45510=FACE_OUTER_BOUND('',#45500,.T.);
#45520=ADVANCED_FACE('',(#45510),#8420,.T.);
#45530=ORIENTED_EDGE('',*,*,#35140,.T.);
#45540=CARTESIAN_POINT('',(0.147819,-1.580469,3.575));
#45550=DIRECTION('',(0.,0.,1.));
#45560=VECTOR('',#45550,1.);
#45570=LINE('',#45540,#45560);
#45580=EDGE_CURVE('',#35090,#38300,#45570,.T.);
#45590=ORIENTED_EDGE('',*,*,#45580,.F.);
#45600=ORIENTED_EDGE('',*,*,#38330,.F.);
#45610=CARTESIAN_POINT('',(0.147819,-1.530469,8.125));
#45620=DIRECTION('',(0.,0.,1.));
#45630=VECTOR('',#45620,1.);
#45640=LINE('',#45610,#45630);
#45650=EDGE_CURVE('',#35130,#38320,#45640,.T.);
#45660=ORIENTED_EDGE('',*,*,#45650,.T.);
#45670=EDGE_LOOP('',(#45660,#45600,#45590,#45530));
#45680=FACE_OUTER_BOUND('',#45670,.T.);
#45690=ADVANCED_FACE('',(#45680),#7510,.T.);
#45700=CARTESIAN_POINT('',(-2.217181,-1.630469,0.649999999999999));
#45710=DIRECTION('',(-1.,6.12303176911189E-17,6.12303176911188E-17));
#45720=DIRECTION('',(-6.12303176911188E-17,-1.,0.));
#45730=AXIS2_PLACEMENT_3D('',#45700,#45710,#45720);
#45740=CYLINDRICAL_SURFACE('',#45730,0.4);
#45750=CARTESIAN_POINT('',(-1.417181,-1.630469,0.649999999999999));
#45760=DIRECTION('',(-1.,6.12303176911189E-17,6.12303176911188E-17));
#45770=DIRECTION('',(-6.12303176911188E-17,-1.,0.));
#45780=AXIS2_PLACEMENT_3D('',#45750,#45760,#45770);
#45790=CIRCLE('',#45780,0.4);
#45800=CARTESIAN_POINT('',(-1.417181,-2.030469,0.649999999999999));
#45810=VERTEX_POINT('',#45800);
#45820=CARTESIAN_POINT('',(-1.417181,-1.630469,1.05));
#45830=VERTEX_POINT('',#45820);
#45840=EDGE_CURVE('',#45810,#45830,#45790,.T.);
#45850=ORIENTED_EDGE('',*,*,#45840,.F.);
#45860=CARTESIAN_POINT('',(-2.217181,-1.630469,1.05));
#45870=DIRECTION('',(1.,-6.12303176911189E-17,-6.12303176911188E-17));
#45880=VECTOR('',#45870,1.);
#45890=LINE('',#45860,#45880);
#45900=EDGE_CURVE('',#45830,#40780,#45890,.T.);
#45910=ORIENTED_EDGE('',*,*,#45900,.F.);
#45920=CARTESIAN_POINT('',(-2.217181,-1.630469,1.05));
#45930=DIRECTION('',(-1.,6.12303176911189E-17,3.06151588455594E-17));
#45940=VECTOR('',#45930,1.);
#45950=LINE('',#45920,#45940);
#45960=CARTESIAN_POINT('',(0.382818999999997,-1.630469,1.05));
#45970=VERTEX_POINT('',#45960);
#45980=EDGE_CURVE('',#45970,#40780,#45950,.T.);
#45990=ORIENTED_EDGE('',*,*,#45980,.T.);
#46000=CARTESIAN_POINT('',(0.382818999999997,-1.630469,0.649999999999999
));
#46010=DIRECTION('',(-1.,6.12303176911189E-17,6.12303176911188E-17));
#46020=DIRECTION('',(-6.12303176911188E-17,-1.,0.));
#46030=AXIS2_PLACEMENT_3D('',#46000,#46010,#46020);
#46040=CIRCLE('',#46030,0.4);
#46050=CARTESIAN_POINT('',(0.382818999999997,-2.030469,0.649999999999998
));
#46060=VERTEX_POINT('',#46050);
#46070=EDGE_CURVE('',#46060,#45970,#46040,.T.);
#46080=ORIENTED_EDGE('',*,*,#46070,.T.);
#46090=CARTESIAN_POINT('',(-2.217181,-2.030469,0.649999999999999));
#46100=DIRECTION('',(-1.,6.12303176911189E-17,6.12303176911188E-17));
#46110=VECTOR('',#46100,1.);
#46120=LINE('',#46090,#46110);
#46130=EDGE_CURVE('',#46060,#45810,#46120,.T.);
#46140=ORIENTED_EDGE('',*,*,#46130,.F.);
#46150=EDGE_LOOP('',(#46140,#46080,#45990,#45910,#45850));
#46160=FACE_OUTER_BOUND('',#46150,.T.);
#46170=ADVANCED_FACE('',(#46160),#45740,.T.);
#46180=ORIENTED_EDGE('',*,*,#29830,.T.);
#46190=CARTESIAN_POINT('',(-2.217181,0.669531,0.649999999999999));
#46200=VERTEX_POINT('',#46190);
#46210=EDGE_CURVE('',#29740,#46200,#37570,.T.);
#46220=ORIENTED_EDGE('',*,*,#46210,.F.);
#46230=CARTESIAN_POINT('',(-1.817181,0.669531,0.649999999999999));
#46240=DIRECTION('',(-6.12303176911189E-17,-1.,6.16297582203916E-33));
#46250=DIRECTION('',(1.,-6.12303176911189E-17,0.));
#46260=AXIS2_PLACEMENT_3D('',#46230,#46240,#46250);
#46270=CIRCLE('',#46260,0.4);
#46280=EDGE_CURVE('',#29820,#46200,#46270,.T.);
#46290=ORIENTED_EDGE('',*,*,#46280,.T.);
#46300=EDGE_LOOP('',(#46290,#46220,#46180));
#46310=FACE_OUTER_BOUND('',#46300,.T.);
#46320=ADVANCED_FACE('',(#46310),#37100,.T.);
#46330=CARTESIAN_POINT('',(0.382818999999997,-1.02997062820733,
-0.600002400000001));
#46340=DIRECTION('',(6.12303176911189E-17,1.,-3.74915180455534E-33));
#46350=DIRECTION('',(1.,-6.12303176911189E-17,-6.12303176911188E-17));
#46360=AXIS2_PLACEMENT_3D('',#46330,#46340,#46350);
#46370=PLANE('',#46360);
#46380=CARTESIAN_POINT('',(-3.03887692444053E-15,-1.02997062820733,
0.850000000000001));
#46390=DIRECTION('',(-1.,6.12303176911189E-17,6.12303176911188E-17));
#46400=VECTOR('',#46390,1.);
#46410=LINE('',#46380,#46400);
#46420=CARTESIAN_POINT('',(0.482968511537799,-1.02997062820733,
0.850000000000001));
#46430=VERTEX_POINT('',#46420);
#46440=CARTESIAN_POINT('',(0.382818999999997,-1.02997062820733,
0.850000000000001));
#46450=VERTEX_POINT('',#46440);
#46460=EDGE_CURVE('',#46430,#46450,#46410,.T.);
#46470=ORIENTED_EDGE('',*,*,#46460,.F.);
#46480=CARTESIAN_POINT('',(0.382818999999997,-1.02997062820733,
-0.600002400000001));
#46490=DIRECTION('',(6.12303176911188E-17,0.,1.));
#46500=VECTOR('',#46490,1.);
#46510=LINE('',#46480,#46500);
#46520=CARTESIAN_POINT('',(0.382818999999997,-1.02997062820733,1.05));
#46530=VERTEX_POINT('',#46520);
#46540=EDGE_CURVE('',#46450,#46530,#46510,.T.);
#46550=ORIENTED_EDGE('',*,*,#46540,.F.);
#46560=CARTESIAN_POINT('',(0.,-1.02997062820733,1.05));
#46570=DIRECTION('',(1.,-6.12303176911189E-17,0.));
#46580=VECTOR('',#46570,1.);
#46590=LINE('',#46560,#46580);
#46600=CARTESIAN_POINT('',(0.482968511537799,-1.02997062820733,1.05));
#46610=VERTEX_POINT('',#46600);
#46620=EDGE_CURVE('',#46530,#46610,#46590,.T.);
#46630=ORIENTED_EDGE('',*,*,#46620,.F.);
#46640=CARTESIAN_POINT('',(0.482968511537801,-1.02997062820733,1.05));
#46650=DIRECTION('',(-6.12303176911188E-17,0.,-1.));
#46660=VECTOR('',#46650,1.);
#46670=LINE('',#46640,#46660);
#46680=EDGE_CURVE('',#46610,#46430,#46670,.T.);
#46690=ORIENTED_EDGE('',*,*,#46680,.F.);
#46700=EDGE_LOOP('',(#46690,#46630,#46550,#46470));
#46710=FACE_OUTER_BOUND('',#46700,.T.);
#46720=ADVANCED_FACE('',(#46710),#46370,.F.);
#46730=CARTESIAN_POINT('',(-3.417181,-1.680469,2.325));
#46740=DIRECTION('',(0.,1.,0.));
#46750=DIRECTION('',(1.,0.,0.));
#46760=AXIS2_PLACEMENT_3D('',#46730,#46740,#46750);
#46770=PLANE('',#46760);
#46780=CARTESIAN_POINT('',(-0.452181000000001,-1.680469,2.325));
#46790=DIRECTION('',(0.,0.,-1.));
#46800=VECTOR('',#46790,1.);
#46810=LINE('',#46780,#46800);
#46820=EDGE_CURVE('',#40520,#26720,#46810,.T.);
#46830=ORIENTED_EDGE('',*,*,#46820,.T.);
#46840=ORIENTED_EDGE('',*,*,#40530,.T.);
#46850=CARTESIAN_POINT('',(-3.417181,-1.680469,2.325));
#46860=DIRECTION('',(0.,0.,1.));
#46870=VECTOR('',#46860,1.);
#46880=LINE('',#46850,#46870);
#46890=EDGE_CURVE('',#26800,#40440,#46880,.T.);
#46900=ORIENTED_EDGE('',*,*,#46890,.T.);
#46910=ORIENTED_EDGE('',*,*,#26810,.F.);
#46920=EDGE_LOOP('',(#46910,#46900,#46840,#46830));
#46930=FACE_OUTER_BOUND('',#46920,.T.);
#46940=ADVANCED_FACE('',(#46930),#46770,.T.);
#46950=CARTESIAN_POINT('',(-3.717181,-1.955469,4.825));
#46960=DIRECTION('',(-1.,0.,0.));
#46970=DIRECTION('',(0.,1.,0.));
#46980=AXIS2_PLACEMENT_3D('',#46950,#46960,#46970);
#46990=PLANE('',#46980);
#47000=CARTESIAN_POINT('',(-3.717181,-1.755469,4.825));
#47010=DIRECTION('',(0.,0.,1.));
#47020=VECTOR('',#47010,1.);
#47030=LINE('',#47000,#47020);
#47040=EDGE_CURVE('',#43350,#44040,#47030,.T.);
#47050=ORIENTED_EDGE('',*,*,#47040,.F.);
#47060=ORIENTED_EDGE('',*,*,#44050,.F.);
#47070=ORIENTED_EDGE('',*,*,#43740,.T.);
#47080=ORIENTED_EDGE('',*,*,#43360,.F.);
#47090=EDGE_LOOP('',(#47080,#47070,#47060,#47050));
#47100=FACE_OUTER_BOUND('',#47090,.T.);
#47110=ADVANCED_FACE('',(#47100),#46990,.T.);
#47120=CARTESIAN_POINT('',(-3.717181,-1.955469,3.575));
#47130=DIRECTION('',(-1.,0.,0.));
#47140=DIRECTION('',(0.,1.,0.));
#47150=AXIS2_PLACEMENT_3D('',#47120,#47130,#47140);
#47160=PLANE('',#47150);
#47170=CARTESIAN_POINT('',(-3.717181,-1.755469,3.575));
#47180=DIRECTION('',(0.,0.,1.));
#47190=VECTOR('',#47180,1.);
#47200=LINE('',#47170,#47190);
#47210=CARTESIAN_POINT('',(-3.717181,-1.755469,3.85));
#47220=VERTEX_POINT('',#47210);
#47230=EDGE_CURVE('',#42750,#47220,#47200,.T.);
#47240=ORIENTED_EDGE('',*,*,#47230,.F.);
#47250=CARTESIAN_POINT('',(-3.717181,-0.372053431461694,3.85));
#47260=DIRECTION('',(0.,-1.,0.));
#47270=VECTOR('',#47260,1.);
#47280=LINE('',#47250,#47270);
#47290=EDGE_CURVE('',#47220,#43040,#47280,.T.);
#47300=ORIENTED_EDGE('',*,*,#47290,.F.);
#47310=ORIENTED_EDGE('',*,*,#43050,.T.);
#47320=ORIENTED_EDGE('',*,*,#42760,.F.);
#47330=EDGE_LOOP('',(#47320,#47310,#47300,#47240));
#47340=FACE_OUTER_BOUND('',#47330,.T.);
#47350=ADVANCED_FACE('',(#47340),#47160,.T.);
#47360=CARTESIAN_POINT('',(0.982818999999997,1.469531,1.05));
#47370=DIRECTION('',(6.12303176911188E-17,-3.74915180455534E-33,1.));
#47380=DIRECTION('',(-1.,6.12303176911189E-17,6.12303176911188E-17));
#47390=AXIS2_PLACEMENT_3D('',#47360,#47370,#47380);
#47400=PLANE('',#47390);
#47410=ORIENTED_EDGE('',*,*,#40870,.T.);
#47420=ORIENTED_EDGE('',*,*,#45900,.T.);
#47430=CARTESIAN_POINT('',(-1.417181,8.67744428558176E-17,1.05));
#47440=DIRECTION('',(-6.12303176911188E-17,-1.,0.));
#47450=VECTOR('',#47440,1.);
#47460=LINE('',#47430,#47450);
#47470=CARTESIAN_POINT('',(-1.417181,-1.530469,1.05));
#47480=VERTEX_POINT('',#47470);
#47490=EDGE_CURVE('',#47480,#45830,#47460,.T.);
#47500=ORIENTED_EDGE('',*,*,#47490,.T.);
#47510=CARTESIAN_POINT('',(0.,-1.530469,1.05));
#47520=DIRECTION('',(-1.,-1.22460635382238E-16,6.12303176911188E-17));
#47530=VECTOR('',#47520,1.);
#47540=LINE('',#47510,#47530);
#47550=EDGE_CURVE('',#40860,#47480,#47540,.T.);
#47560=ORIENTED_EDGE('',*,*,#47550,.T.);
#47570=EDGE_LOOP('',(#47560,#47500,#47420,#47410));
#47580=FACE_OUTER_BOUND('',#47570,.T.);
#47590=ADVANCED_FACE('',(#47580),#47400,.T.);
#47600=CARTESIAN_POINT('',(-3.717181,-2.4404714,3.85));
#47610=DIRECTION('',(0.242535625036334,0.,-0.970142500145332));
#47620=DIRECTION('',(0.970142500145332,0.,0.242535625036334));
#47630=AXIS2_PLACEMENT_3D('',#47600,#47610,#47620);
#47640=PLANE('',#47630);
#47650=ORIENTED_EDGE('',*,*,#47290,.T.);
#47660=CARTESIAN_POINT('',(-0.0251477347320566,-0.832460683683013,
4.77300831631699));
#47670=DIRECTION('',(-0.942809041582063,-0.235702260395516,
-0.235702260395517));
#47680=VECTOR('',#47670,1.);
#47690=LINE('',#47660,#47680);
#47700=EDGE_CURVE('',#38570,#47220,#47690,.T.);
#47710=ORIENTED_EDGE('',*,*,#47700,.T.);
#47720=ORIENTED_EDGE('',*,*,#38580,.F.);
#47730=ORIENTED_EDGE('',*,*,#43110,.T.);
#47740=EDGE_LOOP('',(#47730,#47720,#47710,#47650));
#47750=FACE_OUTER_BOUND('',#47740,.T.);
#47760=ADVANCED_FACE('',(#47750),#47640,.F.);
#47770=CARTESIAN_POINT('',(-3.717181,-2.4404714,2.6));
#47780=DIRECTION('',(0.242535625036334,0.,-0.970142500145332));
#47790=DIRECTION('',(0.970142500145332,0.,0.242535625036334));
#47800=AXIS2_PLACEMENT_3D('',#47770,#47780,#47790);
#47810=PLANE('',#47800);
#47820=CARTESIAN_POINT('',(-3.717181,-0.372053431461694,2.6));
#47830=DIRECTION('',(0.,-1.,0.));
#47840=VECTOR('',#47830,1.);
#47850=LINE('',#47820,#47840);
#47860=CARTESIAN_POINT('',(-3.717181,-1.755469,2.6));
#47870=VERTEX_POINT('',#47860);
#47880=EDGE_CURVE('',#47870,#41720,#47850,.T.);
#47890=ORIENTED_EDGE('',*,*,#47880,.T.);
#47900=CARTESIAN_POINT('',(-0.0251477347320566,-0.832460683683013,
3.52300831631699));
#47910=DIRECTION('',(-0.942809041582063,-0.235702260395516,
-0.235702260395517));
#47920=VECTOR('',#47910,1.);
#47930=LINE('',#47900,#47920);
#47940=EDGE_CURVE('',#40440,#47870,#47930,.T.);
#47950=ORIENTED_EDGE('',*,*,#47940,.T.);
#47960=ORIENTED_EDGE('',*,*,#40450,.F.);
#47970=ORIENTED_EDGE('',*,*,#41790,.T.);
#47980=EDGE_LOOP('',(#47970,#47960,#47950,#47890));
#47990=FACE_OUTER_BOUND('',#47980,.T.);
#48000=ADVANCED_FACE('',(#47990),#47810,.F.);
#48010=CARTESIAN_POINT('',(-3.417181,-1.680469,4.825));
#48020=DIRECTION('',(0.,1.,0.));
#48030=DIRECTION('',(1.,0.,0.));
#48040=AXIS2_PLACEMENT_3D('',#48010,#48020,#48030);
#48050=PLANE('',#48040);
#48060=ORIENTED_EDGE('',*,*,#45050,.T.);
#48070=ORIENTED_EDGE('',*,*,#45410,.T.);
#48080=CARTESIAN_POINT('',(-3.417181,-1.680469,4.825));
#48090=DIRECTION('',(0.,0.,1.));
#48100=VECTOR('',#48090,1.);
#48110=LINE('',#48080,#48100);
#48120=EDGE_CURVE('',#43510,#44120,#48110,.T.);
#48130=ORIENTED_EDGE('',*,*,#48120,.T.);
#48140=CARTESIAN_POINT('',(-0.0251477347320566,-1.680469,4.825));
#48150=DIRECTION('',(1.,0.,0.));
#48160=VECTOR('',#48150,1.);
#48170=LINE('',#48140,#48160);
#48180=EDGE_CURVE('',#43510,#45040,#48170,.T.);
#48190=ORIENTED_EDGE('',*,*,#48180,.F.);
#48200=EDGE_LOOP('',(#48190,#48130,#48070,#48060));
#48210=FACE_OUTER_BOUND('',#48200,.T.);
#48220=ADVANCED_FACE('',(#48210),#48050,.T.);
#48230=CARTESIAN_POINT('',(-2.017181,1.469531,0.549999999999997));
#48240=DIRECTION('',(-6.12303176911188E-17,3.74915180455534E-33,-1.));
#48250=DIRECTION('',(1.,-6.12303176911189E-17,-6.12303176911188E-17));
#48260=AXIS2_PLACEMENT_3D('',#48230,#48240,#48250);
#48270=PLANE('',#48260);
#48280=CARTESIAN_POINT('',(-2.217181,1.469531,0.549999999999997));
#48290=DIRECTION('',(-6.12303176911188E-17,-1.,0.));
#48300=VECTOR('',#48290,1.);
#48310=LINE('',#48280,#48300);
#48320=CARTESIAN_POINT('',(-2.217181,1.469531,0.549999999999997));
#48330=VERTEX_POINT('',#48320);
#48340=EDGE_CURVE('',#48330,#37510,#48310,.T.);
#48350=ORIENTED_EDGE('',*,*,#48340,.F.);
#48360=ORIENTED_EDGE('',*,*,#37520,.T.);
#48370=CARTESIAN_POINT('',(-2.017181,1.469531,0.549999999999997));
#48380=DIRECTION('',(-6.12303176911188E-17,-1.,0.));
#48390=VECTOR('',#48380,1.);
#48400=LINE('',#48370,#48390);
#48410=CARTESIAN_POINT('',(-2.017181,1.469531,0.549999999999997));
#48420=VERTEX_POINT('',#48410);
#48430=EDGE_CURVE('',#48420,#37430,#48400,.T.);
#48440=ORIENTED_EDGE('',*,*,#48430,.T.);
#48450=CARTESIAN_POINT('',(-3.10788179046229E-15,1.469531,
0.549999999999997));
#48460=DIRECTION('',(1.,-6.12303176911189E-17,-6.12303176911188E-17));
#48470=VECTOR('',#48460,1.);
#48480=LINE('',#48450,#48470);
#48490=EDGE_CURVE('',#48330,#48420,#48480,.T.);
#48500=ORIENTED_EDGE('',*,*,#48490,.T.);
#48510=EDGE_LOOP('',(#48500,#48440,#48360,#48350));
#48520=FACE_OUTER_BOUND('',#48510,.T.);
#48530=ADVANCED_FACE('',(#48520),#48270,.T.);
#48540=CARTESIAN_POINT('',(-1.817181,5.77369377901522E-32,
0.649999999999999));
#48550=DIRECTION('',(-6.12303176911189E-17,-1.,6.16297582203916E-33));
#48560=DIRECTION('',(-1.,6.12303176911189E-17,0.));
#48570=AXIS2_PLACEMENT_3D('',#48540,#48550,#48560);
#48580=CYLINDRICAL_SURFACE('',#48570,0.2);
#48590=CARTESIAN_POINT('',(-2.017181,1.22460635382238E-17,
0.649999999999999));
#48600=DIRECTION('',(-6.12303176911189E-17,-1.,6.16297582203916E-33));
#48610=VECTOR('',#48600,1.);
#48620=LINE('',#48590,#48610);
#48630=CARTESIAN_POINT('',(-2.017181,1.469531,0.649999999999999));
#48640=VERTEX_POINT('',#48630);
#48650=EDGE_CURVE('',#48640,#37350,#48620,.T.);
#48660=ORIENTED_EDGE('',*,*,#48650,.F.);
#48670=ORIENTED_EDGE('',*,*,#37360,.F.);
#48680=CARTESIAN_POINT('',(-1.817181,5.69871074292411E-32,
0.849999999999998));
#48690=DIRECTION('',(-6.12303176911189E-17,-1.,6.16297582203916E-33));
#48700=VECTOR('',#48690,1.);
#48710=LINE('',#48680,#48700);
#48720=CARTESIAN_POINT('',(-1.817181,1.469531,0.850000000000001));
#48730=VERTEX_POINT('',#48720);
#48740=EDGE_CURVE('',#48730,#37260,#48710,.T.);
#48750=ORIENTED_EDGE('',*,*,#48740,.T.);
#48760=CARTESIAN_POINT('',(-1.817181,1.469531,0.649999999999999));
#48770=DIRECTION('',(6.12303176911189E-17,1.,-6.16297582203916E-33));
#48780=DIRECTION('',(-1.,6.12303176911189E-17,0.));
#48790=AXIS2_PLACEMENT_3D('',#48760,#48770,#48780);
#48800=CIRCLE('',#48790,0.2);
#48810=EDGE_CURVE('',#48640,#48730,#48800,.T.);
#48820=ORIENTED_EDGE('',*,*,#48810,.T.);
#48830=EDGE_LOOP('',(#48820,#48750,#48670,#48660));
#48840=FACE_OUTER_BOUND('',#48830,.T.);
#48850=ADVANCED_FACE('',(#48840),#48580,.F.);
#48860=CARTESIAN_POINT('',(0.147819,-2.030469,4.825));
#48870=DIRECTION('',(0.,-1.,0.));
#48880=DIRECTION('',(-1.,0.,0.));
#48890=AXIS2_PLACEMENT_3D('',#48860,#48870,#48880);
#48900=PLANE('',#48890);
#48910=CARTESIAN_POINT('',(-0.0251477347320566,-2.030469,4.825));
#48920=DIRECTION('',(-1.,0.,0.));
#48930=VECTOR('',#48920,1.);
#48940=LINE('',#48910,#48930);
#48950=EDGE_CURVE('',#39380,#43430,#48940,.T.);
#48960=ORIENTED_EDGE('',*,*,#48950,.F.);
#48970=ORIENTED_EDGE('',*,*,#43880,.T.);
#48980=ORIENTED_EDGE('',*,*,#45340,.T.);
#48990=ORIENTED_EDGE('',*,*,#39450,.T.);
#49000=EDGE_LOOP('',(#48990,#48980,#48970,#48960));
#49010=FACE_OUTER_BOUND('',#49000,.T.);
#49020=ADVANCED_FACE('',(#49010),#48900,.T.);
#49030=ORIENTED_EDGE('',*,*,#45140,.F.);
#49040=ORIENTED_EDGE('',*,*,#48180,.T.);
#49050=ORIENTED_EDGE('',*,*,#43520,.F.);
#49060=ORIENTED_EDGE('',*,*,#48950,.T.);
#49070=ORIENTED_EDGE('',*,*,#39390,.F.);
#49080=CARTESIAN_POINT('',(0.147819,-1.530469,4.825));
#49090=VERTEX_POINT('',#49080);
#49100=EDGE_CURVE('',#39290,#49090,#6240,.T.);
#49110=ORIENTED_EDGE('',*,*,#49100,.F.);
#49120=CARTESIAN_POINT('',(0.,-1.530469,4.825));
#49130=DIRECTION('',(-1.,-1.22460635382238E-16,0.));
#49140=VECTOR('',#49130,1.);
#49150=LINE('',#49120,#49140);
#49160=EDGE_CURVE('',#49090,#45130,#49150,.T.);
#49170=ORIENTED_EDGE('',*,*,#49160,.F.);
#49180=EDGE_LOOP('',(#49170,#49110,#49070,#49060,#49050,#49040,#49030));
#49190=FACE_OUTER_BOUND('',#49180,.T.);
#49200=ADVANCED_FACE('',(#49190),#8130,.F.);
#49210=CARTESIAN_POINT('',(-1.74283400696029,1.469531,0.934510345014509)
);
#49220=DIRECTION('',(6.12303176911189E-17,1.,-3.74915180455534E-33));
#49230=DIRECTION('',(-1.,6.12303176911189E-17,6.12303176911188E-17));
#49240=AXIS2_PLACEMENT_3D('',#49210,#49220,#49230);
#49250=PLANE('',#49240);
#49260=ORIENTED_EDGE('',*,*,#29990,.T.);
#49270=CARTESIAN_POINT('',(-1.817181,1.469531,0.649999999999999));
#49280=DIRECTION('',(-6.12303176911189E-17,-1.,6.16297582203916E-33));
#49290=DIRECTION('',(1.,-6.12303176911189E-17,0.));
#49300=AXIS2_PLACEMENT_3D('',#49270,#49280,#49290);
#49310=CIRCLE('',#49300,0.4);
#49320=CARTESIAN_POINT('',(-2.217181,1.469531,0.649999999999999));
#49330=VERTEX_POINT('',#49320);
#49340=EDGE_CURVE('',#29900,#49330,#49310,.T.);
#49350=ORIENTED_EDGE('',*,*,#49340,.F.);
#49360=CARTESIAN_POINT('',(-2.217181,1.469531,15.625));
#49370=DIRECTION('',(-6.12303176911189E-17,6.16297582203916E-33,-1.));
#49380=VECTOR('',#49370,1.);
#49390=LINE('',#49360,#49380);
#49400=EDGE_CURVE('',#49330,#48330,#49390,.T.);
#49410=ORIENTED_EDGE('',*,*,#49400,.F.);
#49420=ORIENTED_EDGE('',*,*,#48490,.F.);
#49430=CARTESIAN_POINT('',(-2.017181,1.469531,15.625));
#49440=DIRECTION('',(6.12303176911189E-17,-6.16297582203916E-33,1.));
#49450=VECTOR('',#49440,1.);
#49460=LINE('',#49430,#49450);
#49470=EDGE_CURVE('',#48420,#48640,#49460,.T.);
#49480=ORIENTED_EDGE('',*,*,#49470,.F.);
#49490=ORIENTED_EDGE('',*,*,#48810,.F.);
#49500=CARTESIAN_POINT('',(-3.10788179046229E-15,1.469531,
0.850000000000001));
#49510=DIRECTION('',(1.,-6.12303176911189E-17,-6.12303176911188E-17));
#49520=VECTOR('',#49510,1.);
#49530=LINE('',#49500,#49520);
#49540=CARTESIAN_POINT('',(0.782818999999997,1.469531,0.850000000000001)
);
#49550=VERTEX_POINT('',#49540);
#49560=EDGE_CURVE('',#48730,#49550,#49530,.T.);
#49570=ORIENTED_EDGE('',*,*,#49560,.F.);
#49580=CARTESIAN_POINT('',(0.782818999999997,1.469531,0.649999999999999)
);
#49590=DIRECTION('',(-6.12303176911189E-17,-1.,6.16297582203916E-33));
#49600=DIRECTION('',(1.,-6.12303176911189E-17,0.));
#49610=AXIS2_PLACEMENT_3D('',#49580,#49590,#49600);
#49620=CIRCLE('',#49610,0.2);
#49630=EDGE_CURVE('',#36090,#49550,#49620,.T.);
#49640=ORIENTED_EDGE('',*,*,#49630,.T.);
#49650=ORIENTED_EDGE('',*,*,#36180,.F.);
#49660=ORIENTED_EDGE('',*,*,#33020,.F.);
#49670=ORIENTED_EDGE('',*,*,#14010,.F.);
#49680=CARTESIAN_POINT('',(0.782818999999997,1.469531,0.649999999999999)
);
#49690=DIRECTION('',(6.12303176911189E-17,1.,-6.16297582203916E-33));
#49700=DIRECTION('',(-1.,6.12303176911189E-17,0.));
#49710=AXIS2_PLACEMENT_3D('',#49680,#49690,#49700);
#49720=CIRCLE('',#49710,0.4);
#49730=EDGE_CURVE('',#29980,#13920,#49720,.T.);
#49740=ORIENTED_EDGE('',*,*,#49730,.T.);
#49750=EDGE_LOOP('',(#49740,#49670,#49660,#49650,#49640,#49570,#49490,
#49480,#49420,#49410,#49350,#49260));
#49760=FACE_OUTER_BOUND('',#49750,.T.);
#49770=ADVANCED_FACE('',(#49760),#49250,.T.);
#49780=CARTESIAN_POINT('',(-3.717181,-1.755469,2.325));
#49790=DIRECTION('',(-0.242535625036333,0.970142500145332,0.));
#49800=DIRECTION('',(0.970142500145332,0.242535625036333,0.));
#49810=AXIS2_PLACEMENT_3D('',#49780,#49790,#49800);
#49820=PLANE('',#49810);
#49830=CARTESIAN_POINT('',(-3.717181,-1.755469,2.325));
#49840=DIRECTION('',(0.,0.,1.));
#49850=VECTOR('',#49840,1.);
#49860=LINE('',#49830,#49850);
#49870=CARTESIAN_POINT('',(-3.717181,-1.755469,2.4));
#49880=VERTEX_POINT('',#49870);
#49890=EDGE_CURVE('',#49880,#47870,#49860,.T.);
#49900=ORIENTED_EDGE('',*,*,#49890,.T.);
#49910=CARTESIAN_POINT('',(-0.0251477347320566,-0.832460683683013,
1.47699168368301));
#49920=DIRECTION('',(0.942809041582063,0.235702260395516,
-0.235702260395517));
#49930=VECTOR('',#49920,1.);
#49940=LINE('',#49910,#49930);
#49950=EDGE_CURVE('',#49880,#26800,#49940,.T.);
#49960=ORIENTED_EDGE('',*,*,#49950,.F.);
#49970=ORIENTED_EDGE('',*,*,#46890,.F.);
#49980=ORIENTED_EDGE('',*,*,#47940,.F.);
#49990=EDGE_LOOP('',(#49980,#49970,#49960,#49900));
#50000=FACE_OUTER_BOUND('',#49990,.T.);
#50010=ADVANCED_FACE('',(#50000),#49820,.T.);
#50020=CARTESIAN_POINT('',(-3.717181,-1.955469,2.325));
#50030=DIRECTION('',(-1.,0.,0.));
#50040=DIRECTION('',(0.,1.,0.));
#50050=AXIS2_PLACEMENT_3D('',#50020,#50030,#50040);
#50060=PLANE('',#50050);
#50070=ORIENTED_EDGE('',*,*,#49890,.F.);
#50080=ORIENTED_EDGE('',*,*,#47880,.F.);
#50090=ORIENTED_EDGE('',*,*,#41730,.T.);
#50100=CARTESIAN_POINT('',(-3.717181,-0.372053431461694,2.4));
#50110=DIRECTION('',(0.,1.,0.));
#50120=VECTOR('',#50110,1.);
#50130=LINE('',#50100,#50120);
#50140=EDGE_CURVE('',#41700,#49880,#50130,.T.);
#50150=ORIENTED_EDGE('',*,*,#50140,.F.);
#50160=EDGE_LOOP('',(#50150,#50090,#50080,#50070));
#50170=FACE_OUTER_BOUND('',#50160,.T.);
#50180=ADVANCED_FACE('',(#50170),#50060,.T.);
#50190=ORIENTED_EDGE('',*,*,#34520,.F.);
#50200=ORIENTED_EDGE('',*,*,#35360,.T.);
#50210=ORIENTED_EDGE('',*,*,#38950,.T.);
#50220=ORIENTED_EDGE('',*,*,#32560,.T.);
#50230=EDGE_LOOP('',(#50220,#50210,#50200,#50190));
#50240=FACE_OUTER_BOUND('',#50230,.T.);
#50250=ADVANCED_FACE('',(#50240),#29440,.T.);
#50260=CARTESIAN_POINT('',(-2.217181,1.469531,0.850000000000001));
#50270=DIRECTION('',(-6.12303176911188E-17,3.74915180455534E-33,-1.));
#50280=DIRECTION('',(6.12303176911188E-17,1.,0.));
#50290=AXIS2_PLACEMENT_3D('',#50260,#50270,#50280);
#50300=PLANE('',#50290);
#50310=CARTESIAN_POINT('',(-1.417181,8.67744428558176E-17,
0.850000000000001));
#50320=DIRECTION('',(6.12303176911188E-17,1.,0.));
#50330=VECTOR('',#50320,1.);
#50340=LINE('',#50310,#50330);
#50350=CARTESIAN_POINT('',(-1.417181,-1.630469,0.850000000000001));
#50360=VERTEX_POINT('',#50350);
#50370=CARTESIAN_POINT('',(-1.417181,-1.02997062820733,0.850000000000001
));
#50380=VERTEX_POINT('',#50370);
#50390=EDGE_CURVE('',#50360,#50380,#50340,.T.);
#50400=ORIENTED_EDGE('',*,*,#50390,.T.);
#50410=CARTESIAN_POINT('',(-2.217181,-1.630469,0.850000000000001));
#50420=DIRECTION('',(1.,-6.12303176911189E-17,-6.12303176911188E-17));
#50430=VECTOR('',#50420,1.);
#50440=LINE('',#50410,#50430);
#50450=CARTESIAN_POINT('',(0.382818999999997,-1.630469,0.850000000000001
));
#50460=VERTEX_POINT('',#50450);
#50470=EDGE_CURVE('',#50360,#50460,#50440,.T.);
#50480=ORIENTED_EDGE('',*,*,#50470,.F.);
#50490=CARTESIAN_POINT('',(0.382818999999997,-2.34401289881964E-17,
0.850000000000001));
#50500=DIRECTION('',(-6.12303176911188E-17,-1.,0.));
#50510=VECTOR('',#50500,1.);
#50520=LINE('',#50490,#50510);
#50530=EDGE_CURVE('',#46450,#50460,#50520,.T.);
#50540=ORIENTED_EDGE('',*,*,#50530,.T.);
#50550=ORIENTED_EDGE('',*,*,#46460,.T.);
#50560=CARTESIAN_POINT('',(0.468858219456286,-0.830469000000001,
0.850000000000001));
#50570=DIRECTION('',(-6.12303176911188E-17,0.,-1.));
#50580=DIRECTION('',(-1.,6.12303176911189E-17,6.12303176911188E-17));
#50590=AXIS2_PLACEMENT_3D('',#50560,#50570,#50580);
#50600=CIRCLE('',#50590,0.2);
#50610=CARTESIAN_POINT('',(0.66497435459447,-0.869692227027637,
0.850000000000001));
#50620=VERTEX_POINT('',#50610);
#50630=EDGE_CURVE('',#50620,#46430,#50600,.T.);
#50640=ORIENTED_EDGE('',*,*,#50630,.T.);
#50650=CARTESIAN_POINT('',(0.838912799999997,-5.1366897259146E-17,
0.850000000000001));
#50660=DIRECTION('',(-0.196116135138183,-0.98058067569092,
1.20082532588654E-17));
#50670=VECTOR('',#50660,1.);
#50680=LINE('',#50650,#50670);
#50690=EDGE_CURVE('',#4090,#50620,#50680,.T.);
#50700=ORIENTED_EDGE('',*,*,#50690,.T.);
#50710=ORIENTED_EDGE('',*,*,#4100,.T.);
#50720=CARTESIAN_POINT('',(-3.00829228105816E-15,-0.530469000000001,
0.850000000000001));
#50730=DIRECTION('',(1.,-6.12303176911189E-17,-6.12303176911188E-17));
#50740=VECTOR('',#50730,1.);
#50750=LINE('',#50720,#50740);
#50760=CARTESIAN_POINT('',(0.632818999999997,-0.530469000000001,
0.850000000000001));
#50770=VERTEX_POINT('',#50760);
#50780=EDGE_CURVE('',#50770,#4050,#50750,.T.);
#50790=ORIENTED_EDGE('',*,*,#50780,.T.);
#50800=CARTESIAN_POINT('',(0.791959699999997,-4.84919440295631E-17,
0.850000000000001));
#50810=DIRECTION('',(-0.287347885566345,-0.957826285221152,
1.75944023210986E-17));
#50820=VECTOR('',#50810,1.);
#50830=LINE('',#50800,#50820);
#50840=EDGE_CURVE('',#3810,#50770,#50830,.T.);
#50850=ORIENTED_EDGE('',*,*,#50840,.T.);
#50860=ORIENTED_EDGE('',*,*,#3820,.T.);
#50870=CARTESIAN_POINT('',(-2.9776771222126E-15,-0.0304690000000005,
0.850000000000001));
#50880=DIRECTION('',(1.,-6.12303176911189E-17,-6.12303176911188E-17));
#50890=VECTOR('',#50880,1.);
#50900=LINE('',#50870,#50890);
#50910=CARTESIAN_POINT('',(0.632818999999997,-0.0304690000000006,
0.850000000000001));
#50920=VERTEX_POINT('',#50910);
#50930=EDGE_CURVE('',#50920,#3710,#50900,.T.);
#50940=ORIENTED_EDGE('',*,*,#50930,.T.);
#50950=CARTESIAN_POINT('',(0.632818999999997,-3.87477084109761E-17,
0.850000000000001));
#50960=DIRECTION('',(-6.12303176911188E-17,-1.,0.));
#50970=VECTOR('',#50960,1.);
#50980=LINE('',#50950,#50970);
#50990=CARTESIAN_POINT('',(0.632818999999997,0.669531,0.850000000000001)
);
#51000=VERTEX_POINT('',#50990);
#51010=EDGE_CURVE('',#51000,#50920,#50980,.T.);
#51020=ORIENTED_EDGE('',*,*,#51010,.T.);
#51030=CARTESIAN_POINT('',(-3.10788179046229E-15,0.669531,
0.850000000000001));
#51040=DIRECTION('',(1.,-6.12303176911189E-17,-6.12303176911188E-17));
#51050=VECTOR('',#51040,1.);
#51060=LINE('',#51030,#51050);
#51070=EDGE_CURVE('',#51000,#460,#51060,.T.);
#51080=ORIENTED_EDGE('',*,*,#51070,.F.);
#51090=ORIENTED_EDGE('',*,*,#470,.T.);
#51100=CARTESIAN_POINT('',(0.782818999999997,5.69871074292411E-32,
0.849999999999998));
#51110=DIRECTION('',(6.12303176911189E-17,1.,-6.16297582203916E-33));
#51120=VECTOR('',#51110,1.);
#51130=LINE('',#51100,#51120);
#51140=EDGE_CURVE('',#380,#49550,#51130,.T.);
#51150=ORIENTED_EDGE('',*,*,#51140,.F.);
#51160=ORIENTED_EDGE('',*,*,#49560,.T.);
#51170=ORIENTED_EDGE('',*,*,#48740,.F.);
#51180=ORIENTED_EDGE('',*,*,#37270,.T.);
#51190=ORIENTED_EDGE('',*,*,#32720,.F.);
#51200=ORIENTED_EDGE('',*,*,#39020,.T.);
#51210=ORIENTED_EDGE('',*,*,#35450,.T.);
#51220=ORIENTED_EDGE('',*,*,#34420,.T.);
#51230=ORIENTED_EDGE('',*,*,#35930,.T.);
#51240=CARTESIAN_POINT('',(-3.00829228105816E-15,-0.530469000000001,
0.850000000000001));
#51250=DIRECTION('',(1.,-6.12303176911189E-17,-6.12303176911188E-17));
#51260=VECTOR('',#51250,1.);
#51270=LINE('',#51240,#51260);
#51280=EDGE_CURVE('',#34130,#35860,#51270,.T.);
#51290=ORIENTED_EDGE('',*,*,#51280,.T.);
#51300=ORIENTED_EDGE('',*,*,#34140,.T.);
#51310=CARTESIAN_POINT('',(-1.8732748,1.14701211126767E-16,
0.850000000000001));
#51320=DIRECTION('',(-0.196116135138183,0.98058067569092,
1.20082532588654E-17));
#51330=VECTOR('',#51320,1.);
#51340=LINE('',#51310,#51330);
#51350=CARTESIAN_POINT('',(-1.69933635459448,-0.869692227027637,
0.850000000000001));
#51360=VERTEX_POINT('',#51350);
#51370=EDGE_CURVE('',#51360,#34030,#51340,.T.);
#51380=ORIENTED_EDGE('',*,*,#51370,.T.);
#51390=CARTESIAN_POINT('',(-1.50322021945629,-0.830469,0.850000000000001
));
#51400=DIRECTION('',(6.12303176911188E-17,0.,1.));
#51410=DIRECTION('',(1.,-6.12303176911189E-17,-6.12303176911188E-17));
#51420=AXIS2_PLACEMENT_3D('',#51390,#51400,#51410);
#51430=CIRCLE('',#51420,0.2);
#51440=CARTESIAN_POINT('',(-1.51733051153781,-1.02997062820733,
0.850000000000001));
#51450=VERTEX_POINT('',#51440);
#51460=EDGE_CURVE('',#51360,#51450,#51430,.T.);
#51470=ORIENTED_EDGE('',*,*,#51460,.F.);
#51480=CARTESIAN_POINT('',(-3.03887692444053E-15,-1.02997062820733,
0.850000000000001));
#51490=DIRECTION('',(-1.,6.12303176911189E-17,6.12303176911188E-17));
#51500=VECTOR('',#51490,1.);
#51510=LINE('',#51480,#51500);
#51520=EDGE_CURVE('',#50380,#51450,#51510,.T.);
#51530=ORIENTED_EDGE('',*,*,#51520,.T.);
#51540=EDGE_LOOP('',(#51530,#51470,#51380,#51300,#51290,#51230,#51220,
#51210,#51200,#51190,#51180,#51170,#51160,#51150,#51090,#51080,#51020,
#50940,#50860,#50850,#50790,#50710,#50700,#50640,#50550,#50540,#50480,
#50400));
#51550=FACE_OUTER_BOUND('',#51540,.T.);
#51560=ADVANCED_FACE('',(#51550),#50300,.T.);
#51570=CARTESIAN_POINT('',(-0.452181000000001,-1.430469,3.575));
#51580=DIRECTION('',(0.,0.,-1.));
#51590=DIRECTION('',(-1.,0.,0.));
#51600=AXIS2_PLACEMENT_3D('',#51570,#51580,#51590);
#51610=CYLINDRICAL_SURFACE('',#51600,0.25);
#51620=ORIENTED_EDGE('',*,*,#38750,.F.);
#51630=CARTESIAN_POINT('',(-0.452181000000001,-1.680469,3.575));
#51640=DIRECTION('',(0.,0.,-1.));
#51650=VECTOR('',#51640,1.);
#51660=LINE('',#51630,#51650);
#51670=EDGE_CURVE('',#38650,#34760,#51660,.T.);
#51680=ORIENTED_EDGE('',*,*,#51670,.F.);
#51690=ORIENTED_EDGE('',*,*,#34770,.T.);
#51700=CARTESIAN_POINT('',(-0.223052215252209,-1.530469,3.575));
#51710=DIRECTION('',(0.,0.,-1.));
#51720=VECTOR('',#51710,1.);
#51730=LINE('',#51700,#51720);
#51740=EDGE_CURVE('',#38740,#34740,#51730,.T.);
#51750=ORIENTED_EDGE('',*,*,#51740,.T.);
#51760=EDGE_LOOP('',(#51750,#51690,#51680,#51620));
#51770=FACE_OUTER_BOUND('',#51760,.T.);
#51780=ADVANCED_FACE('',(#51770),#51610,.F.);
#51790=CARTESIAN_POINT('',(-2.217181,-1.630469,-0.0500000000000007));
#51800=DIRECTION('',(-1.,6.12303176911189E-17,6.12303176911188E-17));
#51810=DIRECTION('',(-6.12303176911188E-17,-1.,0.));
#51820=AXIS2_PLACEMENT_3D('',#51790,#51800,#51810);
#51830=CYLINDRICAL_SURFACE('',#51820,0.4);
#51840=CARTESIAN_POINT('',(-1.417181,-1.630469,-0.0500000000000007));
#51850=DIRECTION('',(-1.,6.12303176911189E-17,6.12303176911188E-17));
#51860=DIRECTION('',(-6.12303176911188E-17,-1.,0.));
#51870=AXIS2_PLACEMENT_3D('',#51840,#51850,#51860);
#51880=CIRCLE('',#51870,0.4);
#51890=CARTESIAN_POINT('',(-1.417181,-1.630469,-0.450000000000003));
#51900=VERTEX_POINT('',#51890);
#51910=CARTESIAN_POINT('',(-1.417181,-2.030469,-0.0500000000000008));
#51920=VERTEX_POINT('',#51910);
#51930=EDGE_CURVE('',#51900,#51920,#51880,.T.);
#51940=ORIENTED_EDGE('',*,*,#51930,.F.);
#51950=CARTESIAN_POINT('',(-2.217181,-2.030469,-0.0500000000000007));
#51960=DIRECTION('',(-1.,6.12303176911189E-17,6.12303176911188E-17));
#51970=VECTOR('',#51960,1.);
#51980=LINE('',#51950,#51970);
#51990=EDGE_CURVE('',#44550,#51920,#51980,.T.);
#52000=ORIENTED_EDGE('',*,*,#51990,.T.);
#52010=ORIENTED_EDGE('',*,*,#44560,.T.);
#52020=CARTESIAN_POINT('',(-2.217181,-1.630469,-0.450000000000003));
#52030=DIRECTION('',(1.,-6.12303176911189E-17,-6.12303176911188E-17));
#52040=VECTOR('',#52030,1.);
#52050=LINE('',#52020,#52040);
#52060=EDGE_CURVE('',#51900,#44460,#52050,.T.);
#52070=ORIENTED_EDGE('',*,*,#52060,.T.);
#52080=EDGE_LOOP('',(#52070,#52010,#52000,#51940));
#52090=FACE_OUTER_BOUND('',#52080,.T.);
#52100=ADVANCED_FACE('',(#52090),#51830,.T.);
#52110=CARTESIAN_POINT('',(-0.452181000000001,-1.430469,2.325));
#52120=DIRECTION('',(0.,0.,-1.));
#52130=DIRECTION('',(-1.,0.,0.));
#52140=AXIS2_PLACEMENT_3D('',#52110,#52120,#52130);
#52150=CYLINDRICAL_SURFACE('',#52140,0.25);
#52160=ORIENTED_EDGE('',*,*,#40620,.F.);
#52170=ORIENTED_EDGE('',*,*,#46820,.F.);
#52180=ORIENTED_EDGE('',*,*,#26730,.T.);
#52190=CARTESIAN_POINT('',(-0.223052215252209,-1.530469,2.325));
#52200=DIRECTION('',(0.,0.,-1.));
#52210=VECTOR('',#52200,1.);
#52220=LINE('',#52190,#52210);
#52230=EDGE_CURVE('',#40610,#26700,#52220,.T.);
#52240=ORIENTED_EDGE('',*,*,#52230,.T.);
#52250=EDGE_LOOP('',(#52240,#52180,#52170,#52160));
#52260=FACE_OUTER_BOUND('',#52250,.T.);
#52270=ADVANCED_FACE('',(#52260),#52150,.F.);
#52280=CARTESIAN_POINT('',(-2.217181,-0.930468999999999,
-0.450000000000003));
#52290=DIRECTION('',(-6.12303176911188E-17,3.74915180455534E-33,-1.));
#52300=DIRECTION('',(6.12303176911188E-17,1.,0.));
#52310=AXIS2_PLACEMENT_3D('',#52280,#52290,#52300);
#52320=PLANE('',#52310);
#52330=CARTESIAN_POINT('',(-1.417181,8.67744428558176E-17,
-0.450000000000003));
#52340=DIRECTION('',(6.12303176911188E-17,1.,0.));
#52350=VECTOR('',#52340,1.);
#52360=LINE('',#52330,#52350);
#52370=CARTESIAN_POINT('',(-1.417181,-0.930468999999999,
-0.450000000000003));
#52380=VERTEX_POINT('',#52370);
#52390=EDGE_CURVE('',#51900,#52380,#52360,.T.);
#52400=ORIENTED_EDGE('',*,*,#52390,.T.);
#52410=ORIENTED_EDGE('',*,*,#52060,.F.);
#52420=CARTESIAN_POINT('',(-2.217181,-1.630469,-0.450000000000003));
#52430=DIRECTION('',(-1.,6.12303176911189E-17,6.12303176911188E-17));
#52440=VECTOR('',#52430,1.);
#52450=LINE('',#52420,#52440);
#52460=CARTESIAN_POINT('',(-0.267181000000003,-1.630469,
-0.450000000000003));
#52470=VERTEX_POINT('',#52460);
#52480=EDGE_CURVE('',#52470,#44460,#52450,.T.);
#52490=ORIENTED_EDGE('',*,*,#52480,.T.);
#52500=CARTESIAN_POINT('',(0.382818999999997,-1.630469,
-0.450000000000003));
#52510=VERTEX_POINT('',#52500);
#52520=EDGE_CURVE('',#52470,#52510,#52050,.T.);
#52530=ORIENTED_EDGE('',*,*,#52520,.F.);
#52540=CARTESIAN_POINT('',(0.382818999999997,-2.34401289881964E-17,
-0.450000000000003));
#52550=DIRECTION('',(-6.12303176911188E-17,-1.,0.));
#52560=VECTOR('',#52550,1.);
#52570=LINE('',#52540,#52560);
#52580=CARTESIAN_POINT('',(0.382818999999997,-0.930469,
-0.450000000000003));
#52590=VERTEX_POINT('',#52580);
#52600=EDGE_CURVE('',#52590,#52510,#52570,.T.);
#52610=ORIENTED_EDGE('',*,*,#52600,.T.);
#52620=CARTESIAN_POINT('',(-2.217181,-0.930468999999999,
-0.450000000000003));
#52630=DIRECTION('',(1.,-6.12303176911189E-17,-6.12303176911188E-17));
#52640=VECTOR('',#52630,1.);
#52650=LINE('',#52620,#52640);
#52660=EDGE_CURVE('',#52380,#52590,#52650,.T.);
#52670=ORIENTED_EDGE('',*,*,#52660,.T.);
#52680=EDGE_LOOP('',(#52670,#52610,#52530,#52490,#52410,#52400));
#52690=FACE_OUTER_BOUND('',#52680,.T.);
#52700=ADVANCED_FACE('',(#52690),#52320,.T.);
#52710=CARTESIAN_POINT('',(-1.767181,-0.530469,1.05));
#52720=DIRECTION('',(-6.12303176911189E-17,-1.,3.74915180455534E-33));
#52730=DIRECTION('',(-1.,6.12303176911189E-17,6.12303176911188E-17));
#52740=AXIS2_PLACEMENT_3D('',#52710,#52720,#52730);
#52750=PLANE('',#52740);
#52760=CARTESIAN_POINT('',(0.,-0.530469000000001,1.05));
#52770=DIRECTION('',(-1.,6.12303176911189E-17,0.));
#52780=VECTOR('',#52770,1.);
#52790=LINE('',#52760,#52780);
#52800=EDGE_CURVE('',#35780,#34210,#52790,.T.);
#52810=ORIENTED_EDGE('',*,*,#52800,.F.);
#52820=ORIENTED_EDGE('',*,*,#34220,.F.);
#52830=ORIENTED_EDGE('',*,*,#51280,.F.);
#52840=ORIENTED_EDGE('',*,*,#35870,.T.);
#52850=EDGE_LOOP('',(#52840,#52830,#52820,#52810));
#52860=FACE_OUTER_BOUND('',#52850,.T.);
#52870=ADVANCED_FACE('',(#52860),#52750,.F.);
#52880=CARTESIAN_POINT('',(0.782818999999997,5.77369377901522E-32,
0.649999999999999));
#52890=DIRECTION('',(-6.12303176911189E-17,-1.,6.16297582203916E-33));
#52900=DIRECTION('',(-1.,6.12303176911189E-17,0.));
#52910=AXIS2_PLACEMENT_3D('',#52880,#52890,#52900);
#52920=CYLINDRICAL_SURFACE('',#52910,0.4);
#52930=ORIENTED_EDGE('',*,*,#30050,.T.);
#52940=ORIENTED_EDGE('',*,*,#49730,.F.);
#52950=ORIENTED_EDGE('',*,*,#13930,.F.);
#52960=ORIENTED_EDGE('',*,*,#5140,.T.);
#52970=EDGE_LOOP('',(#52960,#52950,#52940,#52930));
#52980=FACE_OUTER_BOUND('',#52970,.T.);
#52990=ADVANCED_FACE('',(#52980),#52920,.T.);
#53000=CARTESIAN_POINT('',(-2.217181,-0.930468999999999,-0.25));
#53010=DIRECTION('',(6.12303176911189E-17,1.,-3.74915180455534E-33));
#53020=DIRECTION('',(6.12303176911188E-17,0.,1.));
#53030=AXIS2_PLACEMENT_3D('',#53000,#53010,#53020);
#53040=PLANE('',#53030);
#53050=CARTESIAN_POINT('',(0.382818999999997,-0.930469,-5.38662410615686
));
#53060=DIRECTION('',(-6.12303176911188E-17,0.,-1.));
#53070=VECTOR('',#53060,1.);
#53080=LINE('',#53050,#53070);
#53090=CARTESIAN_POINT('',(0.382818999999997,-0.930469,-0.25));
#53100=VERTEX_POINT('',#53090);
#53110=EDGE_CURVE('',#53100,#52590,#53080,.T.);
#53120=ORIENTED_EDGE('',*,*,#53110,.T.);
#53130=CARTESIAN_POINT('',(-2.217181,-0.930468999999999,-0.25));
#53140=DIRECTION('',(1.,-6.12303176911189E-17,-6.12303176911188E-17));
#53150=VECTOR('',#53140,1.);
#53160=LINE('',#53130,#53150);
#53170=CARTESIAN_POINT('',(-1.417181,-0.930468999999999,-0.25));
#53180=VERTEX_POINT('',#53170);
#53190=EDGE_CURVE('',#53180,#53100,#53160,.T.);
#53200=ORIENTED_EDGE('',*,*,#53190,.T.);
#53210=CARTESIAN_POINT('',(-1.417181,-0.930468999999999,
-5.38662410615686));
#53220=DIRECTION('',(6.12303176911188E-17,0.,1.));
#53230=VECTOR('',#53220,1.);
#53240=LINE('',#53210,#53230);
#53250=EDGE_CURVE('',#52380,#53180,#53240,.T.);
#53260=ORIENTED_EDGE('',*,*,#53250,.T.);
#53270=ORIENTED_EDGE('',*,*,#52660,.F.);
#53280=EDGE_LOOP('',(#53270,#53260,#53200,#53120));
#53290=FACE_OUTER_BOUND('',#53280,.T.);
#53300=ADVANCED_FACE('',(#53290),#53040,.T.);
#53310=CARTESIAN_POINT('',(-2.217181,-1.630469,-0.0500000000000007));
#53320=DIRECTION('',(-1.,6.12303176911189E-17,6.12303176911188E-17));
#53330=DIRECTION('',(-6.12303176911188E-17,-1.,0.));
#53340=AXIS2_PLACEMENT_3D('',#53310,#53320,#53330);
#53350=CYLINDRICAL_SURFACE('',#53340,0.2);
#53360=CARTESIAN_POINT('',(-0.267181000000003,-1.630469,
-0.0500000000000007));
#53370=DIRECTION('',(-1.,6.12303176911189E-17,6.12303176911188E-17));
#53380=DIRECTION('',(-6.12303176911188E-17,-1.,0.));
#53390=AXIS2_PLACEMENT_3D('',#53360,#53370,#53380);
#53400=CIRCLE('',#53390,0.2);
#53410=CARTESIAN_POINT('',(-0.267181000000003,-1.630469,-0.25));
#53420=VERTEX_POINT('',#53410);
#53430=CARTESIAN_POINT('',(-0.267181000000003,-1.830469,
-0.0500000000000008));
#53440=VERTEX_POINT('',#53430);
#53450=EDGE_CURVE('',#53420,#53440,#53400,.T.);
#53460=ORIENTED_EDGE('',*,*,#53450,.T.);
#53470=CARTESIAN_POINT('',(-2.217181,-1.630469,-0.25));
#53480=DIRECTION('',(1.,-6.12303176911189E-17,-6.12303176911188E-17));
#53490=VECTOR('',#53480,1.);
#53500=LINE('',#53470,#53490);
#53510=CARTESIAN_POINT('',(0.382818999999997,-1.630469,-0.25));
#53520=VERTEX_POINT('',#53510);
#53530=EDGE_CURVE('',#53420,#53520,#53500,.T.);
#53540=ORIENTED_EDGE('',*,*,#53530,.F.);
#53550=CARTESIAN_POINT('',(0.382818999999997,-1.630469,
-0.0500000000000007));
#53560=DIRECTION('',(-1.,6.12303176911189E-17,6.12303176911188E-17));
#53570=DIRECTION('',(-6.12303176911188E-17,-1.,0.));
#53580=AXIS2_PLACEMENT_3D('',#53550,#53560,#53570);
#53590=CIRCLE('',#53580,0.2);
#53600=CARTESIAN_POINT('',(0.382818999999997,-1.830469,
-0.0500000000000009));
#53610=VERTEX_POINT('',#53600);
#53620=EDGE_CURVE('',#53520,#53610,#53590,.T.);
#53630=ORIENTED_EDGE('',*,*,#53620,.F.);
#53640=CARTESIAN_POINT('',(-2.217181,-1.830469,-0.0500000000000007));
#53650=DIRECTION('',(-1.,6.12303176911189E-17,6.12303176911188E-17));
#53660=VECTOR('',#53650,1.);
#53670=LINE('',#53640,#53660);
#53680=EDGE_CURVE('',#53610,#53440,#53670,.T.);
#53690=ORIENTED_EDGE('',*,*,#53680,.F.);
#53700=EDGE_LOOP('',(#53690,#53630,#53540,#53460));
#53710=FACE_OUTER_BOUND('',#53700,.T.);
#53720=ADVANCED_FACE('',(#53710),#53350,.F.);
#53730=CARTESIAN_POINT('',(0.468858219456286,-0.830469000000001,1.05));
#53740=DIRECTION('',(-6.12303176911188E-17,0.,-1.));
#53750=DIRECTION('',(-1.,6.12303176911189E-17,6.12303176911188E-17));
#53760=AXIS2_PLACEMENT_3D('',#53730,#53740,#53750);
#53770=CYLINDRICAL_SURFACE('',#53760,0.2);
#53780=CARTESIAN_POINT('',(0.468858219456286,-0.830469000000001,1.05));
#53790=DIRECTION('',(-6.12303176911188E-17,0.,-1.));
#53800=DIRECTION('',(-1.,6.12303176911189E-17,6.12303176911188E-17));
#53810=AXIS2_PLACEMENT_3D('',#53780,#53790,#53800);
#53820=CIRCLE('',#53810,0.2);
#53830=CARTESIAN_POINT('',(0.66497435459447,-0.869692227027637,1.05));
#53840=VERTEX_POINT('',#53830);
#53850=EDGE_CURVE('',#53840,#46610,#53820,.T.);
#53860=ORIENTED_EDGE('',*,*,#53850,.T.);
#53870=CARTESIAN_POINT('',(0.66497435459447,-0.869692227027637,1.05));
#53880=DIRECTION('',(-6.12303176911188E-17,0.,-1.));
#53890=VECTOR('',#53880,1.);
#53900=LINE('',#53870,#53890);
#53910=EDGE_CURVE('',#53840,#50620,#53900,.T.);
#53920=ORIENTED_EDGE('',*,*,#53910,.F.);
#53930=ORIENTED_EDGE('',*,*,#50630,.F.);
#53940=ORIENTED_EDGE('',*,*,#46680,.T.);
#53950=EDGE_LOOP('',(#53940,#53930,#53920,#53860));
#53960=FACE_OUTER_BOUND('',#53950,.T.);
#53970=ADVANCED_FACE('',(#53960),#53770,.T.);
#53980=CARTESIAN_POINT('',(0.782818999999997,5.77369377901522E-32,
0.649999999999999));
#53990=DIRECTION('',(6.12303176911189E-17,1.,-6.16297582203916E-33));
#54000=DIRECTION('',(1.,-6.12303176911189E-17,0.));
#54010=AXIS2_PLACEMENT_3D('',#53980,#53990,#54000);
#54020=CYLINDRICAL_SURFACE('',#54010,0.2);
#54030=ORIENTED_EDGE('',*,*,#36100,.F.);
#54040=ORIENTED_EDGE('',*,*,#49630,.F.);
#54050=ORIENTED_EDGE('',*,*,#51140,.T.);
#54060=ORIENTED_EDGE('',*,*,#390,.T.);
#54070=EDGE_LOOP('',(#54060,#54050,#54040,#54030));
#54080=FACE_OUTER_BOUND('',#54070,.T.);
#54090=ADVANCED_FACE('',(#54080),#54020,.F.);
#54100=CARTESIAN_POINT('',(0.632818999999997,-0.0304690000000006,1.05));
#54110=DIRECTION('',(-6.12303176911189E-17,-1.,3.74915180455534E-33));
#54120=DIRECTION('',(-1.,6.12303176911189E-17,6.12303176911188E-17));
#54130=AXIS2_PLACEMENT_3D('',#54100,#54110,#54120);
#54140=PLANE('',#54130);
#54150=CARTESIAN_POINT('',(0.,-0.0304690000000005,1.05));
#54160=DIRECTION('',(-1.,6.12303176911189E-17,0.));
#54170=VECTOR('',#54160,1.);
#54180=LINE('',#54150,#54170);
#54190=CARTESIAN_POINT('',(0.632818999999997,-0.0304690000000006,1.05));
#54200=VERTEX_POINT('',#54190);
#54210=EDGE_CURVE('',#3730,#54200,#54180,.T.);
#54220=ORIENTED_EDGE('',*,*,#54210,.F.);
#54230=CARTESIAN_POINT('',(0.632818999999997,-0.0304690000000006,1.05));
#54240=DIRECTION('',(-6.12303176911188E-17,0.,-1.));
#54250=VECTOR('',#54240,1.);
#54260=LINE('',#54230,#54250);
#54270=EDGE_CURVE('',#54200,#50920,#54260,.T.);
#54280=ORIENTED_EDGE('',*,*,#54270,.F.);
#54290=ORIENTED_EDGE('',*,*,#50930,.F.);
#54300=ORIENTED_EDGE('',*,*,#3740,.F.);
#54310=EDGE_LOOP('',(#54300,#54290,#54280,#54220));
#54320=FACE_OUTER_BOUND('',#54310,.T.);
#54330=ADVANCED_FACE('',(#54320),#54140,.F.);
#54340=CARTESIAN_POINT('',(-1.50322021945629,-0.830469,1.05));
#54350=DIRECTION('',(6.12303176911188E-17,0.,1.));
#54360=DIRECTION('',(1.,-6.12303176911189E-17,-6.12303176911188E-17));
#54370=AXIS2_PLACEMENT_3D('',#54340,#54350,#54360);
#54380=CYLINDRICAL_SURFACE('',#54370,0.2);
#54390=CARTESIAN_POINT('',(-1.50322021945629,-0.830469,1.05));
#54400=DIRECTION('',(6.12303176911188E-17,0.,1.));
#54410=DIRECTION('',(1.,-6.12303176911189E-17,-6.12303176911188E-17));
#54420=AXIS2_PLACEMENT_3D('',#54390,#54400,#54410);
#54430=CIRCLE('',#54420,0.2);
#54440=CARTESIAN_POINT('',(-1.69933635459448,-0.869692227027637,1.05));
#54450=VERTEX_POINT('',#54440);
#54460=CARTESIAN_POINT('',(-1.51733051153781,-1.02997062820733,1.05));
#54470=VERTEX_POINT('',#54460);
#54480=EDGE_CURVE('',#54450,#54470,#54430,.T.);
#54490=ORIENTED_EDGE('',*,*,#54480,.F.);
#54500=CARTESIAN_POINT('',(-1.51733051153781,-1.02997062820733,1.05));
#54510=DIRECTION('',(6.12303176911188E-17,0.,1.));
#54520=VECTOR('',#54510,1.);
#54530=LINE('',#54500,#54520);
#54540=EDGE_CURVE('',#51450,#54470,#54530,.T.);
#54550=ORIENTED_EDGE('',*,*,#54540,.T.);
#54560=ORIENTED_EDGE('',*,*,#51460,.T.);
#54570=CARTESIAN_POINT('',(-1.69933635459448,-0.869692227027637,1.05));
#54580=DIRECTION('',(-6.12303176911188E-17,0.,-1.));
#54590=VECTOR('',#54580,1.);
#54600=LINE('',#54570,#54590);
#54610=EDGE_CURVE('',#54450,#51360,#54600,.T.);
#54620=ORIENTED_EDGE('',*,*,#54610,.T.);
#54630=EDGE_LOOP('',(#54620,#54560,#54550,#54490));
#54640=FACE_OUTER_BOUND('',#54630,.T.);
#54650=ADVANCED_FACE('',(#54640),#54380,.T.);
#54660=CARTESIAN_POINT('',(-0.302181,-1.580469,3.575));
#54670=DIRECTION('',(0.,0.,1.));
#54680=DIRECTION('',(1.,0.,0.));
#54690=AXIS2_PLACEMENT_3D('',#54660,#54670,#54680);
#54700=CYLINDRICAL_SURFACE('',#54690,0.45);
#54710=ORIENTED_EDGE('',*,*,#38420,.F.);
#54720=ORIENTED_EDGE('',*,*,#45580,.T.);
#54730=ORIENTED_EDGE('',*,*,#35100,.T.);
#54740=CARTESIAN_POINT('',(-0.302181,-2.030469,3.575));
#54750=DIRECTION('',(0.,0.,1.));
#54760=VECTOR('',#54750,1.);
#54770=LINE('',#54740,#54760);
#54780=EDGE_CURVE('',#35000,#38410,#54770,.T.);
#54790=ORIENTED_EDGE('',*,*,#54780,.F.);
#54800=EDGE_LOOP('',(#54790,#54730,#54720,#54710));
#54810=FACE_OUTER_BOUND('',#54800,.T.);
#54820=ADVANCED_FACE('',(#54810),#54700,.T.);
#54830=CARTESIAN_POINT('',(-3.717181,-1.755469,3.575));
#54840=DIRECTION('',(-0.242535625036333,0.970142500145332,0.));
#54850=DIRECTION('',(0.970142500145332,0.242535625036333,0.));
#54860=AXIS2_PLACEMENT_3D('',#54830,#54840,#54850);
#54870=PLANE('',#54860);
#54880=ORIENTED_EDGE('',*,*,#47230,.T.);
#54890=ORIENTED_EDGE('',*,*,#42890,.F.);
#54900=CARTESIAN_POINT('',(-3.417181,-1.680469,3.575));
#54910=DIRECTION('',(0.,0.,1.));
#54920=VECTOR('',#54910,1.);
#54930=LINE('',#54900,#54920);
#54940=EDGE_CURVE('',#34840,#38570,#54930,.T.);
#54950=ORIENTED_EDGE('',*,*,#54940,.F.);
#54960=ORIENTED_EDGE('',*,*,#47700,.F.);
#54970=EDGE_LOOP('',(#54960,#54950,#54890,#54880));
#54980=FACE_OUTER_BOUND('',#54970,.T.);
#54990=ADVANCED_FACE('',(#54980),#54870,.T.);
#55000=ORIENTED_EDGE('',*,*,#34300,.F.);
#55010=ORIENTED_EDGE('',*,*,#52800,.T.);
#55020=ORIENTED_EDGE('',*,*,#35790,.T.);
#55030=EDGE_LOOP('',(#55020,#55010,#55000));
#55040=FACE_OUTER_BOUND('',#55030,.T.);
#55050=ADVANCED_FACE('',(#55040),#29440,.T.);
#55060=CARTESIAN_POINT('',(-3.717181,-1.755469,4.825));
#55070=DIRECTION('',(-0.242535625036333,0.970142500145332,0.));
#55080=DIRECTION('',(0.970142500145332,0.242535625036333,0.));
#55090=AXIS2_PLACEMENT_3D('',#55060,#55070,#55080);
#55100=PLANE('',#55090);
#55110=ORIENTED_EDGE('',*,*,#47040,.T.);
#55120=ORIENTED_EDGE('',*,*,#43580,.F.);
#55130=ORIENTED_EDGE('',*,*,#48120,.F.);
#55140=ORIENTED_EDGE('',*,*,#44130,.F.);
#55150=EDGE_LOOP('',(#55140,#55130,#55120,#55110));
#55160=FACE_OUTER_BOUND('',#55150,.T.);
#55170=ADVANCED_FACE('',(#55160),#55100,.T.);
#55180=ORIENTED_EDGE('',*,*,#49100,.T.);
#55190=ORIENTED_EDGE('',*,*,#39300,.F.);
#55200=ORIENTED_EDGE('',*,*,#45270,.F.);
#55210=CARTESIAN_POINT('',(0.147819,-1.530469,8.125));
#55220=DIRECTION('',(0.,0.,1.));
#55230=VECTOR('',#55220,1.);
#55240=LINE('',#55210,#55230);
#55250=EDGE_CURVE('',#49090,#45260,#55240,.T.);
#55260=ORIENTED_EDGE('',*,*,#55250,.T.);
#55270=EDGE_LOOP('',(#55260,#55200,#55190,#55180));
#55280=FACE_OUTER_BOUND('',#55270,.T.);
#55290=ADVANCED_FACE('',(#55280),#5940,.T.);
#55300=CARTESIAN_POINT('',(0.782819,2.769531,13.2500024));
#55310=DIRECTION('',(-1.,1.22460635382238E-16,0.));
#55320=DIRECTION('',(-1.22460635382238E-16,-1.,0.));
#55330=AXIS2_PLACEMENT_3D('',#55300,#55310,#55320);
#55340=PLANE('',#55330);
#55350=ORIENTED_EDGE('',*,*,#24020,.F.);
#55360=ORIENTED_EDGE('',*,*,#15760,.T.);
#55370=ORIENTED_EDGE('',*,*,#30450,.T.);
#55380=ORIENTED_EDGE('',*,*,#42030,.T.);
#55390=EDGE_LOOP('',(#55380,#55370,#55360,#55350));
#55400=FACE_OUTER_BOUND('',#55390,.T.);
#55410=ADVANCED_FACE('',(#55400),#55340,.T.);
#55420=CARTESIAN_POINT('',(-3.417181,-2.4404714,2.325));
#55430=DIRECTION('',(0.242535625036334,0.,0.970142500145332));
#55440=DIRECTION('',(-0.970142500145332,0.,0.242535625036334));
#55450=AXIS2_PLACEMENT_3D('',#55420,#55430,#55440);
#55460=PLANE('',#55450);
#55470=ORIENTED_EDGE('',*,*,#50140,.T.);
#55480=ORIENTED_EDGE('',*,*,#41860,.T.);
#55490=ORIENTED_EDGE('',*,*,#26890,.T.);
#55500=ORIENTED_EDGE('',*,*,#49950,.T.);
#55510=EDGE_LOOP('',(#55500,#55490,#55480,#55470));
#55520=FACE_OUTER_BOUND('',#55510,.T.);
#55530=ADVANCED_FACE('',(#55520),#55460,.F.);
#55540=CARTESIAN_POINT('',(-1.767181,-0.530469,10.2));
#55550=DIRECTION('',(1.83690953073357E-16,1.,-1.1247455413666E-32));
#55560=DIRECTION('',(-1.,1.83690953073357E-16,6.12303176911189E-17));
#55570=AXIS2_PLACEMENT_3D('',#55540,#55550,#55560);
#55580=PLANE('',#55570);
#55590=CARTESIAN_POINT('',(0.,-0.530469000000001,10.2));
#55600=DIRECTION('',(1.,-1.83690953073357E-16,0.));
#55610=VECTOR('',#55600,1.);
#55620=LINE('',#55590,#55610);
#55630=CARTESIAN_POINT('',(-1.717181,-0.530469,10.2));
#55640=VERTEX_POINT('',#55630);
#55650=CARTESIAN_POINT('',(-1.667181,-0.530469,10.2));
#55660=VERTEX_POINT('',#55650);
#55670=EDGE_CURVE('',#55640,#55660,#55620,.T.);
#55680=ORIENTED_EDGE('',*,*,#55670,.F.);
#55690=CARTESIAN_POINT('',(-1.667181,-0.530469,10.2));
#55700=DIRECTION('',(6.12303176911188E-17,0.,1.));
#55710=VECTOR('',#55700,1.);
#55720=LINE('',#55690,#55710);
#55730=CARTESIAN_POINT('',(-1.667181,-0.530469,10.4));
#55740=VERTEX_POINT('',#55730);
#55750=EDGE_CURVE('',#55660,#55740,#55720,.T.);
#55760=ORIENTED_EDGE('',*,*,#55750,.F.);
#55770=CARTESIAN_POINT('',(7.88529274504054E-16,-0.530469000000001,10.4)
);
#55780=DIRECTION('',(1.,-1.83690953073357E-16,-6.12303176911189E-17));
#55790=VECTOR('',#55780,1.);
#55800=LINE('',#55770,#55790);
#55810=CARTESIAN_POINT('',(-1.717181,-0.530469,10.4));
#55820=VERTEX_POINT('',#55810);
#55830=EDGE_CURVE('',#55820,#55740,#55800,.T.);
#55840=ORIENTED_EDGE('',*,*,#55830,.T.);
#55850=CARTESIAN_POINT('',(-1.717181,-0.530469,-3.125));
#55860=DIRECTION('',(1.43687830814556E-47,-1.1247455413666E-32,-1.));
#55870=VECTOR('',#55860,1.);
#55880=LINE('',#55850,#55870);
#55890=EDGE_CURVE('',#55820,#55640,#55880,.T.);
#55900=ORIENTED_EDGE('',*,*,#55890,.F.);
#55910=EDGE_LOOP('',(#55900,#55840,#55760,#55680));
#55920=FACE_OUTER_BOUND('',#55910,.T.);
#55930=ADVANCED_FACE('',(#55920),#55580,.T.);
#55940=CARTESIAN_POINT('',(-3.417181,-1.680469,3.575));
#55950=DIRECTION('',(0.,1.,0.));
#55960=DIRECTION('',(1.,0.,0.));
#55970=AXIS2_PLACEMENT_3D('',#55940,#55950,#55960);
#55980=PLANE('',#55970);
#55990=ORIENTED_EDGE('',*,*,#51670,.T.);
#56000=ORIENTED_EDGE('',*,*,#38660,.T.);
#56010=ORIENTED_EDGE('',*,*,#54940,.T.);
#56020=ORIENTED_EDGE('',*,*,#34850,.F.);
#56030=EDGE_LOOP('',(#56020,#56010,#56000,#55990));
#56040=FACE_OUTER_BOUND('',#56030,.T.);
#56050=ADVANCED_FACE('',(#56040),#55980,.T.);
#56060=CARTESIAN_POINT('',(0.147819,-2.030469,3.575));
#56070=DIRECTION('',(0.,-1.,0.));
#56080=DIRECTION('',(-1.,0.,0.));
#56090=AXIS2_PLACEMENT_3D('',#56060,#56070,#56080);
#56100=PLANE('',#56090);
#56110=ORIENTED_EDGE('',*,*,#35010,.F.);
#56120=ORIENTED_EDGE('',*,*,#43170,.T.);
#56130=ORIENTED_EDGE('',*,*,#38500,.T.);
#56140=ORIENTED_EDGE('',*,*,#54780,.T.);
#56150=EDGE_LOOP('',(#56140,#56130,#56120,#56110));
#56160=FACE_OUTER_BOUND('',#56150,.T.);
#56170=ADVANCED_FACE('',(#56160),#56100,.T.);
#56180=CARTESIAN_POINT('',(-0.748576102355526,-1.630469,
0.198273944383629));
#56190=DIRECTION('',(-6.12303176911189E-17,-1.,3.74915180455534E-33));
#56200=DIRECTION('',(6.12303176911188E-17,7.54721935012284E-49,1.));
#56210=AXIS2_PLACEMENT_3D('',#56180,#56190,#56200);
#56220=PLANE('',#56210);
#56230=ORIENTED_EDGE('',*,*,#52480,.F.);
#56240=ORIENTED_EDGE('',*,*,#44470,.T.);
#56250=CARTESIAN_POINT('',(-2.217181,-1.630469,-0.25));
#56260=DIRECTION('',(-1.,6.12303176911189E-17,6.12303176911188E-17));
#56270=VECTOR('',#56260,1.);
#56280=LINE('',#56250,#56270);
#56290=EDGE_CURVE('',#53420,#44360,#56280,.T.);
#56300=ORIENTED_EDGE('',*,*,#56290,.T.);
#56310=CARTESIAN_POINT('',(-0.267181000000003,-1.630469,
-0.0500000000000007));
#56320=DIRECTION('',(6.12303176911188E-17,7.54721935012284E-49,1.));
#56330=VECTOR('',#56320,1.);
#56340=LINE('',#56310,#56330);
#56350=EDGE_CURVE('',#52470,#53420,#56340,.T.);
#56360=ORIENTED_EDGE('',*,*,#56350,.T.);
#56370=EDGE_LOOP('',(#56360,#56300,#56240,#56230));
#56380=FACE_OUTER_BOUND('',#56370,.T.);
#56390=ADVANCED_FACE('',(#56380),#56220,.T.);
#56400=CARTESIAN_POINT('',(0.632818999999997,0.669531,1.05));
#56410=DIRECTION('',(-1.,6.12303176911188E-17,6.12303176911188E-17));
#56420=DIRECTION('',(6.12303176911188E-17,1.,0.));
#56430=AXIS2_PLACEMENT_3D('',#56400,#56410,#56420);
#56440=PLANE('',#56430);
#56450=CARTESIAN_POINT('',(0.632818999999997,0.,1.05));
#56460=DIRECTION('',(6.12303176911188E-17,1.,0.));
#56470=VECTOR('',#56460,1.);
#56480=LINE('',#56450,#56470);
#56490=CARTESIAN_POINT('',(0.632818999999997,0.669531,1.05));
#56500=VERTEX_POINT('',#56490);
#56510=EDGE_CURVE('',#54200,#56500,#56480,.T.);
#56520=ORIENTED_EDGE('',*,*,#56510,.F.);
#56530=CARTESIAN_POINT('',(0.632818999999998,0.669531,15.625));
#56540=DIRECTION('',(-6.12303176911189E-17,6.16297582203916E-33,-1.));
#56550=VECTOR('',#56540,1.);
#56560=LINE('',#56530,#56550);
#56570=EDGE_CURVE('',#56500,#51000,#56560,.T.);
#56580=ORIENTED_EDGE('',*,*,#56570,.F.);
#56590=ORIENTED_EDGE('',*,*,#51010,.F.);
#56600=ORIENTED_EDGE('',*,*,#54270,.T.);
#56610=EDGE_LOOP('',(#56600,#56590,#56580,#56520));
#56620=FACE_OUTER_BOUND('',#56610,.T.);
#56630=ADVANCED_FACE('',(#56620),#56440,.F.);
#56640=CARTESIAN_POINT('',(-1.74283400696029,0.669531,0.934510345014509)
);
#56650=DIRECTION('',(6.12303176911189E-17,1.,-3.74915180455534E-33));
#56660=DIRECTION('',(-1.,6.12303176911189E-17,6.12303176911188E-17));
#56670=AXIS2_PLACEMENT_3D('',#56640,#56650,#56660);
#56680=PLANE('',#56670);
#56690=ORIENTED_EDGE('',*,*,#51070,.T.);
#56700=ORIENTED_EDGE('',*,*,#56570,.T.);
#56710=CARTESIAN_POINT('',(0.,0.669531,1.05));
#56720=DIRECTION('',(1.,-6.12303176911189E-17,0.));
#56730=VECTOR('',#56720,1.);
#56740=LINE('',#56710,#56730);
#56750=EDGE_CURVE('',#56500,#4350,#56740,.T.);
#56760=ORIENTED_EDGE('',*,*,#56750,.F.);
#56770=ORIENTED_EDGE('',*,*,#4360,.F.);
#56780=EDGE_LOOP('',(#56770,#56760,#56700,#56690));
#56790=FACE_OUTER_BOUND('',#56780,.T.);
#56800=ADVANCED_FACE('',(#56790),#56680,.F.);
#56810=ORIENTED_EDGE('',*,*,#4380,.F.);
#56820=ORIENTED_EDGE('',*,*,#56750,.T.);
#56830=ORIENTED_EDGE('',*,*,#56510,.T.);
#56840=ORIENTED_EDGE('',*,*,#54210,.T.);
#56850=EDGE_LOOP('',(#56840,#56830,#56820,#56810));
#56860=FACE_OUTER_BOUND('',#56850,.T.);
#56870=ADVANCED_FACE('',(#56860),#29440,.T.);
#56880=ORIENTED_EDGE('',*,*,#3980,.F.);
#56890=CARTESIAN_POINT('',(0.791959699999997,0.,1.05));
#56900=DIRECTION('',(0.287347885566345,0.957826285221151,0.));
#56910=VECTOR('',#56900,1.);
#56920=LINE('',#56890,#56910);
#56930=CARTESIAN_POINT('',(0.632818999999997,-0.530469000000001,1.05));
#56940=VERTEX_POINT('',#56930);
#56950=EDGE_CURVE('',#56940,#3890,#56920,.T.);
#56960=ORIENTED_EDGE('',*,*,#56950,.T.);
#56970=CARTESIAN_POINT('',(0.,-0.530469000000001,1.05));
#56980=DIRECTION('',(-1.,6.12303176911189E-17,0.));
#56990=VECTOR('',#56980,1.);
#57000=LINE('',#56970,#56990);
#57010=EDGE_CURVE('',#3970,#56940,#57000,.T.);
#57020=ORIENTED_EDGE('',*,*,#57010,.T.);
#57030=EDGE_LOOP('',(#57020,#56960,#56880));
#57040=FACE_OUTER_BOUND('',#57030,.T.);
#57050=ADVANCED_FACE('',(#57040),#29440,.T.);
#57060=ORIENTED_EDGE('',*,*,#40790,.F.);
#57070=ORIENTED_EDGE('',*,*,#28460,.T.);
#57080=ORIENTED_EDGE('',*,*,#35620,.T.);
#57090=ORIENTED_EDGE('',*,*,#14190,.F.);
#57100=ORIENTED_EDGE('',*,*,#950,.F.);
#57110=ORIENTED_EDGE('',*,*,#4200,.F.);
#57120=CARTESIAN_POINT('',(0.838912799999996,0.,1.05));
#57130=DIRECTION('',(0.196116135138183,0.98058067569092,0.));
#57140=VECTOR('',#57130,1.);
#57150=LINE('',#57120,#57140);
#57160=EDGE_CURVE('',#53840,#4170,#57150,.T.);
#57170=ORIENTED_EDGE('',*,*,#57160,.T.);
#57180=ORIENTED_EDGE('',*,*,#53850,.F.);
#57190=ORIENTED_EDGE('',*,*,#46620,.T.);
#57200=CARTESIAN_POINT('',(0.382818999999997,0.,1.05));
#57210=DIRECTION('',(6.12303176911188E-17,1.,0.));
#57220=VECTOR('',#57210,1.);
#57230=LINE('',#57200,#57220);
#57240=EDGE_CURVE('',#45970,#46530,#57230,.T.);
#57250=ORIENTED_EDGE('',*,*,#57240,.T.);
#57260=ORIENTED_EDGE('',*,*,#45980,.F.);
#57270=EDGE_LOOP('',(#57260,#57250,#57190,#57180,#57170,#57110,#57100,
#57090,#57080,#57070,#57060));
#57280=FACE_OUTER_BOUND('',#57270,.T.);
#57290=ADVANCED_FACE('',(#57280),#29440,.T.);
#57300=ORIENTED_EDGE('',*,*,#54480,.T.);
#57310=CARTESIAN_POINT('',(-1.8732748,0.,1.05));
#57320=DIRECTION('',(0.196116135138183,-0.98058067569092,0.));
#57330=VECTOR('',#57320,1.);
#57340=LINE('',#57310,#57330);
#57350=EDGE_CURVE('',#34050,#54450,#57340,.T.);
#57360=ORIENTED_EDGE('',*,*,#57350,.T.);
#57370=ORIENTED_EDGE('',*,*,#34630,.F.);
#57380=ORIENTED_EDGE('',*,*,#25890,.F.);
#57390=EDGE_CURVE('',#25800,#31690,#29720,.T.);
#57400=ORIENTED_EDGE('',*,*,#57390,.F.);
#57410=ORIENTED_EDGE('',*,*,#31700,.T.);
#57420=ORIENTED_EDGE('',*,*,#39620,.T.);
#57430=CARTESIAN_POINT('',(2.08887524790445E-17,-1.530469,1.05));
#57440=DIRECTION('',(1.,1.22460635382238E-16,0.));
#57450=VECTOR('',#57440,1.);
#57460=LINE('',#57430,#57450);
#57470=EDGE_CURVE('',#39550,#47480,#57460,.T.);
#57480=ORIENTED_EDGE('',*,*,#57470,.F.);
#57490=CARTESIAN_POINT('',(-1.417181,0.,1.05));
#57500=DIRECTION('',(-6.12303176911188E-17,-1.,0.));
#57510=VECTOR('',#57500,1.);
#57520=LINE('',#57490,#57510);
#57530=CARTESIAN_POINT('',(-1.417181,-1.02997062820733,1.05));
#57540=VERTEX_POINT('',#57530);
#57550=EDGE_CURVE('',#57540,#47480,#57520,.T.);
#57560=ORIENTED_EDGE('',*,*,#57550,.T.);
#57570=CARTESIAN_POINT('',(0.,-1.02997062820733,1.05));
#57580=DIRECTION('',(1.,-6.12303176911189E-17,0.));
#57590=VECTOR('',#57580,1.);
#57600=LINE('',#57570,#57590);
#57610=EDGE_CURVE('',#54470,#57540,#57600,.T.);
#57620=ORIENTED_EDGE('',*,*,#57610,.T.);
#57630=EDGE_LOOP('',(#57620,#57560,#57480,#57420,#57410,#57400,#57380,
#57370,#57360,#57300));
#57640=FACE_OUTER_BOUND('',#57630,.T.);
#57650=ADVANCED_FACE('',(#57640),#29440,.T.);
#57660=CARTESIAN_POINT('',(-1.817181,5.77369377901522E-32,
0.649999999999999));
#57670=DIRECTION('',(6.12303176911189E-17,1.,-6.16297582203916E-33));
#57680=DIRECTION('',(1.,-6.12303176911189E-17,0.));
#57690=AXIS2_PLACEMENT_3D('',#57660,#57670,#57680);
#57700=CYLINDRICAL_SURFACE('',#57690,0.4);
#57710=ORIENTED_EDGE('',*,*,#29910,.T.);
#57720=ORIENTED_EDGE('',*,*,#46280,.F.);
#57730=CARTESIAN_POINT('',(-2.217181,2.44921270764476E-17,
0.649999999999999));
#57740=DIRECTION('',(6.12303176911189E-17,1.,-6.16297582203916E-33));
#57750=VECTOR('',#57740,1.);
#57760=LINE('',#57730,#57750);
#57770=EDGE_CURVE('',#46200,#49330,#57760,.T.);
#57780=ORIENTED_EDGE('',*,*,#57770,.F.);
#57790=ORIENTED_EDGE('',*,*,#49340,.T.);
#57800=EDGE_LOOP('',(#57790,#57780,#57720,#57710));
#57810=FACE_OUTER_BOUND('',#57800,.T.);
#57820=ADVANCED_FACE('',(#57810),#57700,.T.);
#57830=CARTESIAN_POINT('',(-1.417181,-1.630469,-0.0500000000000007));
#57840=DIRECTION('',(-1.,6.12303176911189E-17,6.12303176911188E-17));
#57850=DIRECTION('',(-6.12303176911188E-17,-1.,0.));
#57860=AXIS2_PLACEMENT_3D('',#57830,#57840,#57850);
#57870=CIRCLE('',#57860,0.2);
#57880=CARTESIAN_POINT('',(-1.417181,-1.630469,-0.25));
#57890=VERTEX_POINT('',#57880);
#57900=CARTESIAN_POINT('',(-1.417181,-1.830469,-0.0500000000000008));
#57910=VERTEX_POINT('',#57900);
#57920=EDGE_CURVE('',#57890,#57910,#57870,.T.);
#57930=ORIENTED_EDGE('',*,*,#57920,.T.);
#57940=EDGE_CURVE('',#57890,#44360,#53500,.T.);
#57950=ORIENTED_EDGE('',*,*,#57940,.F.);
#57960=ORIENTED_EDGE('',*,*,#44390,.F.);
#57970=CARTESIAN_POINT('',(-2.217181,-1.830469,-0.0500000000000007));
#57980=DIRECTION('',(-1.,6.12303176911189E-17,6.12303176911188E-17));
#57990=VECTOR('',#57980,1.);
#58000=LINE('',#57970,#57990);
#58010=EDGE_CURVE('',#44380,#57910,#58000,.T.);
#58020=ORIENTED_EDGE('',*,*,#58010,.F.);
#58030=EDGE_LOOP('',(#58020,#57960,#57950,#57930));
#58040=FACE_OUTER_BOUND('',#58030,.T.);
#58050=ADVANCED_FACE('',(#58040),#53350,.F.);
#58060=CARTESIAN_POINT('',(-2.217181,-1.830469,0.649999999999999));
#58070=DIRECTION('',(6.12303176911189E-17,1.,-3.74915180455534E-33));
#58080=DIRECTION('',(6.12303176911188E-17,0.,1.));
#58090=AXIS2_PLACEMENT_3D('',#58060,#58070,#58080);
#58100=PLANE('',#58090);
#58110=CARTESIAN_POINT('',(-1.417181,-1.830469,-5.38662410615686));
#58120=DIRECTION('',(6.12303176911188E-17,0.,1.));
#58130=VECTOR('',#58120,1.);
#58140=LINE('',#58110,#58130);
#58150=CARTESIAN_POINT('',(-1.417181,-1.830469,0.649999999999999));
#58160=VERTEX_POINT('',#58150);
#58170=EDGE_CURVE('',#57910,#58160,#58140,.T.);
#58180=ORIENTED_EDGE('',*,*,#58170,.T.);
#58190=ORIENTED_EDGE('',*,*,#58010,.T.);
#58200=ORIENTED_EDGE('',*,*,#44780,.T.);
#58210=CARTESIAN_POINT('',(-3.11850685290218E-15,-1.830469,
0.350000000000001));
#58220=DIRECTION('',(-1.,6.12303176911189E-17,6.12303176911188E-17));
#58230=VECTOR('',#58220,1.);
#58240=LINE('',#58210,#58230);
#58250=CARTESIAN_POINT('',(-0.267181000000003,-1.830469,
0.350000000000001));
#58260=VERTEX_POINT('',#58250);
#58270=EDGE_CURVE('',#58260,#44710,#58240,.T.);
#58280=ORIENTED_EDGE('',*,*,#58270,.T.);
#58290=CARTESIAN_POINT('',(-0.267181000000003,-1.830469,
-5.38662410615686));
#58300=DIRECTION('',(6.12303176911188E-17,7.54721935012284E-49,1.));
#58310=VECTOR('',#58300,1.);
#58320=LINE('',#58290,#58310);
#58330=EDGE_CURVE('',#53440,#58260,#58320,.T.);
#58340=ORIENTED_EDGE('',*,*,#58330,.T.);
#58350=ORIENTED_EDGE('',*,*,#53680,.T.);
#58360=CARTESIAN_POINT('',(0.382818999999997,-1.830469,-5.38662410615686
));
#58370=DIRECTION('',(-6.12303176911188E-17,0.,-1.));
#58380=VECTOR('',#58370,1.);
#58390=LINE('',#58360,#58380);
#58400=CARTESIAN_POINT('',(0.382818999999997,-1.830469,0.649999999999998
));
#58410=VERTEX_POINT('',#58400);
#58420=EDGE_CURVE('',#58410,#53610,#58390,.T.);
#58430=ORIENTED_EDGE('',*,*,#58420,.T.);
#58440=CARTESIAN_POINT('',(-2.217181,-1.830469,0.649999999999999));
#58450=DIRECTION('',(-1.,6.12303176911189E-17,6.12303176911188E-17));
#58460=VECTOR('',#58450,1.);
#58470=LINE('',#58440,#58460);
#58480=EDGE_CURVE('',#58410,#58160,#58470,.T.);
#58490=ORIENTED_EDGE('',*,*,#58480,.F.);
#58500=EDGE_LOOP('',(#58490,#58430,#58350,#58340,#58280,#58200,#58190,
#58180));
#58510=FACE_OUTER_BOUND('',#58500,.T.);
#58520=ADVANCED_FACE('',(#58510),#58100,.T.);
#58530=CARTESIAN_POINT('',(-0.267181000000003,-2.030469,
0.350000000000001));
#58540=DIRECTION('',(6.12303176911188E-17,-3.74915180455534E-33,1.));
#58550=DIRECTION('',(1.,-6.12303176911189E-17,-6.12303176911188E-17));
#58560=AXIS2_PLACEMENT_3D('',#58530,#58540,#58550);
#58570=PLANE('',#58560);
#58580=CARTESIAN_POINT('',(-3.1307529164404E-15,-2.030469,
0.350000000000001));
#58590=DIRECTION('',(1.,-6.12303176911189E-17,-6.12303176911188E-17));
#58600=VECTOR('',#58590,1.);
#58610=LINE('',#58580,#58600);
#58620=CARTESIAN_POINT('',(-0.267181000000003,-2.030469,
0.350000000000001));
#58630=VERTEX_POINT('',#58620);
#58640=EDGE_CURVE('',#44630,#58630,#58610,.T.);
#58650=ORIENTED_EDGE('',*,*,#58640,.F.);
#58660=CARTESIAN_POINT('',(-0.267181000000003,-2.030469,
0.350000000000001));
#58670=DIRECTION('',(6.12303176911188E-17,1.,-1.40561392536006E-65));
#58680=VECTOR('',#58670,1.);
#58690=LINE('',#58660,#58680);
#58700=EDGE_CURVE('',#58630,#58260,#58690,.T.);
#58710=ORIENTED_EDGE('',*,*,#58700,.F.);
#58720=ORIENTED_EDGE('',*,*,#58270,.F.);
#58730=ORIENTED_EDGE('',*,*,#44720,.T.);
#58740=EDGE_LOOP('',(#58730,#58720,#58710,#58650));
#58750=FACE_OUTER_BOUND('',#58740,.T.);
#58760=ADVANCED_FACE('',(#58750),#58570,.F.);
#58770=CARTESIAN_POINT('',(0.632818999999997,-0.530469000000001,1.05));
#58780=DIRECTION('',(-6.12303176911189E-17,-1.,3.74915180455534E-33));
#58790=DIRECTION('',(-1.,6.12303176911189E-17,6.12303176911188E-17));
#58800=AXIS2_PLACEMENT_3D('',#58770,#58780,#58790);
#58810=PLANE('',#58800);
#58820=ORIENTED_EDGE('',*,*,#57010,.F.);
#58830=CARTESIAN_POINT('',(0.632818999999997,-0.530469000000001,1.05));
#58840=DIRECTION('',(-6.12303176911188E-17,0.,-1.));
#58850=VECTOR('',#58840,1.);
#58860=LINE('',#58830,#58850);
#58870=EDGE_CURVE('',#56940,#50770,#58860,.T.);
#58880=ORIENTED_EDGE('',*,*,#58870,.F.);
#58890=ORIENTED_EDGE('',*,*,#50780,.F.);
#58900=ORIENTED_EDGE('',*,*,#4060,.F.);
#58910=EDGE_LOOP('',(#58900,#58890,#58880,#58820));
#58920=FACE_OUTER_BOUND('',#58910,.T.);
#58930=ADVANCED_FACE('',(#58920),#58810,.F.);
#58940=CARTESIAN_POINT('',(0.732818999999997,-0.530469000000001,1.05));
#58950=DIRECTION('',(-0.98058067569092,0.196116135138183,
6.0041266294327E-17));
#58960=DIRECTION('',(0.196116135138183,0.98058067569092,
-1.20082532588654E-17));
#58970=AXIS2_PLACEMENT_3D('',#58940,#58950,#58960);
#58980=PLANE('',#58970);
#58990=ORIENTED_EDGE('',*,*,#57160,.F.);
#59000=ORIENTED_EDGE('',*,*,#4180,.F.);
#59010=ORIENTED_EDGE('',*,*,#50690,.F.);
#59020=ORIENTED_EDGE('',*,*,#53910,.T.);
#59030=EDGE_LOOP('',(#59020,#59010,#59000,#58990));
#59040=FACE_OUTER_BOUND('',#59030,.T.);
#59050=ADVANCED_FACE('',(#59040),#58980,.F.);
#59060=CARTESIAN_POINT('',(0.382818999999997,-1.330469,
-0.600002400000001));
#59070=DIRECTION('',(-1.,6.12303176911188E-17,6.12303176911188E-17));
#59080=DIRECTION('',(6.12303176911188E-17,1.,0.));
#59090=AXIS2_PLACEMENT_3D('',#59060,#59070,#59080);
#59100=PLANE('',#59090);
#59110=CARTESIAN_POINT('',(0.382818999999997,-2.34401289881964E-17,-0.25
));
#59120=DIRECTION('',(6.12303176911188E-17,1.,0.));
#59130=VECTOR('',#59120,1.);
#59140=LINE('',#59110,#59130);
#59150=EDGE_CURVE('',#53520,#53100,#59140,.T.);
#59160=ORIENTED_EDGE('',*,*,#59150,.F.);
#59170=ORIENTED_EDGE('',*,*,#53110,.F.);
#59180=ORIENTED_EDGE('',*,*,#52600,.F.);
#59190=CARTESIAN_POINT('',(0.382818999999997,-1.630469,
-0.0500000000000007));
#59200=DIRECTION('',(-1.,6.12303176911189E-17,6.12303176911188E-17));
#59210=DIRECTION('',(-6.12303176911188E-17,-1.,0.));
#59220=AXIS2_PLACEMENT_3D('',#59190,#59200,#59210);
#59230=CIRCLE('',#59220,0.4);
#59240=CARTESIAN_POINT('',(0.382818999999997,-2.030469,
-0.0500000000000009));
#59250=VERTEX_POINT('',#59240);
#59260=EDGE_CURVE('',#52510,#59250,#59230,.T.);
#59270=ORIENTED_EDGE('',*,*,#59260,.F.);
#59280=CARTESIAN_POINT('',(0.382818999999997,-2.030469,-5.38662410615686
));
#59290=DIRECTION('',(6.12303176911188E-17,0.,1.));
#59300=VECTOR('',#59290,1.);
#59310=LINE('',#59280,#59300);
#59320=EDGE_CURVE('',#59250,#46060,#59310,.T.);
#59330=ORIENTED_EDGE('',*,*,#59320,.F.);
#59340=ORIENTED_EDGE('',*,*,#46070,.F.);
#59350=ORIENTED_EDGE('',*,*,#57240,.F.);
#59360=ORIENTED_EDGE('',*,*,#46540,.T.);
#59370=ORIENTED_EDGE('',*,*,#50530,.F.);
#59380=CARTESIAN_POINT('',(0.382818999999997,-1.630469,0.649999999999999
));
#59390=DIRECTION('',(-1.,6.12303176911189E-17,6.12303176911188E-17));
#59400=DIRECTION('',(-6.12303176911188E-17,-1.,0.));
#59410=AXIS2_PLACEMENT_3D('',#59380,#59390,#59400);
#59420=CIRCLE('',#59410,0.2);
#59430=EDGE_CURVE('',#58410,#50460,#59420,.T.);
#59440=ORIENTED_EDGE('',*,*,#59430,.T.);
#59450=ORIENTED_EDGE('',*,*,#58420,.F.);
#59460=ORIENTED_EDGE('',*,*,#53620,.T.);
#59470=EDGE_LOOP('',(#59460,#59450,#59440,#59370,#59360,#59350,#59340,
#59330,#59270,#59180,#59170,#59160));
#59480=FACE_OUTER_BOUND('',#59470,.T.);
#59490=ADVANCED_FACE('',(#59480),#59100,.F.);
#59500=CARTESIAN_POINT('',(-1.51733051153781,-1.02997062820733,
-0.600002400000001));
#59510=DIRECTION('',(6.12303176911189E-17,1.,-3.74915180455534E-33));
#59520=DIRECTION('',(1.,-6.12303176911189E-17,-6.12303176911188E-17));
#59530=AXIS2_PLACEMENT_3D('',#59500,#59510,#59520);
#59540=PLANE('',#59530);
#59550=ORIENTED_EDGE('',*,*,#57610,.F.);
#59560=CARTESIAN_POINT('',(-1.417181,-1.02997062820733,
-0.600002400000001));
#59570=DIRECTION('',(6.12303176911188E-17,0.,1.));
#59580=VECTOR('',#59570,1.);
#59590=LINE('',#59560,#59580);
#59600=EDGE_CURVE('',#50380,#57540,#59590,.T.);
#59610=ORIENTED_EDGE('',*,*,#59600,.T.);
#59620=ORIENTED_EDGE('',*,*,#51520,.F.);
#59630=ORIENTED_EDGE('',*,*,#54540,.F.);
#59640=EDGE_LOOP('',(#59630,#59620,#59610,#59550));
#59650=FACE_OUTER_BOUND('',#59640,.T.);
#59660=ADVANCED_FACE('',(#59650),#59540,.F.);
#59670=CARTESIAN_POINT('',(0.782818999999997,-0.0304690000000006,1.05));
#59680=DIRECTION('',(-0.957826285221152,0.287347885566345,
5.86480077369953E-17));
#59690=DIRECTION('',(0.287347885566345,0.957826285221152,
-1.75944023210986E-17));
#59700=AXIS2_PLACEMENT_3D('',#59670,#59680,#59690);
#59710=PLANE('',#59700);
#59720=ORIENTED_EDGE('',*,*,#56950,.F.);
#59730=ORIENTED_EDGE('',*,*,#3900,.F.);
#59740=ORIENTED_EDGE('',*,*,#50840,.F.);
#59750=ORIENTED_EDGE('',*,*,#58870,.T.);
#59760=EDGE_LOOP('',(#59750,#59740,#59730,#59720));
#59770=FACE_OUTER_BOUND('',#59760,.T.);
#59780=ADVANCED_FACE('',(#59770),#59710,.F.);
#59790=CARTESIAN_POINT('',(-2.017181,1.469531,1.05));
#59800=DIRECTION('',(1.,-6.12303176911188E-17,-6.12303176911188E-17));
#59810=DIRECTION('',(6.12303176911188E-17,0.,1.));
#59820=AXIS2_PLACEMENT_3D('',#59790,#59800,#59810);
#59830=PLANE('',#59820);
#59840=ORIENTED_EDGE('',*,*,#48650,.T.);
#59850=ORIENTED_EDGE('',*,*,#49470,.T.);
#59860=ORIENTED_EDGE('',*,*,#48430,.F.);
#59870=ORIENTED_EDGE('',*,*,#37440,.T.);
#59880=EDGE_LOOP('',(#59870,#59860,#59850,#59840));
#59890=FACE_OUTER_BOUND('',#59880,.T.);
#59900=ADVANCED_FACE('',(#59890),#59830,.T.);
#59910=CARTESIAN_POINT('',(-1.69933635459448,-0.869692227027637,1.05));
#59920=DIRECTION('',(0.98058067569092,0.196116135138183,
-6.0041266294327E-17));
#59930=DIRECTION('',(0.196116135138183,-0.98058067569092,
-1.20082532588654E-17));
#59940=AXIS2_PLACEMENT_3D('',#59910,#59920,#59930);
#59950=PLANE('',#59940);
#59960=ORIENTED_EDGE('',*,*,#57350,.F.);
#59970=ORIENTED_EDGE('',*,*,#54610,.F.);
#59980=ORIENTED_EDGE('',*,*,#51370,.F.);
#59990=ORIENTED_EDGE('',*,*,#34060,.F.);
#60000=EDGE_LOOP('',(#59990,#59980,#59970,#59960));
#60010=FACE_OUTER_BOUND('',#60000,.T.);
#60020=ADVANCED_FACE('',(#60010),#59950,.F.);
#60030=CARTESIAN_POINT('',(-2.217181,1.469531,0.549999999999997));
#60040=DIRECTION('',(-1.,6.12303176911188E-17,6.12303176911188E-17));
#60050=DIRECTION('',(-6.12303176911188E-17,0.,-1.));
#60060=AXIS2_PLACEMENT_3D('',#60030,#60040,#60050);
#60070=PLANE('',#60060);
#60080=ORIENTED_EDGE('',*,*,#57770,.T.);
#60090=ORIENTED_EDGE('',*,*,#46210,.T.);
#60100=ORIENTED_EDGE('',*,*,#29750,.T.);
#60110=ORIENTED_EDGE('',*,*,#33260,.T.);
#60120=ORIENTED_EDGE('',*,*,#33810,.F.);
#60130=CARTESIAN_POINT('',(-2.217181,0.969530999999999,14.375));
#60140=DIRECTION('',(0.,0.,-1.));
#60150=VECTOR('',#60140,1.);
#60160=LINE('',#60130,#60150);
#60170=CARTESIAN_POINT('',(-2.217181,0.969530999999999,9.225));
#60180=VERTEX_POINT('',#60170);
#60190=EDGE_CURVE('',#60180,#33720,#60160,.T.);
#60200=ORIENTED_EDGE('',*,*,#60190,.T.);
#60210=CARTESIAN_POINT('',(-2.217181,-1.72571815832637E-16,9.225));
#60220=DIRECTION('',(-1.22460635382238E-16,-1.,0.));
#60230=VECTOR('',#60220,1.);
#60240=LINE('',#60210,#60230);
#60250=CARTESIAN_POINT('',(-2.217181,2.769531,9.225));
#60260=VERTEX_POINT('',#60250);
#60270=EDGE_CURVE('',#60260,#60180,#60240,.T.);
#60280=ORIENTED_EDGE('',*,*,#60270,.T.);
#60290=CARTESIAN_POINT('',(-2.217181,2.769531,9.225));
#60300=DIRECTION('',(0.,0.,1.));
#60310=VECTOR('',#60300,1.);
#60320=LINE('',#60290,#60310);
#60330=EDGE_CURVE('',#60260,#24730,#60320,.T.);
#60340=ORIENTED_EDGE('',*,*,#60330,.F.);
#60350=ORIENTED_EDGE('',*,*,#24740,.F.);
#60360=CARTESIAN_POINT('',(-2.217181,0.669531,4.375));
#60370=DIRECTION('',(0.,0.,1.));
#60380=VECTOR('',#60370,1.);
#60390=LINE('',#60360,#60380);
#60400=CARTESIAN_POINT('',(-2.217181,0.669531,10.6));
#60410=VERTEX_POINT('',#60400);
#60420=EDGE_CURVE('',#24650,#60410,#60390,.T.);
#60430=ORIENTED_EDGE('',*,*,#60420,.F.);
#60440=CARTESIAN_POINT('',(-2.217181,2.96009521093873E-16,10.6));
#60450=DIRECTION('',(1.83690953073357E-16,1.,-8.83363139618221E-33));
#60460=VECTOR('',#60450,1.);
#60470=LINE('',#60440,#60460);
#60480=CARTESIAN_POINT('',(-2.217181,1.469531,10.6));
#60490=VERTEX_POINT('',#60480);
#60500=EDGE_CURVE('',#60410,#60490,#60470,.T.);
#60510=ORIENTED_EDGE('',*,*,#60500,.F.);
#60520=CARTESIAN_POINT('',(-2.217181,1.469531,-4.375));
#60530=DIRECTION('',(6.12303176911188E-17,6.16297582203916E-33,1.));
#60540=VECTOR('',#60530,1.);
#60550=LINE('',#60520,#60540);
#60560=CARTESIAN_POINT('',(-2.217181,1.469531,10.7));
#60570=VERTEX_POINT('',#60560);
#60580=EDGE_CURVE('',#60490,#60570,#60550,.T.);
#60590=ORIENTED_EDGE('',*,*,#60580,.F.);
#60600=CARTESIAN_POINT('',(-2.217181,1.469531,10.7));
#60610=DIRECTION('',(-1.83690953073357E-16,-1.,1.49966072182214E-32));
#60620=VECTOR('',#60610,1.);
#60630=LINE('',#60600,#60620);
#60640=CARTESIAN_POINT('',(-2.217181,0.669531,10.7));
#60650=VERTEX_POINT('',#60640);
#60660=EDGE_CURVE('',#60570,#60650,#60630,.T.);
#60670=ORIENTED_EDGE('',*,*,#60660,.F.);
#60680=CARTESIAN_POINT('',(-2.217181,0.669531,10.95));
#60690=VERTEX_POINT('',#60680);
#60700=EDGE_CURVE('',#60650,#60690,#60390,.T.);
#60710=ORIENTED_EDGE('',*,*,#60700,.F.);
#60720=CARTESIAN_POINT('',(-2.217181,-4.44089209850063E-16,10.95));
#60730=DIRECTION('',(0.,-1.,0.));
#60740=VECTOR('',#60730,1.);
#60750=LINE('',#60720,#60740);
#60760=CARTESIAN_POINT('',(-2.217181,-1.330469,10.95));
#60770=VERTEX_POINT('',#60760);
#60780=EDGE_CURVE('',#60690,#60770,#60750,.T.);
#60790=ORIENTED_EDGE('',*,*,#60780,.F.);
#60800=CARTESIAN_POINT('',(-2.217181,-1.330469,4.375));
#60810=DIRECTION('',(0.,0.,-1.));
#60820=VECTOR('',#60810,1.);
#60830=LINE('',#60800,#60820);
#60840=CARTESIAN_POINT('',(-2.217181,-1.330469,10.2));
#60850=VERTEX_POINT('',#60840);
#60860=EDGE_CURVE('',#60770,#60850,#60830,.T.);
#60870=ORIENTED_EDGE('',*,*,#60860,.F.);
#60880=CARTESIAN_POINT('',(-2.217181,-2.030469,10.2));
#60890=VERTEX_POINT('',#60880);
#60900=EDGE_CURVE('',#60850,#60890,#24710,.T.);
#60910=ORIENTED_EDGE('',*,*,#60900,.F.);
#60920=CARTESIAN_POINT('',(-2.217181,-2.030469,4.375));
#60930=DIRECTION('',(0.,0.,-1.));
#60940=VECTOR('',#60930,1.);
#60950=LINE('',#60920,#60940);
#60960=CARTESIAN_POINT('',(-2.217181,-2.030469,8.926));
#60970=VERTEX_POINT('',#60960);
#60980=EDGE_CURVE('',#60890,#60970,#60950,.T.);
#60990=ORIENTED_EDGE('',*,*,#60980,.F.);
#61000=CARTESIAN_POINT('',(-2.217181,-2.030469,8.926));
#61010=DIRECTION('',(1.22460635382238E-16,1.,0.));
#61020=VECTOR('',#61010,1.);
#61030=LINE('',#61000,#61020);
#61040=CARTESIAN_POINT('',(-2.217181,-1.530469,8.926));
#61050=VERTEX_POINT('',#61040);
#61060=EDGE_CURVE('',#60970,#61050,#61030,.T.);
#61070=ORIENTED_EDGE('',*,*,#61060,.F.);
#61080=CARTESIAN_POINT('',(-2.217181,-1.530469,3.125));
#61090=DIRECTION('',(0.,0.,1.));
#61100=VECTOR('',#61090,1.);
#61110=LINE('',#61080,#61100);
#61120=CARTESIAN_POINT('',(-2.217181,-1.530469,8.574));
#61130=VERTEX_POINT('',#61120);
#61140=EDGE_CURVE('',#61130,#61050,#61110,.T.);
#61150=ORIENTED_EDGE('',*,*,#61140,.T.);
#61160=CARTESIAN_POINT('',(-2.217181,-2.030469,8.574));
#61170=DIRECTION('',(1.22460635382238E-16,1.,0.));
#61180=VECTOR('',#61170,1.);
#61190=LINE('',#61160,#61180);
#61200=CARTESIAN_POINT('',(-2.217181,-2.030469,8.574));
#61210=VERTEX_POINT('',#61200);
#61220=EDGE_CURVE('',#61210,#61130,#61190,.T.);
#61230=ORIENTED_EDGE('',*,*,#61220,.T.);
#61240=CARTESIAN_POINT('',(-2.217181,-2.030469,7.776));
#61250=DIRECTION('',(5.43834468046348E-31,4.44089209850064E-15,-1.));
#61260=VECTOR('',#61250,1.);
#61270=LINE('',#61240,#61260);
#61280=CARTESIAN_POINT('',(-2.217181,-2.030469,7.676));
#61290=VERTEX_POINT('',#61280);
#61300=EDGE_CURVE('',#61210,#61290,#61270,.T.);
#61310=ORIENTED_EDGE('',*,*,#61300,.F.);
#61320=CARTESIAN_POINT('',(-2.217181,-4.44089209850063E-16,7.676));
#61330=DIRECTION('',(0.,-1.,0.));
#61340=VECTOR('',#61330,1.);
#61350=LINE('',#61320,#61340);
#61360=CARTESIAN_POINT('',(-2.217181,-1.530469,7.676));
#61370=VERTEX_POINT('',#61360);
#61380=EDGE_CURVE('',#61370,#61290,#61350,.T.);
#61390=ORIENTED_EDGE('',*,*,#61380,.T.);
#61400=CARTESIAN_POINT('',(-2.217181,-1.530469,7.324));
#61410=VERTEX_POINT('',#61400);
#61420=EDGE_CURVE('',#61410,#61370,#61110,.T.);
#61430=ORIENTED_EDGE('',*,*,#61420,.T.);
#61440=CARTESIAN_POINT('',(-2.217181,-1.930469,7.324));
#61450=DIRECTION('',(-1.22460635382238E-16,-1.,0.));
#61460=VECTOR('',#61450,1.);
#61470=LINE('',#61440,#61460);
#61480=CARTESIAN_POINT('',(-2.217181,-2.030469,7.324));
#61490=VERTEX_POINT('',#61480);
#61500=EDGE_CURVE('',#61410,#61490,#61470,.T.);
#61510=ORIENTED_EDGE('',*,*,#61500,.F.);
#61520=CARTESIAN_POINT('',(-2.217181,-2.030469,7.324));
#61530=DIRECTION('',(-5.43834468046348E-31,-4.44089209850064E-15,-1.));
#61540=VECTOR('',#61530,1.);
#61550=LINE('',#61520,#61540);
#61560=CARTESIAN_POINT('',(-2.217181,-2.030469,6.426));
#61570=VERTEX_POINT('',#61560);
#61580=EDGE_CURVE('',#61490,#61570,#61550,.T.);
#61590=ORIENTED_EDGE('',*,*,#61580,.F.);
#61600=CARTESIAN_POINT('',(-2.217181,-1.930469,6.426));
#61610=DIRECTION('',(-2.44921270764475E-16,-1.,0.));
#61620=VECTOR('',#61610,1.);
#61630=LINE('',#61600,#61620);
#61640=CARTESIAN_POINT('',(-2.217181,-1.530469,6.426));
#61650=VERTEX_POINT('',#61640);
#61660=EDGE_CURVE('',#61650,#61570,#61630,.T.);
#61670=ORIENTED_EDGE('',*,*,#61660,.T.);
#61680=CARTESIAN_POINT('',(-2.217181,-1.530469,10.625));
#61690=DIRECTION('',(0.,0.,-1.));
#61700=VECTOR('',#61690,1.);
#61710=LINE('',#61680,#61700);
#61720=CARTESIAN_POINT('',(-2.217181,-1.530469,6.074));
#61730=VERTEX_POINT('',#61720);
#61740=EDGE_CURVE('',#61650,#61730,#61710,.T.);
#61750=ORIENTED_EDGE('',*,*,#61740,.F.);
#61760=CARTESIAN_POINT('',(-2.217181,-3.94616420757669E-16,6.074));
#61770=DIRECTION('',(-1.22460635382238E-16,-1.,0.));
#61780=VECTOR('',#61770,1.);
#61790=LINE('',#61760,#61780);
#61800=EDGE_CURVE('',#61730,#42410,#61790,.T.);
#61810=ORIENTED_EDGE('',*,*,#61800,.F.);
#61820=ORIENTED_EDGE('',*,*,#42420,.F.);
#61830=ORIENTED_EDGE('',*,*,#36950,.T.);
#61840=CARTESIAN_POINT('',(-2.217181,-1.530469,0.625000000000004));
#61850=DIRECTION('',(0.,0.,1.));
#61860=VECTOR('',#61850,1.);
#61870=LINE('',#61840,#61860);
#61880=EDGE_CURVE('',#32220,#36860,#61870,.T.);
#61890=ORIENTED_EDGE('',*,*,#61880,.T.);
#61900=ORIENTED_EDGE('',*,*,#32250,.F.);
#61910=ORIENTED_EDGE('',*,*,#41530,.T.);
#61920=ORIENTED_EDGE('',*,*,#31140,.T.);
#61930=CARTESIAN_POINT('',(-2.217181,-1.530469,8.125));
#61940=DIRECTION('',(0.,0.,-1.));
#61950=VECTOR('',#61940,1.);
#61960=LINE('',#61930,#61950);
#61970=EDGE_CURVE('',#31070,#25170,#61960,.T.);
#61980=ORIENTED_EDGE('',*,*,#61970,.F.);
#61990=ORIENTED_EDGE('',*,*,#25180,.F.);
#62000=ORIENTED_EDGE('',*,*,#29110,.T.);
#62010=ORIENTED_EDGE('',*,*,#36660,.F.);
#62020=EDGE_CURVE('',#36590,#27410,#61960,.T.);
#62030=ORIENTED_EDGE('',*,*,#62020,.F.);
#62040=ORIENTED_EDGE('',*,*,#27420,.T.);
#62050=ORIENTED_EDGE('',*,*,#31760,.T.);
#62060=ORIENTED_EDGE('',*,*,#57390,.T.);
#62070=ORIENTED_EDGE('',*,*,#25810,.T.);
#62080=ORIENTED_EDGE('',*,*,#41040,.T.);
#62090=ORIENTED_EDGE('',*,*,#37600,.T.);
#62100=ORIENTED_EDGE('',*,*,#48340,.T.);
#62110=ORIENTED_EDGE('',*,*,#49400,.T.);
#62120=EDGE_LOOP('',(#62110,#62100,#62090,#62080,#62070,#62060,#62050,
#62040,#62030,#62010,#62000,#61990,#61980,#61920,#61910,#61900,#61890,
#61830,#61820,#61810,#61750,#61670,#61590,#61510,#61430,#61390,#61310,
#61230,#61150,#61070,#60990,#60910,#60870,#60790,#60710,#60670,#60590,
#60510,#60430,#60350,#60340,#60280,#60200,#60120,#60110,#60100,#60090,
#60080));
#62130=FACE_OUTER_BOUND('',#62120,.T.);
#62140=ADVANCED_FACE('',(#62130),#60070,.T.);
#62150=CARTESIAN_POINT('',(-0.267181000000003,-2.030469,
-0.450000000000003));
#62160=DIRECTION('',(1.,-6.12303176911188E-17,-6.12303176911188E-17));
#62170=DIRECTION('',(-6.12303176911188E-17,-1.,1.40561392536006E-65));
#62180=AXIS2_PLACEMENT_3D('',#62150,#62160,#62170);
#62190=PLANE('',#62180);
#62200=CARTESIAN_POINT('',(-0.267181000000003,-2.030469,
-5.38662410615686));
#62210=DIRECTION('',(-6.12303176911188E-17,-7.54721935012284E-49,-1.));
#62220=VECTOR('',#62210,1.);
#62230=LINE('',#62200,#62220);
#62240=CARTESIAN_POINT('',(-0.267181000000003,-2.030469,
-0.0500000000000008));
#62250=VERTEX_POINT('',#62240);
#62260=EDGE_CURVE('',#58630,#62250,#62230,.T.);
#62270=ORIENTED_EDGE('',*,*,#62260,.F.);
#62280=CARTESIAN_POINT('',(-0.267181000000003,-1.630469,
-0.0500000000000007));
#62290=DIRECTION('',(-1.,6.12303176911189E-17,6.12303176911188E-17));
#62300=DIRECTION('',(-6.12303176911188E-17,-1.,0.));
#62310=AXIS2_PLACEMENT_3D('',#62280,#62290,#62300);
#62320=CIRCLE('',#62310,0.4);
#62330=EDGE_CURVE('',#52470,#62250,#62320,.T.);
#62340=ORIENTED_EDGE('',*,*,#62330,.T.);
#62350=ORIENTED_EDGE('',*,*,#56350,.F.);
#62360=ORIENTED_EDGE('',*,*,#53450,.F.);
#62370=ORIENTED_EDGE('',*,*,#58330,.F.);
#62380=ORIENTED_EDGE('',*,*,#58700,.T.);
#62390=EDGE_LOOP('',(#62380,#62370,#62360,#62350,#62340,#62270));
#62400=FACE_OUTER_BOUND('',#62390,.T.);
#62410=ADVANCED_FACE('',(#62400),#62190,.F.);
#62420=CARTESIAN_POINT('',(-2.217181,-2.030469,-0.0500000000000007));
#62430=DIRECTION('',(-6.12303176911189E-17,-1.,3.74915180455534E-33));
#62440=DIRECTION('',(-6.12303176911188E-17,0.,-1.));
#62450=AXIS2_PLACEMENT_3D('',#62420,#62430,#62440);
#62460=PLANE('',#62450);
#62470=CARTESIAN_POINT('',(-1.417181,-2.030469,-5.38662410615686));
#62480=DIRECTION('',(-6.12303176911188E-17,0.,-1.));
#62490=VECTOR('',#62480,1.);
#62500=LINE('',#62470,#62490);
#62510=EDGE_CURVE('',#45810,#51920,#62500,.T.);
#62520=ORIENTED_EDGE('',*,*,#62510,.T.);
#62530=ORIENTED_EDGE('',*,*,#46130,.T.);
#62540=ORIENTED_EDGE('',*,*,#59320,.T.);
#62550=CARTESIAN_POINT('',(-2.217181,-2.030469,-0.0500000000000007));
#62560=DIRECTION('',(-1.,6.12303176911189E-17,6.12303176911188E-17));
#62570=VECTOR('',#62560,1.);
#62580=LINE('',#62550,#62570);
#62590=EDGE_CURVE('',#59250,#62250,#62580,.T.);
#62600=ORIENTED_EDGE('',*,*,#62590,.F.);
#62610=ORIENTED_EDGE('',*,*,#62260,.T.);
#62620=ORIENTED_EDGE('',*,*,#58640,.T.);
#62630=ORIENTED_EDGE('',*,*,#44640,.T.);
#62640=ORIENTED_EDGE('',*,*,#51990,.F.);
#62650=EDGE_LOOP('',(#62640,#62630,#62620,#62610,#62600,#62540,#62530,
#62520));
#62660=FACE_OUTER_BOUND('',#62650,.T.);
#62670=ADVANCED_FACE('',(#62660),#62460,.T.);
#62680=ORIENTED_EDGE('',*,*,#62330,.F.);
#62690=ORIENTED_EDGE('',*,*,#62590,.T.);
#62700=ORIENTED_EDGE('',*,*,#59260,.T.);
#62710=ORIENTED_EDGE('',*,*,#52520,.T.);
#62720=EDGE_LOOP('',(#62710,#62700,#62690,#62680));
#62730=FACE_OUTER_BOUND('',#62720,.T.);
#62740=ADVANCED_FACE('',(#62730),#51830,.T.);
#62750=CARTESIAN_POINT('',(-2.217181,-1.630469,0.649999999999999));
#62760=DIRECTION('',(-1.,6.12303176911189E-17,6.12303176911188E-17));
#62770=DIRECTION('',(-6.12303176911188E-17,-1.,0.));
#62780=AXIS2_PLACEMENT_3D('',#62750,#62760,#62770);
#62790=CYLINDRICAL_SURFACE('',#62780,0.2);
#62800=CARTESIAN_POINT('',(-1.417181,-1.630469,0.649999999999999));
#62810=DIRECTION('',(-1.,6.12303176911189E-17,6.12303176911188E-17));
#62820=DIRECTION('',(-6.12303176911188E-17,-1.,0.));
#62830=AXIS2_PLACEMENT_3D('',#62800,#62810,#62820);
#62840=CIRCLE('',#62830,0.2);
#62850=EDGE_CURVE('',#58160,#50360,#62840,.T.);
#62860=ORIENTED_EDGE('',*,*,#62850,.T.);
#62870=ORIENTED_EDGE('',*,*,#58480,.T.);
#62880=ORIENTED_EDGE('',*,*,#59430,.F.);
#62890=ORIENTED_EDGE('',*,*,#50470,.T.);
#62900=EDGE_LOOP('',(#62890,#62880,#62870,#62860));
#62910=FACE_OUTER_BOUND('',#62900,.T.);
#62920=ADVANCED_FACE('',(#62910),#62790,.F.);
#62930=CARTESIAN_POINT('',(-1.417181,-1.330469,-0.600002400000001));
#62940=DIRECTION('',(1.,-6.12303176911188E-17,-6.12303176911188E-17));
#62950=DIRECTION('',(-6.12303176911188E-17,-1.,0.));
#62960=AXIS2_PLACEMENT_3D('',#62930,#62940,#62950);
#62970=PLANE('',#62960);
#62980=ORIENTED_EDGE('',*,*,#51930,.T.);
#62990=ORIENTED_EDGE('',*,*,#52390,.F.);
#63000=ORIENTED_EDGE('',*,*,#53250,.F.);
#63010=CARTESIAN_POINT('',(-1.417181,8.67744428558176E-17,-0.25));
#63020=DIRECTION('',(-6.12303176911188E-17,-1.,0.));
#63030=VECTOR('',#63020,1.);
#63040=LINE('',#63010,#63030);
#63050=EDGE_CURVE('',#53180,#57890,#63040,.T.);
#63060=ORIENTED_EDGE('',*,*,#63050,.F.);
#63070=ORIENTED_EDGE('',*,*,#57920,.F.);
#63080=ORIENTED_EDGE('',*,*,#58170,.F.);
#63090=ORIENTED_EDGE('',*,*,#62850,.F.);
#63100=ORIENTED_EDGE('',*,*,#50390,.F.);
#63110=ORIENTED_EDGE('',*,*,#59600,.F.);
#63120=ORIENTED_EDGE('',*,*,#57550,.F.);
#63130=ORIENTED_EDGE('',*,*,#47490,.F.);
#63140=ORIENTED_EDGE('',*,*,#45840,.T.);
#63150=ORIENTED_EDGE('',*,*,#62510,.F.);
#63160=EDGE_LOOP('',(#63150,#63140,#63130,#63120,#63110,#63100,#63090,
#63080,#63070,#63060,#63000,#62990,#62980));
#63170=FACE_OUTER_BOUND('',#63160,.T.);
#63180=ADVANCED_FACE('',(#63170),#62970,.F.);
#63190=CARTESIAN_POINT('',(-2.217181,-1.630469,-0.25));
#63200=DIRECTION('',(6.12303176911188E-17,-3.74915180455534E-33,1.));
#63210=DIRECTION('',(-6.12303176911188E-17,-1.,0.));
#63220=AXIS2_PLACEMENT_3D('',#63190,#63200,#63210);
#63230=PLANE('',#63220);
#63240=ORIENTED_EDGE('',*,*,#59150,.T.);
#63250=ORIENTED_EDGE('',*,*,#53530,.T.);
#63260=ORIENTED_EDGE('',*,*,#56290,.F.);
#63270=ORIENTED_EDGE('',*,*,#57940,.T.);
#63280=ORIENTED_EDGE('',*,*,#63050,.T.);
#63290=ORIENTED_EDGE('',*,*,#53190,.F.);
#63300=EDGE_LOOP('',(#63290,#63280,#63270,#63260,#63250,#63240));
#63310=FACE_OUTER_BOUND('',#63300,.T.);
#63320=ADVANCED_FACE('',(#63310),#63230,.T.);
#63330=CARTESIAN_POINT('',(-1.74283400696028,0.669531,10.3154896549855))
;
#63340=DIRECTION('',(-1.83690953073357E-16,-1.,1.1247455413666E-32));
#63350=DIRECTION('',(-1.,1.83690953073357E-16,6.12303176911189E-17));
#63360=AXIS2_PLACEMENT_3D('',#63330,#63340,#63350);
#63370=PLANE('',#63360);
#63380=CARTESIAN_POINT('',(8.35892527558615E-16,0.669531,10.4));
#63390=DIRECTION('',(1.,-1.83690953073357E-16,-6.12303176911189E-17));
#63400=VECTOR('',#63390,1.);
#63410=LINE('',#63380,#63400);
#63420=CARTESIAN_POINT('',(-1.717181,0.669531,10.4));
#63430=VERTEX_POINT('',#63420);
#63440=CARTESIAN_POINT('',(-1.667181,0.669531,10.4));
#63450=VERTEX_POINT('',#63440);
#63460=EDGE_CURVE('',#63430,#63450,#63410,.T.);
#63470=ORIENTED_EDGE('',*,*,#63460,.F.);
#63480=CARTESIAN_POINT('',(-1.667181,0.669531,-4.375));
#63490=DIRECTION('',(-6.12303176911188E-17,-6.16297582203916E-33,-1.));
#63500=VECTOR('',#63490,1.);
#63510=LINE('',#63480,#63500);
#63520=CARTESIAN_POINT('',(-1.667181,0.669531,10.2));
#63530=VERTEX_POINT('',#63520);
#63540=EDGE_CURVE('',#63450,#63530,#63510,.T.);
#63550=ORIENTED_EDGE('',*,*,#63540,.F.);
#63560=CARTESIAN_POINT('',(0.,0.669531,10.2));
#63570=DIRECTION('',(-1.,1.83690953073357E-16,0.));
#63580=VECTOR('',#63570,1.);
#63590=LINE('',#63560,#63580);
#63600=CARTESIAN_POINT('',(-1.717181,0.669531,10.2));
#63610=VERTEX_POINT('',#63600);
#63620=EDGE_CURVE('',#63530,#63610,#63590,.T.);
#63630=ORIENTED_EDGE('',*,*,#63620,.F.);
#63640=CARTESIAN_POINT('',(-1.717181,0.669531,-3.125));
#63650=DIRECTION('',(-1.43687830814556E-47,1.1247455413666E-32,1.));
#63660=VECTOR('',#63650,1.);
#63670=LINE('',#63640,#63660);
#63680=EDGE_CURVE('',#63610,#63430,#63670,.T.);
#63690=ORIENTED_EDGE('',*,*,#63680,.F.);
#63700=EDGE_LOOP('',(#63690,#63630,#63550,#63470));
#63710=FACE_OUTER_BOUND('',#63700,.T.);
#63720=ADVANCED_FACE('',(#63710),#63370,.T.);
#63730=CARTESIAN_POINT('',(0.632819000000001,-0.530469000000001,10.2));
#63740=DIRECTION('',(1.83690953073357E-16,1.,-1.1247455413666E-32));
#63750=DIRECTION('',(-1.,1.83690953073357E-16,6.12303176911189E-17));
#63760=AXIS2_PLACEMENT_3D('',#63730,#63740,#63750);
#63770=PLANE('',#63760);
#63780=CARTESIAN_POINT('',(0.682818999999994,-0.530469000000001,-3.125))
;
#63790=DIRECTION('',(5.13170824337702E-47,1.1247455413666E-32,1.));
#63800=VECTOR('',#63790,1.);
#63810=LINE('',#63780,#63800);
#63820=CARTESIAN_POINT('',(0.682818999999994,-0.530469000000001,10.2));
#63830=VERTEX_POINT('',#63820);
#63840=CARTESIAN_POINT('',(0.682818999999994,-0.530469000000001,10.4));
#63850=VERTEX_POINT('',#63840);
#63860=EDGE_CURVE('',#63830,#63850,#63810,.T.);
#63870=ORIENTED_EDGE('',*,*,#63860,.F.);
#63880=CARTESIAN_POINT('',(7.88529274504054E-16,-0.530469000000001,10.4)
);
#63890=DIRECTION('',(1.,-1.83690953073357E-16,-6.12303176911189E-17));
#63900=VECTOR('',#63890,1.);
#63910=LINE('',#63880,#63900);
#63920=CARTESIAN_POINT('',(0.632819000000001,-0.530469000000001,10.4));
#63930=VERTEX_POINT('',#63920);
#63940=EDGE_CURVE('',#63930,#63850,#63910,.T.);
#63950=ORIENTED_EDGE('',*,*,#63940,.T.);
#63960=CARTESIAN_POINT('',(0.632819000000001,-0.530469000000001,10.2));
#63970=DIRECTION('',(6.12303176911188E-17,0.,1.));
#63980=VECTOR('',#63970,1.);
#63990=LINE('',#63960,#63980);
#64000=CARTESIAN_POINT('',(0.632819000000001,-0.530469000000001,10.2));
#64010=VERTEX_POINT('',#64000);
#64020=EDGE_CURVE('',#64010,#63930,#63990,.T.);
#64030=ORIENTED_EDGE('',*,*,#64020,.T.);
#64040=CARTESIAN_POINT('',(0.,-0.530469000000001,10.2));
#64050=DIRECTION('',(1.,-1.83690953073357E-16,0.));
#64060=VECTOR('',#64050,1.);
#64070=LINE('',#64040,#64060);
#64080=EDGE_CURVE('',#64010,#63830,#64070,.T.);
#64090=ORIENTED_EDGE('',*,*,#64080,.F.);
#64100=EDGE_LOOP('',(#64090,#64030,#63950,#63870));
#64110=FACE_OUTER_BOUND('',#64100,.T.);
#64120=ADVANCED_FACE('',(#64110),#63770,.T.);
#64130=CARTESIAN_POINT('',(0.782819000000001,-0.0304690000000007,10.2));
#64140=DIRECTION('',(0.957826285221152,-0.287347885566345,
-5.86480077369953E-17));
#64150=DIRECTION('',(0.287347885566345,0.957826285221152,
-1.75944023210986E-17));
#64160=AXIS2_PLACEMENT_3D('',#64130,#64140,#64150);
#64170=PLANE('',#64160);
#64180=CARTESIAN_POINT('',(0.791959700000001,0.,10.2));
#64190=DIRECTION('',(-0.287347885566345,-0.957826285221151,0.));
#64200=VECTOR('',#64190,1.);
#64210=LINE('',#64180,#64200);
#64220=CARTESIAN_POINT('',(0.682818999999995,-0.363802333333353,10.2));
#64230=VERTEX_POINT('',#64220);
#64240=EDGE_CURVE('',#64230,#64010,#64210,.T.);
#64250=ORIENTED_EDGE('',*,*,#64240,.F.);
#64260=ORIENTED_EDGE('',*,*,#64020,.F.);
#64270=CARTESIAN_POINT('',(0.791959700000001,-1.4547583208869E-16,10.4))
;
#64280=DIRECTION('',(-0.287347885566345,-0.957826285221152,
1.75944023210986E-17));
#64290=VECTOR('',#64280,1.);
#64300=LINE('',#64270,#64290);
#64310=CARTESIAN_POINT('',(0.682818999999995,-0.363802333333353,10.4));
#64320=VERTEX_POINT('',#64310);
#64330=EDGE_CURVE('',#64320,#63930,#64300,.T.);
#64340=ORIENTED_EDGE('',*,*,#64330,.T.);
#64350=CARTESIAN_POINT('',(0.682818999999995,-0.36380233333335,-3.125));
#64360=DIRECTION('',(9.27616724159449E-31,2.04101058970399E-16,-1.));
#64370=VECTOR('',#64360,1.);
#64380=LINE('',#64350,#64370);
#64390=EDGE_CURVE('',#64320,#64230,#64380,.T.);
#64400=ORIENTED_EDGE('',*,*,#64390,.F.);
#64410=EDGE_LOOP('',(#64400,#64340,#64260,#64250));
#64420=FACE_OUTER_BOUND('',#64410,.T.);
#64430=ADVANCED_FACE('',(#64420),#64170,.T.);
#64440=CARTESIAN_POINT('',(0.682819,0.669531,10.2));
#64450=DIRECTION('',(1.,-4.56335273388287E-15,0.));
#64460=DIRECTION('',(-4.56335273388287E-15,-1.,0.));
#64470=AXIS2_PLACEMENT_3D('',#64440,#64450,#64460);
#64480=PLANE('',#64470);
#64490=CARTESIAN_POINT('',(0.682819,-2.5104714,10.2));
#64500=DIRECTION('',(0.,1.,0.));
#64510=VECTOR('',#64500,1.);
#64520=LINE('',#64490,#64510);
#64530=CARTESIAN_POINT('',(0.682819,-1.330469,10.2));
#64540=VERTEX_POINT('',#64530);
#64550=CARTESIAN_POINT('',(0.682818999999993,-0.780469000000037,10.2));
#64560=VERTEX_POINT('',#64550);
#64570=EDGE_CURVE('',#64540,#64560,#64520,.T.);
#64580=ORIENTED_EDGE('',*,*,#64570,.F.);
#64590=CARTESIAN_POINT('',(0.682818999999993,-0.780469000000033,-3.125))
;
#64600=DIRECTION('',(1.39449032029057E-30,3.06151588455602E-16,-1.));
#64610=VECTOR('',#64600,1.);
#64620=LINE('',#64590,#64610);
#64630=CARTESIAN_POINT('',(0.682818999999993,-0.780469000000037,10.4));
#64640=VERTEX_POINT('',#64630);
#64650=EDGE_CURVE('',#64640,#64560,#64620,.T.);
#64660=ORIENTED_EDGE('',*,*,#64650,.T.);
#64670=CARTESIAN_POINT('',(0.682818999999997,0.,10.4));
#64680=DIRECTION('',(4.56335273388287E-15,1.,-3.94430452610506E-31));
#64690=VECTOR('',#64680,1.);
#64700=LINE('',#64670,#64690);
#64710=EDGE_CURVE('',#64640,#63850,#64700,.T.);
#64720=ORIENTED_EDGE('',*,*,#64710,.F.);
#64730=ORIENTED_EDGE('',*,*,#63860,.T.);
#64740=EDGE_CURVE('',#63830,#64230,#64520,.T.);
#64750=ORIENTED_EDGE('',*,*,#64740,.F.);
#64760=ORIENTED_EDGE('',*,*,#64390,.T.);
#64770=CARTESIAN_POINT('',(0.682818999999997,-0.0304690000000006,10.4));
#64780=VERTEX_POINT('',#64770);
#64790=EDGE_CURVE('',#64320,#64780,#64700,.T.);
#64800=ORIENTED_EDGE('',*,*,#64790,.F.);
#64810=CARTESIAN_POINT('',(0.682818999999997,-0.0304690000000006,-3.125)
);
#64820=DIRECTION('',(5.13170824337702E-47,1.1247455413666E-32,1.));
#64830=VECTOR('',#64820,1.);
#64840=LINE('',#64810,#64830);
#64850=CARTESIAN_POINT('',(0.682818999999997,-0.0304690000000006,10.2));
#64860=VERTEX_POINT('',#64850);
#64870=EDGE_CURVE('',#64860,#64780,#64840,.T.);
#64880=ORIENTED_EDGE('',*,*,#64870,.T.);
#64890=CARTESIAN_POINT('',(0.682819,0.669531,10.2));
#64900=VERTEX_POINT('',#64890);
#64910=EDGE_CURVE('',#64860,#64900,#64520,.T.);
#64920=ORIENTED_EDGE('',*,*,#64910,.F.);
#64930=CARTESIAN_POINT('',(0.682819,0.669531,-3.125));
#64940=DIRECTION('',(-5.13170824337702E-47,-1.1247455413666E-32,-1.));
#64950=VECTOR('',#64940,1.);
#64960=LINE('',#64930,#64950);
#64970=CARTESIAN_POINT('',(0.682819,0.669531,10.4));
#64980=VERTEX_POINT('',#64970);
#64990=EDGE_CURVE('',#64980,#64900,#64960,.T.);
#65000=ORIENTED_EDGE('',*,*,#64990,.T.);
#65010=CARTESIAN_POINT('',(0.682819,0.669531,10.2));
#65020=DIRECTION('',(0.,0.,1.));
#65030=VECTOR('',#65020,1.);
#65040=LINE('',#65010,#65030);
#65050=CARTESIAN_POINT('',(0.682819,0.669531,10.41));
#65060=VERTEX_POINT('',#65050);
#65070=EDGE_CURVE('',#64980,#65060,#65040,.T.);
#65080=ORIENTED_EDGE('',*,*,#65070,.F.);
#65090=CARTESIAN_POINT('',(0.682818999999997,-5.27707658441126E-16,10.41
));
#65100=DIRECTION('',(-4.56335273388287E-15,-1.,0.));
#65110=VECTOR('',#65100,1.);
#65120=LINE('',#65090,#65110);
#65130=CARTESIAN_POINT('',(0.682819,-1.330469,10.41));
#65140=VERTEX_POINT('',#65130);
#65150=EDGE_CURVE('',#65060,#65140,#65120,.T.);
#65160=ORIENTED_EDGE('',*,*,#65150,.F.);
#65170=CARTESIAN_POINT('',(0.682819,-1.330469,9.375));
#65180=DIRECTION('',(0.,0.,-1.));
#65190=VECTOR('',#65180,1.);
#65200=LINE('',#65170,#65190);
#65210=EDGE_CURVE('',#65140,#64540,#65200,.T.);
#65220=ORIENTED_EDGE('',*,*,#65210,.F.);
#65230=EDGE_LOOP('',(#65220,#65160,#65080,#65000,#64920,#64880,#64800,
#64760,#64750,#64730,#64720,#64660,#64580));
#65240=FACE_OUTER_BOUND('',#65230,.T.);
#65250=ADVANCED_FACE('',(#65240),#64480,.F.);
#65260=CARTESIAN_POINT('',(-2.217181,1.469531,10.4));
#65270=DIRECTION('',(-6.12303176911189E-17,-3.74915180455534E-33,-1.));
#65280=DIRECTION('',(1.83690953073357E-16,1.,-1.49966072182214E-32));
#65290=AXIS2_PLACEMENT_3D('',#65260,#65270,#65280);
#65300=PLANE('',#65290);
#65310=CARTESIAN_POINT('',(6.96775344356957E-16,-1.02997062820733,10.4))
;
#65320=DIRECTION('',(-1.,1.83690953073357E-16,6.12303176911189E-17));
#65330=VECTOR('',#65320,1.);
#65340=LINE('',#65310,#65330);
#65350=CARTESIAN_POINT('',(-1.417181,-1.02997062820733,10.4));
#65360=VERTEX_POINT('',#65350);
#65370=CARTESIAN_POINT('',(-1.5173305115378,-1.02997062820733,10.4));
#65380=VERTEX_POINT('',#65370);
#65390=EDGE_CURVE('',#65360,#65380,#65340,.T.);
#65400=ORIENTED_EDGE('',*,*,#65390,.F.);
#65410=CARTESIAN_POINT('',(-1.50322021945629,-0.830469,10.4));
#65420=DIRECTION('',(6.12303176911188E-17,0.,1.));
#65430=DIRECTION('',(1.,-1.83690953073357E-16,-6.12303176911189E-17));
#65440=AXIS2_PLACEMENT_3D('',#65410,#65420,#65430);
#65450=CIRCLE('',#65440,0.2);
#65460=CARTESIAN_POINT('',(-1.69933635459447,-0.869692227027637,10.4));
#65470=VERTEX_POINT('',#65460);
#65480=EDGE_CURVE('',#65470,#65380,#65450,.T.);
#65490=ORIENTED_EDGE('',*,*,#65480,.T.);
#65500=CARTESIAN_POINT('',(-1.8732748,3.44103633380301E-16,10.4));
#65510=DIRECTION('',(-0.196116135138183,0.98058067569092,
1.20082532588653E-17));
#65520=VECTOR('',#65510,1.);
#65530=LINE('',#65500,#65520);
#65540=CARTESIAN_POINT('',(-1.717181,-0.780469000000005,10.4));
#65550=VERTEX_POINT('',#65540);
#65560=EDGE_CURVE('',#65470,#65550,#65530,.T.);
#65570=ORIENTED_EDGE('',*,*,#65560,.F.);
#65580=CARTESIAN_POINT('',(-1.717181,0.,10.4));
#65590=DIRECTION('',(1.26531814539921E-15,-1.,-9.86076131526265E-32));
#65600=VECTOR('',#65590,1.);
#65610=LINE('',#65580,#65600);
#65620=EDGE_CURVE('',#55820,#65550,#65610,.T.);
#65630=ORIENTED_EDGE('',*,*,#65620,.T.);
#65640=ORIENTED_EDGE('',*,*,#55830,.F.);
#65650=CARTESIAN_POINT('',(-1.8263217,3.35478773691553E-16,10.4));
#65660=DIRECTION('',(-0.287347885566345,0.957826285221152,
1.75944023210986E-17));
#65670=VECTOR('',#65660,1.);
#65680=LINE('',#65650,#65670);
#65690=CARTESIAN_POINT('',(-1.717181,-0.363802333333335,10.4));
#65700=VERTEX_POINT('',#65690);
#65710=EDGE_CURVE('',#55740,#65700,#65680,.T.);
#65720=ORIENTED_EDGE('',*,*,#65710,.F.);
#65730=EDGE_CURVE('',#40090,#65700,#65610,.T.);
#65740=ORIENTED_EDGE('',*,*,#65730,.T.);
#65750=ORIENTED_EDGE('',*,*,#40100,.F.);
#65760=CARTESIAN_POINT('',(-1.667181,3.06246066835792E-16,10.4));
#65770=DIRECTION('',(1.83690953073357E-16,1.,-1.49966072182214E-32));
#65780=VECTOR('',#65770,1.);
#65790=LINE('',#65760,#65780);
#65800=EDGE_CURVE('',#40010,#63450,#65790,.T.);
#65810=ORIENTED_EDGE('',*,*,#65800,.F.);
#65820=ORIENTED_EDGE('',*,*,#63460,.T.);
#65830=CARTESIAN_POINT('',(0.,0.669531,10.4));
#65840=DIRECTION('',(1.,-1.22460635382238E-16,-6.12303176911189E-17));
#65850=VECTOR('',#65840,1.);
#65860=LINE('',#65830,#65850);
#65870=CARTESIAN_POINT('',(-1.817181,0.669531,10.4));
#65880=VERTEX_POINT('',#65870);
#65890=EDGE_CURVE('',#65880,#63430,#65860,.T.);
#65900=ORIENTED_EDGE('',*,*,#65890,.T.);
#65910=CARTESIAN_POINT('',(-1.817181,2.2253313986453E-16,10.4));
#65920=DIRECTION('',(-1.83690953073357E-16,-1.,8.83363139618221E-33));
#65930=VECTOR('',#65920,1.);
#65940=LINE('',#65910,#65930);
#65950=CARTESIAN_POINT('',(-1.817181,1.469531,10.4));
#65960=VERTEX_POINT('',#65950);
#65970=EDGE_CURVE('',#65960,#65880,#65940,.T.);
#65980=ORIENTED_EDGE('',*,*,#65970,.T.);
#65990=CARTESIAN_POINT('',(9.33861035864405E-16,1.469531,10.4));
#66000=DIRECTION('',(1.,-1.83690953073357E-16,-6.12303176911189E-17));
#66010=VECTOR('',#66000,1.);
#66020=LINE('',#65990,#66010);
#66030=CARTESIAN_POINT('',(0.782819000000001,1.469531,10.4));
#66040=VERTEX_POINT('',#66030);
#66050=EDGE_CURVE('',#65960,#66040,#66020,.T.);
#66060=ORIENTED_EDGE('',*,*,#66050,.F.);
#66070=CARTESIAN_POINT('',(0.782819000000001,-9.58645121292881E-17,10.4)
);
#66080=DIRECTION('',(1.83690953073357E-16,1.,-8.83363139618221E-33));
#66090=VECTOR('',#66080,1.);
#66100=LINE('',#66070,#66090);
#66110=CARTESIAN_POINT('',(0.782819000000001,0.669531,10.4));
#66120=VERTEX_POINT('',#66110);
#66130=EDGE_CURVE('',#66120,#66040,#66100,.T.);
#66140=ORIENTED_EDGE('',*,*,#66130,.T.);
#66150=CARTESIAN_POINT('',(0.,0.669531,10.4));
#66160=DIRECTION('',(1.,4.3265087693034E-16,-6.12303176911189E-17));
#66170=VECTOR('',#66160,1.);
#66180=LINE('',#66150,#66170);
#66190=EDGE_CURVE('',#64980,#66120,#66180,.T.);
#66200=ORIENTED_EDGE('',*,*,#66190,.T.);
#66210=CARTESIAN_POINT('',(8.35892527558615E-16,0.669531,10.4));
#66220=DIRECTION('',(1.,-1.83690953073357E-16,-6.12303176911189E-17));
#66230=VECTOR('',#66220,1.);
#66240=LINE('',#66210,#66230);
#66250=CARTESIAN_POINT('',(0.632819000000001,0.669531,10.4));
#66260=VERTEX_POINT('',#66250);
#66270=EDGE_CURVE('',#66260,#64980,#66240,.T.);
#66280=ORIENTED_EDGE('',*,*,#66270,.T.);
#66290=CARTESIAN_POINT('',(0.632819000000001,-1.16243125232929E-16,10.4)
);
#66300=DIRECTION('',(-1.83690953073357E-16,-1.,1.49966072182214E-32));
#66310=VECTOR('',#66300,1.);
#66320=LINE('',#66290,#66310);
#66330=CARTESIAN_POINT('',(0.632819000000001,-0.0304690000000006,10.4));
#66340=VERTEX_POINT('',#66330);
#66350=EDGE_CURVE('',#66260,#66340,#66320,.T.);
#66360=ORIENTED_EDGE('',*,*,#66350,.F.);
#66370=CARTESIAN_POINT('',(8.80374751040732E-16,-0.0304690000000005,10.4
));
#66380=DIRECTION('',(1.,-1.83690953073357E-16,-6.12303176911189E-17));
#66390=VECTOR('',#66380,1.);
#66400=LINE('',#66370,#66390);
#66410=EDGE_CURVE('',#66340,#64780,#66400,.T.);
#66420=ORIENTED_EDGE('',*,*,#66410,.F.);
#66430=ORIENTED_EDGE('',*,*,#64790,.T.);
#66440=ORIENTED_EDGE('',*,*,#64330,.F.);
#66450=ORIENTED_EDGE('',*,*,#63940,.F.);
#66460=ORIENTED_EDGE('',*,*,#64710,.T.);
#66470=CARTESIAN_POINT('',(0.8389128,-1.54100691777438E-16,10.4));
#66480=DIRECTION('',(-0.196116135138184,-0.98058067569092,
1.20082532588654E-17));
#66490=VECTOR('',#66480,1.);
#66500=LINE('',#66470,#66490);
#66510=CARTESIAN_POINT('',(0.664974354594473,-0.869692227027637,10.4));
#66520=VERTEX_POINT('',#66510);
#66530=EDGE_CURVE('',#64640,#66520,#66500,.T.);
#66540=ORIENTED_EDGE('',*,*,#66530,.F.);
#66550=CARTESIAN_POINT('',(0.468858219456289,-0.830469000000001,10.4));
#66560=DIRECTION('',(-6.12303176911188E-17,0.,-1.));
#66570=DIRECTION('',(-1.,1.83690953073357E-16,6.12303176911189E-17));
#66580=AXIS2_PLACEMENT_3D('',#66550,#66560,#66570);
#66590=CIRCLE('',#66580,0.2);
#66600=CARTESIAN_POINT('',(0.482968511537803,-1.02997062820733,10.4));
#66610=VERTEX_POINT('',#66600);
#66620=EDGE_CURVE('',#66520,#66610,#66590,.T.);
#66630=ORIENTED_EDGE('',*,*,#66620,.F.);
#66640=CARTESIAN_POINT('',(6.96775344356957E-16,-1.02997062820733,10.4))
;
#66650=DIRECTION('',(-1.,1.83690953073357E-16,6.12303176911189E-17));
#66660=VECTOR('',#66650,1.);
#66670=LINE('',#66640,#66660);
#66680=CARTESIAN_POINT('',(0.382819000000001,-1.02997062820733,10.4));
#66690=VERTEX_POINT('',#66680);
#66700=EDGE_CURVE('',#66610,#66690,#66670,.T.);
#66710=ORIENTED_EDGE('',*,*,#66700,.F.);
#66720=CARTESIAN_POINT('',(0.382819000000001,-7.03203869645894E-17,10.4)
);
#66730=DIRECTION('',(-1.83690953073357E-16,-1.,1.49966072182214E-32));
#66740=VECTOR('',#66730,1.);
#66750=LINE('',#66720,#66740);
#66760=CARTESIAN_POINT('',(0.382819000000001,-1.630469,10.4));
#66770=VERTEX_POINT('',#66760);
#66780=EDGE_CURVE('',#66690,#66770,#66750,.T.);
#66790=ORIENTED_EDGE('',*,*,#66780,.F.);
#66800=CARTESIAN_POINT('',(-2.217181,-1.630469,10.4));
#66810=DIRECTION('',(1.,-1.83690953073357E-16,-6.12303176911189E-17));
#66820=VECTOR('',#66810,1.);
#66830=LINE('',#66800,#66820);
#66840=CARTESIAN_POINT('',(-1.417181,-1.630469,10.4));
#66850=VERTEX_POINT('',#66840);
#66860=EDGE_CURVE('',#66850,#66770,#66830,.T.);
#66870=ORIENTED_EDGE('',*,*,#66860,.T.);
#66880=CARTESIAN_POINT('',(-1.417181,2.60323328567452E-16,10.4));
#66890=DIRECTION('',(1.83690953073357E-16,1.,-1.49966072182214E-32));
#66900=VECTOR('',#66890,1.);
#66910=LINE('',#66880,#66900);
#66920=EDGE_CURVE('',#66850,#65360,#66910,.T.);
#66930=ORIENTED_EDGE('',*,*,#66920,.F.);
#66940=EDGE_LOOP('',(#66930,#66870,#66790,#66710,#66630,#66540,#66460,
#66450,#66440,#66430,#66420,#66360,#66280,#66200,#66140,#66060,#65980,
#65900,#65820,#65810,#65750,#65740,#65720,#65640,#65630,#65570,#65490,
#65400));
#66950=FACE_OUTER_BOUND('',#66940,.T.);
#66960=ADVANCED_FACE('',(#66950),#65300,.F.);
#66970=CARTESIAN_POINT('',(-0.267180999999999,-2.030469,11.7));
#66980=DIRECTION('',(-1.,1.83690953073357E-16,6.12303176911189E-17));
#66990=DIRECTION('',(-1.83690953073357E-16,-1.,1.49966072182214E-32));
#67000=AXIS2_PLACEMENT_3D('',#66970,#66980,#66990);
#67010=PLANE('',#67000);
#67020=CARTESIAN_POINT('',(-0.267180999999999,-2.030469,10.9));
#67030=DIRECTION('',(1.83690953073357E-16,1.,-1.49966072182214E-32));
#67040=VECTOR('',#67030,1.);
#67050=LINE('',#67020,#67040);
#67060=CARTESIAN_POINT('',(-0.267180999999999,-2.030469,10.9));
#67070=VERTEX_POINT('',#67060);
#67080=CARTESIAN_POINT('',(-0.267180999999999,-1.830469,10.9));
#67090=VERTEX_POINT('',#67080);
#67100=EDGE_CURVE('',#67070,#67090,#67050,.T.);
#67110=ORIENTED_EDGE('',*,*,#67100,.F.);
#67120=CARTESIAN_POINT('',(-0.267180999999999,-1.830469,16.6366241061569
));
#67130=DIRECTION('',(-6.12303176911189E-17,2.73691106313441E-48,-1.));
#67140=VECTOR('',#67130,1.);
#67150=LINE('',#67120,#67140);
#67160=CARTESIAN_POINT('',(-0.267180999999999,-1.830469,11.3));
#67170=VERTEX_POINT('',#67160);
#67180=EDGE_CURVE('',#67170,#67090,#67150,.T.);
#67190=ORIENTED_EDGE('',*,*,#67180,.T.);
#67200=CARTESIAN_POINT('',(-0.267180999999999,-1.630469,11.3));
#67210=DIRECTION('',(1.,-1.83690953073357E-16,-6.12303176911189E-17));
#67220=DIRECTION('',(-1.83690953073357E-16,-1.,1.49966072182214E-32));
#67230=AXIS2_PLACEMENT_3D('',#67200,#67210,#67220);
#67240=CIRCLE('',#67230,0.2);
#67250=CARTESIAN_POINT('',(-0.267180999999999,-1.630469,11.5));
#67260=VERTEX_POINT('',#67250);
#67270=EDGE_CURVE('',#67260,#67170,#67240,.T.);
#67280=ORIENTED_EDGE('',*,*,#67270,.T.);
#67290=CARTESIAN_POINT('',(-0.267180999999999,-1.630469,11.3));
#67300=DIRECTION('',(-6.12303176911189E-17,2.73691106313441E-48,-1.));
#67310=VECTOR('',#67300,1.);
#67320=LINE('',#67290,#67310);
#67330=CARTESIAN_POINT('',(-0.267180999999999,-1.630469,11.7));
#67340=VERTEX_POINT('',#67330);
#67350=EDGE_CURVE('',#67340,#67260,#67320,.T.);
#67360=ORIENTED_EDGE('',*,*,#67350,.T.);
#67370=CARTESIAN_POINT('',(-0.267180999999999,-1.630469,11.3));
#67380=DIRECTION('',(1.,-1.83690953073357E-16,-6.12303176911189E-17));
#67390=DIRECTION('',(-1.83690953073357E-16,-1.,1.49966072182214E-32));
#67400=AXIS2_PLACEMENT_3D('',#67370,#67380,#67390);
#67410=CIRCLE('',#67400,0.4);
#67420=CARTESIAN_POINT('',(-0.267180999999999,-2.030469,11.3));
#67430=VERTEX_POINT('',#67420);
#67440=EDGE_CURVE('',#67340,#67430,#67410,.T.);
#67450=ORIENTED_EDGE('',*,*,#67440,.F.);
#67460=CARTESIAN_POINT('',(-0.267180999999999,-2.030469,16.6366241061569
));
#67470=DIRECTION('',(6.12303176911189E-17,-2.73691106313441E-48,1.));
#67480=VECTOR('',#67470,1.);
#67490=LINE('',#67460,#67480);
#67500=EDGE_CURVE('',#67070,#67430,#67490,.T.);
#67510=ORIENTED_EDGE('',*,*,#67500,.T.);
#67520=EDGE_LOOP('',(#67510,#67450,#67360,#67280,#67190,#67110));
#67530=FACE_OUTER_BOUND('',#67520,.T.);
#67540=ADVANCED_FACE('',(#67530),#67010,.T.);
#67550=CARTESIAN_POINT('',(-1.417181,-1.330469,11.8500024));
#67560=DIRECTION('',(-1.,1.83690953073357E-16,6.12303176911188E-17));
#67570=DIRECTION('',(-1.83690953073357E-16,-1.,1.49966072182214E-32));
#67580=AXIS2_PLACEMENT_3D('',#67550,#67560,#67570);
#67590=PLANE('',#67580);
#67600=CARTESIAN_POINT('',(-1.417181,-2.030469,16.6366241061569));
#67610=DIRECTION('',(6.12303176911188E-17,0.,1.));
#67620=VECTOR('',#67610,1.);
#67630=LINE('',#67600,#67620);
#67640=CARTESIAN_POINT('',(-1.417181,-2.030469,10.6));
#67650=VERTEX_POINT('',#67640);
#67660=CARTESIAN_POINT('',(-1.417181,-2.030469,11.3));
#67670=VERTEX_POINT('',#67660);
#67680=EDGE_CURVE('',#67650,#67670,#67630,.T.);
#67690=ORIENTED_EDGE('',*,*,#67680,.T.);
#67700=CARTESIAN_POINT('',(-1.417181,-1.630469,10.6));
#67710=DIRECTION('',(1.,-1.83690953073357E-16,-6.12303176911189E-17));
#67720=DIRECTION('',(-1.83690953073357E-16,-1.,1.49966072182214E-32));
#67730=AXIS2_PLACEMENT_3D('',#67700,#67710,#67720);
#67740=CIRCLE('',#67730,0.4);
#67750=CARTESIAN_POINT('',(-1.417181,-1.630469,10.2));
#67760=VERTEX_POINT('',#67750);
#67770=EDGE_CURVE('',#67650,#67760,#67740,.T.);
#67780=ORIENTED_EDGE('',*,*,#67770,.F.);
#67790=CARTESIAN_POINT('',(-1.417181,2.60323328567452E-16,10.2));
#67800=DIRECTION('',(-1.83690953073357E-16,-1.,1.49966072182214E-32));
#67810=VECTOR('',#67800,1.);
#67820=LINE('',#67790,#67810);
#67830=CARTESIAN_POINT('',(-1.417181,-1.530469,10.2));
#67840=VERTEX_POINT('',#67830);
#67850=EDGE_CURVE('',#67840,#67760,#67820,.T.);
#67860=ORIENTED_EDGE('',*,*,#67850,.T.);
#67870=CARTESIAN_POINT('',(-1.417181,0.,10.2));
#67880=DIRECTION('',(1.83690953073357E-16,1.,0.));
#67890=VECTOR('',#67880,1.);
#67900=LINE('',#67870,#67890);
#67910=CARTESIAN_POINT('',(-1.417181,-1.02997062820733,10.2));
#67920=VERTEX_POINT('',#67910);
#67930=EDGE_CURVE('',#67840,#67920,#67900,.T.);
#67940=ORIENTED_EDGE('',*,*,#67930,.F.);
#67950=CARTESIAN_POINT('',(-1.417181,-1.02997062820733,11.8500024));
#67960=DIRECTION('',(-6.12303176911188E-17,0.,-1.));
#67970=VECTOR('',#67960,1.);
#67980=LINE('',#67950,#67970);
#67990=EDGE_CURVE('',#65360,#67920,#67980,.T.);
#68000=ORIENTED_EDGE('',*,*,#67990,.T.);
#68010=ORIENTED_EDGE('',*,*,#66920,.T.);
#68020=CARTESIAN_POINT('',(-1.417181,-1.630469,10.6));
#68030=DIRECTION('',(1.,-1.83690953073357E-16,-6.12303176911189E-17));
#68040=DIRECTION('',(-1.83690953073357E-16,-1.,1.49966072182214E-32));
#68050=AXIS2_PLACEMENT_3D('',#68020,#68030,#68040);
#68060=CIRCLE('',#68050,0.2);
#68070=CARTESIAN_POINT('',(-1.417181,-1.830469,10.6));
#68080=VERTEX_POINT('',#68070);
#68090=EDGE_CURVE('',#68080,#66850,#68060,.T.);
#68100=ORIENTED_EDGE('',*,*,#68090,.T.);
#68110=CARTESIAN_POINT('',(-1.417181,-1.830469,16.6366241061569));
#68120=DIRECTION('',(-6.12303176911188E-17,0.,-1.));
#68130=VECTOR('',#68120,1.);
#68140=LINE('',#68110,#68130);
#68150=CARTESIAN_POINT('',(-1.417181,-1.830469,11.3));
#68160=VERTEX_POINT('',#68150);
#68170=EDGE_CURVE('',#68160,#68080,#68140,.T.);
#68180=ORIENTED_EDGE('',*,*,#68170,.T.);
#68190=CARTESIAN_POINT('',(-1.417181,-1.630469,11.3));
#68200=DIRECTION('',(1.,-1.83690953073357E-16,-6.12303176911189E-17));
#68210=DIRECTION('',(-1.83690953073357E-16,-1.,1.49966072182214E-32));
#68220=AXIS2_PLACEMENT_3D('',#68190,#68200,#68210);
#68230=CIRCLE('',#68220,0.2);
#68240=CARTESIAN_POINT('',(-1.417181,-1.630469,11.5));
#68250=VERTEX_POINT('',#68240);
#68260=EDGE_CURVE('',#68250,#68160,#68230,.T.);
#68270=ORIENTED_EDGE('',*,*,#68260,.T.);
#68280=CARTESIAN_POINT('',(-1.417181,2.60323328567452E-16,11.5));
#68290=DIRECTION('',(-1.83690953073357E-16,-1.,1.49966072182214E-32));
#68300=VECTOR('',#68290,1.);
#68310=LINE('',#68280,#68300);
#68320=CARTESIAN_POINT('',(-1.417181,-0.930468999999999,11.5));
#68330=VERTEX_POINT('',#68320);
#68340=EDGE_CURVE('',#68330,#68250,#68310,.T.);
#68350=ORIENTED_EDGE('',*,*,#68340,.T.);
#68360=CARTESIAN_POINT('',(-1.417181,-0.930468999999999,16.6366241061569
));
#68370=DIRECTION('',(-6.12303176911188E-17,0.,-1.));
#68380=VECTOR('',#68370,1.);
#68390=LINE('',#68360,#68380);
#68400=CARTESIAN_POINT('',(-1.417181,-0.930468999999999,11.7));
#68410=VERTEX_POINT('',#68400);
#68420=EDGE_CURVE('',#68410,#68330,#68390,.T.);
#68430=ORIENTED_EDGE('',*,*,#68420,.T.);
#68440=CARTESIAN_POINT('',(-1.417181,2.60323328567452E-16,11.7));
#68450=DIRECTION('',(1.83690953073357E-16,1.,-1.49966072182214E-32));
#68460=VECTOR('',#68450,1.);
#68470=LINE('',#68440,#68460);
#68480=CARTESIAN_POINT('',(-1.417181,-1.630469,11.7));
#68490=VERTEX_POINT('',#68480);
#68500=EDGE_CURVE('',#68490,#68410,#68470,.T.);
#68510=ORIENTED_EDGE('',*,*,#68500,.T.);
#68520=CARTESIAN_POINT('',(-1.417181,-1.630469,11.3));
#68530=DIRECTION('',(1.,-1.83690953073357E-16,-6.12303176911189E-17));
#68540=DIRECTION('',(-1.83690953073357E-16,-1.,1.49966072182214E-32));
#68550=AXIS2_PLACEMENT_3D('',#68520,#68530,#68540);
#68560=CIRCLE('',#68550,0.4);
#68570=EDGE_CURVE('',#68490,#67670,#68560,.T.);
#68580=ORIENTED_EDGE('',*,*,#68570,.F.);
#68590=EDGE_LOOP('',(#68580,#68510,#68430,#68350,#68270,#68180,#68100,
#68010,#68000,#67940,#67860,#67780,#67690));
#68600=FACE_OUTER_BOUND('',#68590,.T.);
#68610=ADVANCED_FACE('',(#68600),#67590,.T.);
#68620=CARTESIAN_POINT('',(-2.217181,-1.630469,10.6));
#68630=DIRECTION('',(-1.,1.83690953073357E-16,6.12303176911189E-17));
#68640=DIRECTION('',(-1.83690953073357E-16,-1.,1.49966072182214E-32));
#68650=AXIS2_PLACEMENT_3D('',#68620,#68630,#68640);
#68660=CYLINDRICAL_SURFACE('',#68650,0.4);
#68670=CARTESIAN_POINT('',(-2.217181,-2.030469,10.6));
#68680=DIRECTION('',(-1.,1.83690953073357E-16,6.12303176911189E-17));
#68690=VECTOR('',#68680,1.);
#68700=LINE('',#68670,#68690);
#68710=CARTESIAN_POINT('',(0.382819,-2.030469,10.6));
#68720=VERTEX_POINT('',#68710);
#68730=EDGE_CURVE('',#68720,#67650,#68700,.T.);
#68740=ORIENTED_EDGE('',*,*,#68730,.T.);
#68750=CARTESIAN_POINT('',(0.382819000000001,-1.630469,10.6));
#68760=DIRECTION('',(1.,-1.83690953073357E-16,-6.12303176911189E-17));
#68770=DIRECTION('',(-1.83690953073357E-16,-1.,1.49966072182214E-32));
#68780=AXIS2_PLACEMENT_3D('',#68750,#68760,#68770);
#68790=CIRCLE('',#68780,0.4);
#68800=CARTESIAN_POINT('',(0.382819,-1.630469,10.2));
#68810=VERTEX_POINT('',#68800);
#68820=EDGE_CURVE('',#68720,#68810,#68790,.T.);
#68830=ORIENTED_EDGE('',*,*,#68820,.F.);
#68840=CARTESIAN_POINT('',(-2.217181,-1.630469,10.2));
#68850=DIRECTION('',(-1.,1.83690953073357E-16,3.06151588455594E-17));
#68860=VECTOR('',#68850,1.);
#68870=LINE('',#68840,#68860);
#68880=CARTESIAN_POINT('',(-1.017181,-1.630469,10.2));
#68890=VERTEX_POINT('',#68880);
#68900=EDGE_CURVE('',#68810,#68890,#68870,.T.);
#68910=ORIENTED_EDGE('',*,*,#68900,.F.);
#68920=CARTESIAN_POINT('',(-2.217181,-1.630469,10.2));
#68930=DIRECTION('',(1.,-1.83690953073357E-16,-6.12303176911189E-17));
#68940=VECTOR('',#68930,1.);
#68950=LINE('',#68920,#68940);
#68960=EDGE_CURVE('',#67760,#68890,#68950,.T.);
#68970=ORIENTED_EDGE('',*,*,#68960,.T.);
#68980=ORIENTED_EDGE('',*,*,#67770,.T.);
#68990=EDGE_LOOP('',(#68980,#68970,#68910,#68830,#68740));
#69000=FACE_OUTER_BOUND('',#68990,.T.);
#69010=ADVANCED_FACE('',(#69000),#68660,.T.);
#69020=CARTESIAN_POINT('',(0.982819000000001,1.469531,10.2));
#69030=DIRECTION('',(6.12303176911189E-17,3.74915180455534E-33,1.));
#69040=DIRECTION('',(-1.,1.83690953073357E-16,6.12303176911189E-17));
#69050=AXIS2_PLACEMENT_3D('',#69020,#69030,#69040);
#69060=PLANE('',#69050);
#69070=ORIENTED_EDGE('',*,*,#67850,.F.);
#69080=ORIENTED_EDGE('',*,*,#68960,.F.);
#69090=CARTESIAN_POINT('',(-1.017181,0.,10.2));
#69100=DIRECTION('',(0.,-1.,3.74915180455534E-33));
#69110=VECTOR('',#69100,1.);
#69120=LINE('',#69090,#69110);
#69130=CARTESIAN_POINT('',(-1.017181,-1.530469,10.2));
#69140=VERTEX_POINT('',#69130);
#69150=EDGE_CURVE('',#69140,#68890,#69120,.T.);
#69160=ORIENTED_EDGE('',*,*,#69150,.T.);
#69170=CARTESIAN_POINT('',(0.,-1.530469,10.2));
#69180=DIRECTION('',(-1.,-1.22460635382238E-16,6.12303176911189E-17));
#69190=VECTOR('',#69180,1.);
#69200=LINE('',#69170,#69190);
#69210=EDGE_CURVE('',#69140,#67840,#69200,.T.);
#69220=ORIENTED_EDGE('',*,*,#69210,.F.);
#69230=EDGE_LOOP('',(#69220,#69160,#69080,#69070));
#69240=FACE_OUTER_BOUND('',#69230,.T.);
#69250=ADVANCED_FACE('',(#69240),#69060,.F.);
#69260=CARTESIAN_POINT('',(-1.017181,-2.030469,9.375));
#69270=DIRECTION('',(1.,0.,0.));
#69280=DIRECTION('',(0.,1.,0.));
#69290=AXIS2_PLACEMENT_3D('',#69260,#69270,#69280);
#69300=PLANE('',#69290);
#69310=CARTESIAN_POINT('',(-1.017181,-2.03046900000003,11.25));
#69320=DIRECTION('',(7.35079311524021E-31,-1.33226762955017E-14,1.));
#69330=VECTOR('',#69320,1.);
#69340=LINE('',#69310,#69330);
#69350=CARTESIAN_POINT('',(-1.017181,-2.030469,8.926));
#69360=VERTEX_POINT('',#69350);
#69370=CARTESIAN_POINT('',(-1.017181,-2.030469,10.2));
#69380=VERTEX_POINT('',#69370);
#69390=EDGE_CURVE('',#69360,#69380,#69340,.T.);
#69400=ORIENTED_EDGE('',*,*,#69390,.T.);
#69410=CARTESIAN_POINT('',(-1.017181,-4.44089209850063E-16,8.926));
#69420=DIRECTION('',(0.,1.,0.));
#69430=VECTOR('',#69420,1.);
#69440=LINE('',#69410,#69430);
#69450=CARTESIAN_POINT('',(-1.017181,-1.530469,8.92600000000001));
#69460=VERTEX_POINT('',#69450);
#69470=EDGE_CURVE('',#69360,#69460,#69440,.T.);
#69480=ORIENTED_EDGE('',*,*,#69470,.F.);
#69490=CARTESIAN_POINT('',(-1.017181,-1.530469,9.7));
#69500=DIRECTION('',(0.,0.,1.));
#69510=VECTOR('',#69500,1.);
#69520=LINE('',#69490,#69510);
#69530=EDGE_CURVE('',#69460,#69140,#69520,.T.);
#69540=ORIENTED_EDGE('',*,*,#69530,.F.);
#69550=ORIENTED_EDGE('',*,*,#69150,.F.);
#69560=CARTESIAN_POINT('',(-1.017181,-4.44089209850063E-16,10.2));
#69570=DIRECTION('',(0.,-1.,0.));
#69580=VECTOR('',#69570,1.);
#69590=LINE('',#69560,#69580);
#69600=EDGE_CURVE('',#68890,#69380,#69590,.T.);
#69610=ORIENTED_EDGE('',*,*,#69600,.F.);
#69620=EDGE_LOOP('',(#69610,#69550,#69540,#69480,#69400));
#69630=FACE_OUTER_BOUND('',#69620,.T.);
#69640=ADVANCED_FACE('',(#69630),#69300,.F.);
#69650=CARTESIAN_POINT('',(1.182819,-2.030469,8.926));
#69660=DIRECTION('',(0.,1.,1.33226762955017E-14));
#69670=DIRECTION('',(0.,1.33226762955017E-14,-1.));
#69680=AXIS2_PLACEMENT_3D('',#69650,#69660,#69670);
#69690=PLANE('',#69680);
#69700=CARTESIAN_POINT('',(0.782818999999999,-2.030469,9.8));
#69710=DIRECTION('',(0.,1.,0.));
#69720=DIRECTION('',(1.,0.,0.));
#69730=AXIS2_PLACEMENT_3D('',#69700,#69710,#69720);
#69740=CIRCLE('',#69730,0.4);
#69750=CARTESIAN_POINT('',(0.382818999999999,-2.030469,9.8));
#69760=VERTEX_POINT('',#69750);
#69770=EDGE_CURVE('',#13010,#69760,#69740,.T.);
#69780=ORIENTED_EDGE('',*,*,#69770,.T.);
#69790=ORIENTED_EDGE('',*,*,#13020,.T.);
#69800=CARTESIAN_POINT('',(1.182819,-2.030469,8.926));
#69810=DIRECTION('',(-1.,0.,0.));
#69820=VECTOR('',#69810,1.);
#69830=LINE('',#69800,#69820);
#69840=EDGE_CURVE('',#12930,#69360,#69830,.T.);
#69850=ORIENTED_EDGE('',*,*,#69840,.F.);
#69860=ORIENTED_EDGE('',*,*,#69390,.F.);
#69870=CARTESIAN_POINT('',(-1.66533453693773E-16,-2.030469,10.2));
#69880=DIRECTION('',(-1.,0.,0.));
#69890=VECTOR('',#69880,1.);
#69900=LINE('',#69870,#69890);
#69910=CARTESIAN_POINT('',(0.782818999999999,-2.030469,10.2));
#69920=VERTEX_POINT('',#69910);
#69930=EDGE_CURVE('',#69920,#69380,#69900,.T.);
#69940=ORIENTED_EDGE('',*,*,#69930,.T.);
#69950=EDGE_CURVE('',#69760,#69920,#69740,.T.);
#69960=ORIENTED_EDGE('',*,*,#69950,.T.);
#69970=EDGE_LOOP('',(#69960,#69940,#69860,#69850,#69790,#69780));
#69980=FACE_OUTER_BOUND('',#69970,.T.);
#69990=ADVANCED_FACE('',(#69980),#69690,.F.);
#70000=CARTESIAN_POINT('',(0.782818999999999,-2.030469,9.8));
#70010=DIRECTION('',(0.,-1.,0.));
#70020=DIRECTION('',(1.,0.,0.));
#70030=AXIS2_PLACEMENT_3D('',#70000,#70010,#70020);
#70040=CYLINDRICAL_SURFACE('',#70030,0.4);
#70050=CARTESIAN_POINT('',(0.382818999999999,-2.030469,9.8));
#70060=DIRECTION('',(0.,-1.,0.));
#70070=VECTOR('',#70060,1.);
#70080=LINE('',#70050,#70070);
#70090=CARTESIAN_POINT('',(0.382818999999999,-2.530469,9.8));
#70100=VERTEX_POINT('',#70090);
#70110=EDGE_CURVE('',#69760,#70100,#70080,.T.);
#70120=ORIENTED_EDGE('',*,*,#70110,.T.);
#70130=ORIENTED_EDGE('',*,*,#69950,.F.);
#70140=EDGE_CURVE('',#69920,#13010,#69740,.T.);
#70150=ORIENTED_EDGE('',*,*,#70140,.F.);
#70160=CARTESIAN_POINT('',(1.182819,-2.030469,9.8));
#70170=DIRECTION('',(0.,-1.,0.));
#70180=VECTOR('',#70170,1.);
#70190=LINE('',#70160,#70180);
#70200=CARTESIAN_POINT('',(1.182819,-2.530469,9.8));
#70210=VERTEX_POINT('',#70200);
#70220=EDGE_CURVE('',#13010,#70210,#70190,.T.);
#70230=ORIENTED_EDGE('',*,*,#70220,.F.);
#70240=CARTESIAN_POINT('',(0.782819,-2.530469,9.8));
#70250=DIRECTION('',(-6.12303176911189E-17,-1.,0.));
#70260=DIRECTION('',(1.,-1.22460635382238E-16,0.));
#70270=AXIS2_PLACEMENT_3D('',#70240,#70250,#70260);
#70280=CIRCLE('',#70270,0.4);
#70290=EDGE_CURVE('',#70210,#70100,#70280,.T.);
#70300=ORIENTED_EDGE('',*,*,#70290,.F.);
#70310=EDGE_LOOP('',(#70300,#70230,#70150,#70130,#70120));
#70320=FACE_OUTER_BOUND('',#70310,.T.);
#70330=ADVANCED_FACE('',(#70320),#70040,.T.);
#70340=CARTESIAN_POINT('',(0.782819,-2.830469,9.8));
#70350=DIRECTION('',(0.,1.,0.));
#70360=DIRECTION('',(1.,-1.22460635382238E-16,0.));
#70370=AXIS2_PLACEMENT_3D('',#70340,#70350,#70360);
#70380=CONICAL_SURFACE('',#70370,0.2,0.588002603547568);
#70390=CARTESIAN_POINT('',(0.982819,-2.830469,9.8));
#70400=DIRECTION('',(0.55470019622523,0.832050294337843,0.));
#70410=VECTOR('',#70400,1.);
#70420=LINE('',#70390,#70410);
#70430=CARTESIAN_POINT('',(0.982819,-2.830469,9.8));
#70440=VERTEX_POINT('',#70430);
#70450=EDGE_CURVE('',#70440,#70210,#70420,.T.);
#70460=ORIENTED_EDGE('',*,*,#70450,.F.);
#70470=EDGE_CURVE('',#70100,#70210,#70280,.T.);
#70480=ORIENTED_EDGE('',*,*,#70470,.T.);
#70490=CARTESIAN_POINT('',(0.582819,-2.830469,9.8));
#70500=DIRECTION('',(-0.55470019622523,0.832050294337843,0.));
#70510=VECTOR('',#70500,1.);
#70520=LINE('',#70490,#70510);
#70530=CARTESIAN_POINT('',(0.582819,-2.830469,9.8));
#70540=VERTEX_POINT('',#70530);
#70550=EDGE_CURVE('',#70540,#70100,#70520,.T.);
#70560=ORIENTED_EDGE('',*,*,#70550,.T.);
#70570=CARTESIAN_POINT('',(0.782819,-2.830469,9.8));
#70580=DIRECTION('',(-1.22460635382238E-16,-1.,0.));
#70590=DIRECTION('',(1.,-1.22460635382238E-16,0.));
#70600=AXIS2_PLACEMENT_3D('',#70570,#70580,#70590);
#70610=CIRCLE('',#70600,0.2);
#70620=EDGE_CURVE('',#70540,#70440,#70610,.T.);
#70630=ORIENTED_EDGE('',*,*,#70620,.F.);
#70640=EDGE_LOOP('',(#70630,#70560,#70480,#70460));
#70650=FACE_OUTER_BOUND('',#70640,.T.);
#70660=ADVANCED_FACE('',(#70650),#70380,.T.);
#70670=CARTESIAN_POINT('',(0.269731024956451,-2.830469,9.59921522566323)
);
#70680=DIRECTION('',(0.,1.,0.));
#70690=DIRECTION('',(1.,0.,0.));
#70700=AXIS2_PLACEMENT_3D('',#70670,#70680,#70690);
#70710=PLANE('',#70700);
#70720=EDGE_CURVE('',#70440,#70540,#70610,.T.);
#70730=ORIENTED_EDGE('',*,*,#70720,.T.);
#70740=ORIENTED_EDGE('',*,*,#70620,.T.);
#70750=EDGE_LOOP('',(#70740,#70730));
#70760=FACE_OUTER_BOUND('',#70750,.T.);
#70770=ADVANCED_FACE('',(#70760),#70710,.F.);
#70780=CARTESIAN_POINT('',(0.632819000000001,-0.0304690000000006,10.2));
#70790=DIRECTION('',(1.83690953073357E-16,1.,-1.1247455413666E-32));
#70800=DIRECTION('',(-1.,1.83690953073357E-16,6.12303176911189E-17));
#70810=AXIS2_PLACEMENT_3D('',#70780,#70790,#70800);
#70820=PLANE('',#70810);
#70830=ORIENTED_EDGE('',*,*,#64870,.F.);
#70840=ORIENTED_EDGE('',*,*,#66410,.T.);
#70850=CARTESIAN_POINT('',(0.632819000000001,-0.0304690000000006,10.2));
#70860=DIRECTION('',(6.12303176911188E-17,0.,1.));
#70870=VECTOR('',#70860,1.);
#70880=LINE('',#70850,#70870);
#70890=CARTESIAN_POINT('',(0.632819000000001,-0.0304690000000006,10.2));
#70900=VERTEX_POINT('',#70890);
#70910=EDGE_CURVE('',#70900,#66340,#70880,.T.);
#70920=ORIENTED_EDGE('',*,*,#70910,.T.);
#70930=CARTESIAN_POINT('',(0.,-0.0304690000000005,10.2));
#70940=DIRECTION('',(1.,-1.83690953073357E-16,0.));
#70950=VECTOR('',#70940,1.);
#70960=LINE('',#70930,#70950);
#70970=EDGE_CURVE('',#70900,#64860,#70960,.T.);
#70980=ORIENTED_EDGE('',*,*,#70970,.F.);
#70990=EDGE_LOOP('',(#70980,#70920,#70840,#70830));
#71000=FACE_OUTER_BOUND('',#70990,.T.);
#71010=ADVANCED_FACE('',(#71000),#70820,.T.);
#71020=CARTESIAN_POINT('',(0.382819,0.669531,10.41));
#71030=DIRECTION('',(4.3265087693034E-16,-1.,0.));
#71040=DIRECTION('',(0.,0.,-1.));
#71050=AXIS2_PLACEMENT_3D('',#71020,#71030,#71040);
#71060=PLANE('',#71050);
#71070=CARTESIAN_POINT('',(-1.017181,0.669531,10.95));
#71080=DIRECTION('',(1.,0.,0.));
#71090=VECTOR('',#71080,1.);
#71100=LINE('',#71070,#71090);
#71110=CARTESIAN_POINT('',(0.382819,0.669531,10.95));
#71120=VERTEX_POINT('',#71110);
#71130=EDGE_CURVE('',#71120,#13290,#71100,.T.);
#71140=ORIENTED_EDGE('',*,*,#71130,.T.);
#71150=CARTESIAN_POINT('',(0.382819,0.669531,3.125));
#71160=DIRECTION('',(0.,0.,1.));
#71170=VECTOR('',#71160,1.);
#71180=LINE('',#71150,#71170);
#71190=CARTESIAN_POINT('',(0.382819,0.669531,10.41));
#71200=VERTEX_POINT('',#71190);
#71210=EDGE_CURVE('',#71200,#71120,#71180,.T.);
#71220=ORIENTED_EDGE('',*,*,#71210,.T.);
#71230=CARTESIAN_POINT('',(8.1991191668105E-17,0.669531,10.41));
#71240=DIRECTION('',(1.,4.3265087693034E-16,0.));
#71250=VECTOR('',#71240,1.);
#71260=LINE('',#71230,#71250);
#71270=EDGE_CURVE('',#71200,#65060,#71260,.T.);
#71280=ORIENTED_EDGE('',*,*,#71270,.F.);
#71290=ORIENTED_EDGE('',*,*,#65070,.T.);
#71300=ORIENTED_EDGE('',*,*,#66190,.F.);
#71310=CARTESIAN_POINT('',(0.782819000000001,0.669531,10.6));
#71320=DIRECTION('',(1.83690953073357E-16,1.,-8.83363139618221E-33));
#71330=DIRECTION('',(1.,-1.83690953073357E-16,-1.22460635382238E-16));
#71340=AXIS2_PLACEMENT_3D('',#71310,#71320,#71330);
#71350=CIRCLE('',#71340,0.2);
#71360=CARTESIAN_POINT('',(0.982819000000001,0.669531,10.6));
#71370=VERTEX_POINT('',#71360);
#71380=EDGE_CURVE('',#71370,#66120,#71350,.T.);
#71390=ORIENTED_EDGE('',*,*,#71380,.T.);
#71400=CARTESIAN_POINT('',(0.982819,0.669531,-3.125));
#71410=DIRECTION('',(6.12303176911188E-17,2.46519032881566E-32,1.));
#71420=VECTOR('',#71410,1.);
#71430=LINE('',#71400,#71420);
#71440=CARTESIAN_POINT('',(0.982819000000001,0.669531,10.7));
#71450=VERTEX_POINT('',#71440);
#71460=EDGE_CURVE('',#71370,#71450,#71430,.T.);
#71470=ORIENTED_EDGE('',*,*,#71460,.F.);
#71480=CARTESIAN_POINT('',(0.,0.669531,10.7));
#71490=DIRECTION('',(1.,4.3265087693034E-16,-6.12303176911189E-17));
#71500=VECTOR('',#71490,1.);
#71510=LINE('',#71480,#71500);
#71520=EDGE_CURVE('',#71450,#13370,#71510,.T.);
#71530=ORIENTED_EDGE('',*,*,#71520,.F.);
#71540=ORIENTED_EDGE('',*,*,#13380,.F.);
#71550=EDGE_LOOP('',(#71540,#71530,#71470,#71390,#71300,#71290,#71280,
#71220,#71140));
#71560=FACE_OUTER_BOUND('',#71550,.T.);
#71570=ADVANCED_FACE('',(#71560),#71060,.F.);
#71580=CARTESIAN_POINT('',(0.782819000000001,-9.58645121292881E-17,10.6)
);
#71590=DIRECTION('',(1.83690953073357E-16,1.,-8.83363139618221E-33));
#71600=DIRECTION('',(1.,-1.83690953073357E-16,-1.22460635382238E-16));
#71610=AXIS2_PLACEMENT_3D('',#71580,#71590,#71600);
#71620=CYLINDRICAL_SURFACE('',#71610,0.2);
#71630=ORIENTED_EDGE('',*,*,#71380,.F.);
#71640=ORIENTED_EDGE('',*,*,#66130,.F.);
#71650=CARTESIAN_POINT('',(0.782819000000001,1.469531,10.6));
#71660=DIRECTION('',(1.83690953073357E-16,1.,-8.83363139618221E-33));
#71670=DIRECTION('',(1.,-1.83690953073357E-16,-1.22460635382238E-16));
#71680=AXIS2_PLACEMENT_3D('',#71650,#71660,#71670);
#71690=CIRCLE('',#71680,0.2);
#71700=CARTESIAN_POINT('',(0.982819000000001,1.469531,10.6));
#71710=VERTEX_POINT('',#71700);
#71720=EDGE_CURVE('',#71710,#66040,#71690,.T.);
#71730=ORIENTED_EDGE('',*,*,#71720,.T.);
#71740=CARTESIAN_POINT('',(0.982819000000001,-1.32602702743959E-16,10.6)
);
#71750=DIRECTION('',(1.83690953073357E-16,1.,-8.83363139618221E-33));
#71760=VECTOR('',#71750,1.);
#71770=LINE('',#71740,#71760);
#71780=EDGE_CURVE('',#71370,#71710,#71770,.T.);
#71790=ORIENTED_EDGE('',*,*,#71780,.T.);
#71800=EDGE_LOOP('',(#71790,#71730,#71640,#71630));
#71810=FACE_OUTER_BOUND('',#71800,.T.);
#71820=ADVANCED_FACE('',(#71810),#71620,.F.);
#71830=CARTESIAN_POINT('',(0.982819000000001,1.469531,10.7));
#71840=DIRECTION('',(1.,-1.83690953073357E-16,-6.12303176911188E-17));
#71850=DIRECTION('',(6.12303176911188E-17,0.,1.));
#71860=AXIS2_PLACEMENT_3D('',#71830,#71840,#71850);
#71870=PLANE('',#71860);
#71880=CARTESIAN_POINT('',(0.982819,1.469531,-4.375));
#71890=DIRECTION('',(6.12303176911188E-17,6.16297582203916E-33,1.));
#71900=VECTOR('',#71890,1.);
#71910=LINE('',#71880,#71900);
#71920=CARTESIAN_POINT('',(0.982819000000001,1.469531,10.7));
#71930=VERTEX_POINT('',#71920);
#71940=EDGE_CURVE('',#71710,#71930,#71910,.T.);
#71950=ORIENTED_EDGE('',*,*,#71940,.F.);
#71960=CARTESIAN_POINT('',(0.982819000000001,1.469531,10.7));
#71970=DIRECTION('',(-1.83690953073357E-16,-1.,1.49966072182214E-32));
#71980=VECTOR('',#71970,1.);
#71990=LINE('',#71960,#71980);
#72000=EDGE_CURVE('',#71930,#71450,#71990,.T.);
#72010=ORIENTED_EDGE('',*,*,#72000,.F.);
#72020=ORIENTED_EDGE('',*,*,#71460,.T.);
#72030=ORIENTED_EDGE('',*,*,#71780,.F.);
#72040=EDGE_LOOP('',(#72030,#72020,#72010,#71950));
#72050=FACE_OUTER_BOUND('',#72040,.T.);
#72060=ADVANCED_FACE('',(#72050),#71870,.F.);
#72070=CARTESIAN_POINT('',(-1.74283400696028,0.669531,10.3154896549855))
;
#72080=DIRECTION('',(-1.83690953073357E-16,-1.,1.1247455413666E-32));
#72090=DIRECTION('',(-1.,1.83690953073357E-16,6.12303176911189E-17));
#72100=AXIS2_PLACEMENT_3D('',#72070,#72080,#72090);
#72110=PLANE('',#72100);
#72120=CARTESIAN_POINT('',(0.,0.669531,10.2));
#72130=DIRECTION('',(-1.,1.83690953073357E-16,0.));
#72140=VECTOR('',#72130,1.);
#72150=LINE('',#72120,#72140);
#72160=CARTESIAN_POINT('',(0.632819000000001,0.669531,10.2));
#72170=VERTEX_POINT('',#72160);
#72180=EDGE_CURVE('',#64900,#72170,#72150,.T.);
#72190=ORIENTED_EDGE('',*,*,#72180,.F.);
#72200=CARTESIAN_POINT('',(0.632819,0.669531,-4.375));
#72210=DIRECTION('',(6.12303176911188E-17,6.16297582203916E-33,1.));
#72220=VECTOR('',#72210,1.);
#72230=LINE('',#72200,#72220);
#72240=EDGE_CURVE('',#72170,#66260,#72230,.T.);
#72250=ORIENTED_EDGE('',*,*,#72240,.F.);
#72260=ORIENTED_EDGE('',*,*,#66270,.F.);
#72270=ORIENTED_EDGE('',*,*,#64990,.F.);
#72280=EDGE_LOOP('',(#72270,#72260,#72250,#72190));
#72290=FACE_OUTER_BOUND('',#72280,.T.);
#72300=ADVANCED_FACE('',(#72290),#72110,.T.);
#72310=ORIENTED_EDGE('',*,*,#72180,.T.);
#72320=ORIENTED_EDGE('',*,*,#64910,.T.);
#72330=ORIENTED_EDGE('',*,*,#70970,.T.);
#72340=CARTESIAN_POINT('',(0.632819000000001,0.,10.2));
#72350=DIRECTION('',(-1.83690953073357E-16,-1.,0.));
#72360=VECTOR('',#72350,1.);
#72370=LINE('',#72340,#72360);
#72380=EDGE_CURVE('',#72170,#70900,#72370,.T.);
#72390=ORIENTED_EDGE('',*,*,#72380,.T.);
#72400=EDGE_LOOP('',(#72390,#72330,#72320,#72310));
#72410=FACE_OUTER_BOUND('',#72400,.T.);
#72420=ADVANCED_FACE('',(#72410),#24190,.F.);
#72430=CARTESIAN_POINT('',(-1.567181,2.769531,9.7));
#72440=DIRECTION('',(0.,-1.,4.44089209850056E-15));
#72450=DIRECTION('',(0.,4.44089209850056E-15,1.));
#72460=AXIS2_PLACEMENT_3D('',#72430,#72440,#72450);
#72470=PLANE('',#72460);
#72480=CARTESIAN_POINT('',(-1.567181,2.769531,9.7));
#72490=DIRECTION('',(0.,0.,-1.));
#72500=VECTOR('',#72490,1.);
#72510=LINE('',#72480,#72500);
#72520=CARTESIAN_POINT('',(-1.567181,2.769531,9.225));
#72530=VERTEX_POINT('',#72520);
#72540=EDGE_CURVE('',#23860,#72530,#72510,.T.);
#72550=ORIENTED_EDGE('',*,*,#72540,.T.);
#72560=ORIENTED_EDGE('',*,*,#23870,.F.);
#72570=ORIENTED_EDGE('',*,*,#17360,.T.);
#72580=ORIENTED_EDGE('',*,*,#24800,.F.);
#72590=ORIENTED_EDGE('',*,*,#60330,.T.);
#72600=CARTESIAN_POINT('',(-2.217181,2.769531,9.225));
#72610=DIRECTION('',(1.,-1.22460635382238E-16,0.));
#72620=VECTOR('',#72610,1.);
#72630=LINE('',#72600,#72620);
#72640=EDGE_CURVE('',#60260,#72530,#72630,.T.);
#72650=ORIENTED_EDGE('',*,*,#72640,.F.);
#72660=EDGE_LOOP('',(#72650,#72590,#72580,#72570,#72560,#72550));
#72670=FACE_OUTER_BOUND('',#72660,.T.);
#72680=ADVANCED_FACE('',(#72670),#72470,.F.);
#72690=CARTESIAN_POINT('',(-1.567181,2.769531,9.7));
#72700=DIRECTION('',(-1.,0.,0.));
#72710=DIRECTION('',(0.,1.,0.));
#72720=AXIS2_PLACEMENT_3D('',#72690,#72700,#72710);
#72730=PLANE('',#72720);
#72740=CARTESIAN_POINT('',(-1.567181,-4.44089209850063E-16,9.225));
#72750=DIRECTION('',(0.,-1.,0.));
#72760=VECTOR('',#72750,1.);
#72770=LINE('',#72740,#72760);
#72780=CARTESIAN_POINT('',(-1.567181,0.969530999999999,9.225));
#72790=VERTEX_POINT('',#72780);
#72800=EDGE_CURVE('',#72530,#72790,#72770,.T.);
#72810=ORIENTED_EDGE('',*,*,#72800,.F.);
#72820=CARTESIAN_POINT('',(-1.567181,0.969530999999999,14.375));
#72830=DIRECTION('',(0.,0.,1.));
#72840=VECTOR('',#72830,1.);
#72850=LINE('',#72820,#72840);
#72860=EDGE_CURVE('',#33740,#72790,#72850,.T.);
#72870=ORIENTED_EDGE('',*,*,#72860,.T.);
#72880=ORIENTED_EDGE('',*,*,#33880,.T.);
#72890=ORIENTED_EDGE('',*,*,#33400,.T.);
#72900=ORIENTED_EDGE('',*,*,#30540,.T.);
#72910=ORIENTED_EDGE('',*,*,#15620,.T.);
#72920=ORIENTED_EDGE('',*,*,#23930,.F.);
#72930=ORIENTED_EDGE('',*,*,#72540,.F.);
#72940=EDGE_LOOP('',(#72930,#72920,#72910,#72900,#72890,#72880,#72870,
#72810));
#72950=FACE_OUTER_BOUND('',#72940,.T.);
#72960=ADVANCED_FACE('',(#72950),#72730,.F.);
#72970=CARTESIAN_POINT('',(-2.217181,1.169531,9.225));
#72980=DIRECTION('',(0.,0.,-1.));
#72990=DIRECTION('',(1.22460635382238E-16,1.,0.));
#73000=AXIS2_PLACEMENT_3D('',#72970,#72980,#72990);
#73010=PLANE('',#73000);
#73020=ORIENTED_EDGE('',*,*,#72800,.T.);
#73030=ORIENTED_EDGE('',*,*,#72640,.T.);
#73040=ORIENTED_EDGE('',*,*,#60270,.F.);
#73050=CARTESIAN_POINT('',(-2.217181,0.969530999999999,9.225));
#73060=DIRECTION('',(1.,-1.22460635382238E-16,0.));
#73070=VECTOR('',#73060,1.);
#73080=LINE('',#73050,#73070);
#73090=EDGE_CURVE('',#60180,#72790,#73080,.T.);
#73100=ORIENTED_EDGE('',*,*,#73090,.F.);
#73110=EDGE_LOOP('',(#73100,#73040,#73030,#73020));
#73120=FACE_OUTER_BOUND('',#73110,.T.);
#73130=ADVANCED_FACE('',(#73120),#73010,.T.);
#73140=CARTESIAN_POINT('',(-2.217181,0.969530999999999,8.425));
#73150=DIRECTION('',(0.,1.,0.));
#73160=DIRECTION('',(0.,0.,1.));
#73170=AXIS2_PLACEMENT_3D('',#73140,#73150,#73160);
#73180=PLANE('',#73170);
#73190=ORIENTED_EDGE('',*,*,#33750,.F.);
#73200=ORIENTED_EDGE('',*,*,#72860,.F.);
#73210=ORIENTED_EDGE('',*,*,#73090,.T.);
#73220=ORIENTED_EDGE('',*,*,#60190,.F.);
#73230=EDGE_LOOP('',(#73220,#73210,#73200,#73190));
#73240=FACE_OUTER_BOUND('',#73230,.T.);
#73250=ADVANCED_FACE('',(#73240),#73180,.T.);
#73260=CARTESIAN_POINT('',(0.632819000000001,0.669531,10.2));
#73270=DIRECTION('',(1.,-1.83690953073357E-16,-6.12303176911188E-17));
#73280=DIRECTION('',(1.83690953073357E-16,1.,-1.49966072182214E-32));
#73290=AXIS2_PLACEMENT_3D('',#73260,#73270,#73280);
#73300=PLANE('',#73290);
#73310=ORIENTED_EDGE('',*,*,#70910,.F.);
#73320=ORIENTED_EDGE('',*,*,#66350,.T.);
#73330=ORIENTED_EDGE('',*,*,#72240,.T.);
#73340=ORIENTED_EDGE('',*,*,#72380,.F.);
#73350=EDGE_LOOP('',(#73340,#73330,#73320,#73310));
#73360=FACE_OUTER_BOUND('',#73350,.T.);
#73370=ADVANCED_FACE('',(#73360),#73300,.T.);
#73380=CARTESIAN_POINT('',(-1.017181,-1.530469,-8.125));
#73390=DIRECTION('',(1.22460635382238E-16,-1.,0.));
#73400=DIRECTION('',(-1.,-1.22460635382238E-16,0.));
#73410=AXIS2_PLACEMENT_3D('',#73380,#73390,#73400);
#73420=PLANE('',#73410);
#73430=ORIENTED_EDGE('',*,*,#11020,.T.);
#73440=ORIENTED_EDGE('',*,*,#14980,.F.);
#73450=ORIENTED_EDGE('',*,*,#42560,.T.);
#73460=ORIENTED_EDGE('',*,*,#42260,.F.);
#73470=ORIENTED_EDGE('',*,*,#40250,.F.);
#73480=ORIENTED_EDGE('',*,*,#14680,.T.);
#73490=ORIENTED_EDGE('',*,*,#1670,.F.);
#73500=ORIENTED_EDGE('',*,*,#31380,.T.);
#73510=ORIENTED_EDGE('',*,*,#38230,.F.);
#73520=ORIENTED_EDGE('',*,*,#14450,.T.);
#73530=ORIENTED_EDGE('',*,*,#36410,.T.);
#73540=ORIENTED_EDGE('',*,*,#40930,.F.);
#73550=ORIENTED_EDGE('',*,*,#47550,.F.);
#73560=ORIENTED_EDGE('',*,*,#57470,.T.);
#73570=ORIENTED_EDGE('',*,*,#39560,.T.);
#73580=ORIENTED_EDGE('',*,*,#27500,.F.);
#73590=ORIENTED_EDGE('',*,*,#62020,.T.);
#73600=ORIENTED_EDGE('',*,*,#36600,.F.);
#73610=ORIENTED_EDGE('',*,*,#28730,.T.);
#73620=ORIENTED_EDGE('',*,*,#25260,.F.);
#73630=ORIENTED_EDGE('',*,*,#61970,.T.);
#73640=ORIENTED_EDGE('',*,*,#31080,.F.);
#73650=ORIENTED_EDGE('',*,*,#26450,.T.);
#73660=ORIENTED_EDGE('',*,*,#32310,.T.);
#73670=ORIENTED_EDGE('',*,*,#61880,.F.);
#73680=ORIENTED_EDGE('',*,*,#36870,.T.);
#73690=ORIENTED_EDGE('',*,*,#41370,.T.);
#73700=CARTESIAN_POINT('',(-3.74844412345636E-16,-1.530469,6.074));
#73710=DIRECTION('',(-1.,1.22460635382238E-16,0.));
#73720=VECTOR('',#73710,1.);
#73730=LINE('',#73700,#73720);
#73740=EDGE_CURVE('',#41300,#61730,#73730,.T.);
#73750=ORIENTED_EDGE('',*,*,#73740,.F.);
#73760=ORIENTED_EDGE('',*,*,#61740,.T.);
#73770=CARTESIAN_POINT('',(-2.5571834,-1.530469,6.426));
#73780=DIRECTION('',(1.,-1.22460635382238E-16,0.));
#73790=VECTOR('',#73780,1.);
#73800=LINE('',#73770,#73790);
#73810=CARTESIAN_POINT('',(-1.517181,-1.530469,6.426));
#73820=VERTEX_POINT('',#73810);
#73830=EDGE_CURVE('',#61650,#73820,#73800,.T.);
#73840=ORIENTED_EDGE('',*,*,#73830,.F.);
#73850=CARTESIAN_POINT('',(-1.517181,-1.530469,5.625));
#73860=DIRECTION('',(0.,0.,1.));
#73870=VECTOR('',#73860,1.);
#73880=LINE('',#73850,#73870);
#73890=CARTESIAN_POINT('',(-1.517181,-1.530469,7.324));
#73900=VERTEX_POINT('',#73890);
#73910=EDGE_CURVE('',#73820,#73900,#73880,.T.);
#73920=ORIENTED_EDGE('',*,*,#73910,.F.);
#73930=CARTESIAN_POINT('',(-2.5571834,-1.530469,7.324));
#73940=DIRECTION('',(1.,0.,0.));
#73950=VECTOR('',#73940,1.);
#73960=LINE('',#73930,#73950);
#73970=EDGE_CURVE('',#61410,#73900,#73960,.T.);
#73980=ORIENTED_EDGE('',*,*,#73970,.T.);
#73990=ORIENTED_EDGE('',*,*,#61420,.F.);
#74000=CARTESIAN_POINT('',(-1.87422206172818E-16,-1.530469,7.676));
#74010=DIRECTION('',(-1.,0.,0.));
#74020=VECTOR('',#74010,1.);
#74030=LINE('',#74000,#74020);
#74040=CARTESIAN_POINT('',(-1.517181,-1.530469,7.676));
#74050=VERTEX_POINT('',#74040);
#74060=EDGE_CURVE('',#74050,#61370,#74030,.T.);
#74070=ORIENTED_EDGE('',*,*,#74060,.T.);
#74080=CARTESIAN_POINT('',(-1.517181,-1.530469,3.125));
#74090=DIRECTION('',(0.,0.,1.));
#74100=VECTOR('',#74090,1.);
#74110=LINE('',#74080,#74100);
#74120=CARTESIAN_POINT('',(-1.517181,-1.530469,8.574));
#74130=VERTEX_POINT('',#74120);
#74140=EDGE_CURVE('',#74050,#74130,#74110,.T.);
#74150=ORIENTED_EDGE('',*,*,#74140,.F.);
#74160=CARTESIAN_POINT('',(-1.87422206172818E-16,-1.530469,8.574));
#74170=DIRECTION('',(1.,0.,0.));
#74180=VECTOR('',#74170,1.);
#74190=LINE('',#74160,#74180);
#74200=EDGE_CURVE('',#61130,#74130,#74190,.T.);
#74210=ORIENTED_EDGE('',*,*,#74200,.T.);
#74220=ORIENTED_EDGE('',*,*,#61140,.F.);
#74230=CARTESIAN_POINT('',(-1.87422206172818E-16,-1.530469,8.926));
#74240=DIRECTION('',(-1.,0.,0.));
#74250=VECTOR('',#74240,1.);
#74260=LINE('',#74230,#74250);
#74270=CARTESIAN_POINT('',(-1.517181,-1.530469,8.926));
#74280=VERTEX_POINT('',#74270);
#74290=EDGE_CURVE('',#74280,#61050,#74260,.T.);
#74300=ORIENTED_EDGE('',*,*,#74290,.T.);
#74310=CARTESIAN_POINT('',(-1.517181,-1.530469,9.7));
#74320=DIRECTION('',(0.,0.,1.));
#74330=VECTOR('',#74320,1.);
#74340=LINE('',#74310,#74330);
#74350=CARTESIAN_POINT('',(-1.517181,-1.530469,10.2));
#74360=VERTEX_POINT('',#74350);
#74370=EDGE_CURVE('',#74280,#74360,#74340,.T.);
#74380=ORIENTED_EDGE('',*,*,#74370,.F.);
#74390=CARTESIAN_POINT('',(-1.66533453693773E-16,-1.530469,10.2));
#74400=DIRECTION('',(1.,0.,0.));
#74410=VECTOR('',#74400,1.);
#74420=LINE('',#74390,#74410);
#74430=EDGE_CURVE('',#74360,#67840,#74420,.T.);
#74440=ORIENTED_EDGE('',*,*,#74430,.F.);
#74450=ORIENTED_EDGE('',*,*,#69210,.T.);
#74460=ORIENTED_EDGE('',*,*,#69530,.T.);
#74470=CARTESIAN_POINT('',(-1.87422206172818E-16,-1.530469,
8.92600000000001));
#74480=DIRECTION('',(1.,0.,0.));
#74490=VECTOR('',#74480,1.);
#74500=LINE('',#74470,#74490);
#74510=EDGE_CURVE('',#69460,#12850,#74500,.T.);
#74520=ORIENTED_EDGE('',*,*,#74510,.F.);
#74530=ORIENTED_EDGE('',*,*,#12860,.F.);
#74540=CARTESIAN_POINT('',(-1.87422206172818E-16,-1.530469,8.574));
#74550=DIRECTION('',(1.,0.,0.));
#74560=VECTOR('',#74550,1.);
#74570=LINE('',#74540,#74560);
#74580=CARTESIAN_POINT('',(-1.017181,-1.530469,8.574));
#74590=VERTEX_POINT('',#74580);
#74600=EDGE_CURVE('',#74590,#12770,#74570,.T.);
#74610=ORIENTED_EDGE('',*,*,#74600,.T.);
#74620=CARTESIAN_POINT('',(-1.017181,-1.530469,3.125));
#74630=DIRECTION('',(0.,0.,-1.));
#74640=VECTOR('',#74630,1.);
#74650=LINE('',#74620,#74640);
#74660=CARTESIAN_POINT('',(-1.017181,-1.530469,7.676));
#74670=VERTEX_POINT('',#74660);
#74680=EDGE_CURVE('',#74590,#74670,#74650,.T.);
#74690=ORIENTED_EDGE('',*,*,#74680,.F.);
#74700=CARTESIAN_POINT('',(-1.87422206172818E-16,-1.530469,7.676));
#74710=DIRECTION('',(-1.,0.,0.));
#74720=VECTOR('',#74710,1.);
#74730=LINE('',#74700,#74720);
#74740=EDGE_CURVE('',#12530,#74670,#74730,.T.);
#74750=ORIENTED_EDGE('',*,*,#74740,.T.);
#74760=ORIENTED_EDGE('',*,*,#12540,.F.);
#74770=CARTESIAN_POINT('',(-1.017181,-1.530469,7.324));
#74780=VERTEX_POINT('',#74770);
#74790=EDGE_CURVE('',#74780,#12450,#73960,.T.);
#74800=ORIENTED_EDGE('',*,*,#74790,.T.);
#74810=CARTESIAN_POINT('',(-1.017181,-1.530469,5.625));
#74820=DIRECTION('',(0.,0.,1.));
#74830=VECTOR('',#74820,1.);
#74840=LINE('',#74810,#74830);
#74850=CARTESIAN_POINT('',(-1.017181,-1.530469,6.426));
#74860=VERTEX_POINT('',#74850);
#74870=EDGE_CURVE('',#74860,#74780,#74840,.T.);
#74880=ORIENTED_EDGE('',*,*,#74870,.T.);
#74890=EDGE_CURVE('',#74860,#12210,#73800,.T.);
#74900=ORIENTED_EDGE('',*,*,#74890,.F.);
#74910=ORIENTED_EDGE('',*,*,#12220,.T.);
#74920=CARTESIAN_POINT('',(-3.74844412345636E-16,-1.530469,6.074));
#74930=DIRECTION('',(-1.,1.22460635382238E-16,0.));
#74940=VECTOR('',#74930,1.);
#74950=LINE('',#74920,#74940);
#74960=EDGE_CURVE('',#12130,#15270,#74950,.T.);
#74970=ORIENTED_EDGE('',*,*,#74960,.F.);
#74980=ORIENTED_EDGE('',*,*,#15360,.F.);
#74990=EDGE_LOOP('',(#74980,#74970,#74910,#74900,#74880,#74800,#74760,
#74750,#74690,#74610,#74530,#74520,#74460,#74450,#74440,#74380,#74300,
#74220,#74210,#74150,#74070,#73990,#73980,#73920,#73840,#73760,#73750,
#73690,#73680,#73670,#73660,#73650,#73640,#73630,#73620,#73610,#73600,
#73590,#73580,#73570,#73560,#73550,#73540,#73530,#73520,#73510,#73500,
#73490,#73480,#73470,#73460,#73450,#73440,#73430));
#75000=FACE_OUTER_BOUND('',#74990,.T.);
#75010=CARTESIAN_POINT('',(0.,-1.530469,7.675));
#75020=DIRECTION('',(-1.,-1.22460635382238E-16,0.));
#75030=VECTOR('',#75020,1.);
#75040=LINE('',#75010,#75030);
#75050=CARTESIAN_POINT('',(0.147819,-1.530469,7.675));
#75060=VERTEX_POINT('',#75050);
#75070=CARTESIAN_POINT('',(-0.223052215252209,-1.530469,7.675));
#75080=VERTEX_POINT('',#75070);
#75090=EDGE_CURVE('',#75060,#75080,#75040,.T.);
#75100=ORIENTED_EDGE('',*,*,#75090,.F.);
#75110=CARTESIAN_POINT('',(-0.223052215252209,-1.530469,7.325));
#75120=DIRECTION('',(0.,0.,-1.));
#75130=VECTOR('',#75120,1.);
#75140=LINE('',#75110,#75130);
#75150=CARTESIAN_POINT('',(-0.223052215252209,-1.530469,7.325));
#75160=VERTEX_POINT('',#75150);
#75170=EDGE_CURVE('',#75080,#75160,#75140,.T.);
#75180=ORIENTED_EDGE('',*,*,#75170,.F.);
#75190=CARTESIAN_POINT('',(0.,-1.530469,7.325));
#75200=DIRECTION('',(-1.,-1.22460635382238E-16,0.));
#75210=VECTOR('',#75200,1.);
#75220=LINE('',#75190,#75210);
#75230=CARTESIAN_POINT('',(0.147819,-1.530469,7.325));
#75240=VERTEX_POINT('',#75230);
#75250=EDGE_CURVE('',#75240,#75160,#75220,.T.);
#75260=ORIENTED_EDGE('',*,*,#75250,.T.);
#75270=CARTESIAN_POINT('',(0.147819,-1.530469,-3.125));
#75280=DIRECTION('',(0.,0.,1.));
#75290=VECTOR('',#75280,1.);
#75300=LINE('',#75270,#75290);
#75310=EDGE_CURVE('',#75240,#75060,#75300,.T.);
#75320=ORIENTED_EDGE('',*,*,#75310,.F.);
#75330=EDGE_LOOP('',(#75320,#75260,#75180,#75100));
#75340=FACE_BOUND('',#75330,.T.);
#75350=CARTESIAN_POINT('',(0.,-1.530469,8.925));
#75360=DIRECTION('',(-1.,-1.22460635382238E-16,0.));
#75370=VECTOR('',#75360,1.);
#75380=LINE('',#75350,#75370);
#75390=CARTESIAN_POINT('',(0.147819,-1.530469,8.925));
#75400=VERTEX_POINT('',#75390);
#75410=CARTESIAN_POINT('',(-0.223052215252209,-1.530469,8.925));
#75420=VERTEX_POINT('',#75410);
#75430=EDGE_CURVE('',#75400,#75420,#75380,.T.);
#75440=ORIENTED_EDGE('',*,*,#75430,.F.);
#75450=CARTESIAN_POINT('',(-0.223052215252209,-1.530469,8.575));
#75460=DIRECTION('',(0.,0.,-1.));
#75470=VECTOR('',#75460,1.);
#75480=LINE('',#75450,#75470);
#75490=CARTESIAN_POINT('',(-0.223052215252209,-1.530469,8.575));
#75500=VERTEX_POINT('',#75490);
#75510=EDGE_CURVE('',#75420,#75500,#75480,.T.);
#75520=ORIENTED_EDGE('',*,*,#75510,.F.);
#75530=CARTESIAN_POINT('',(0.,-1.530469,8.575));
#75540=DIRECTION('',(-1.,-1.22460635382238E-16,0.));
#75550=VECTOR('',#75540,1.);
#75560=LINE('',#75530,#75550);
#75570=CARTESIAN_POINT('',(0.147819,-1.530469,8.575));
#75580=VERTEX_POINT('',#75570);
#75590=EDGE_CURVE('',#75580,#75500,#75560,.T.);
#75600=ORIENTED_EDGE('',*,*,#75590,.T.);
#75610=CARTESIAN_POINT('',(0.147819,-1.530469,-3.125));
#75620=DIRECTION('',(0.,0.,1.));
#75630=VECTOR('',#75620,1.);
#75640=LINE('',#75610,#75630);
#75650=EDGE_CURVE('',#75580,#75400,#75640,.T.);
#75660=ORIENTED_EDGE('',*,*,#75650,.F.);
#75670=EDGE_LOOP('',(#75660,#75600,#75520,#75440));
#75680=FACE_BOUND('',#75670,.T.);
#75690=CARTESIAN_POINT('',(0.,-1.530469,6.425));
#75700=DIRECTION('',(-1.,-1.22460635382238E-16,0.));
#75710=VECTOR('',#75700,1.);
#75720=LINE('',#75690,#75710);
#75730=CARTESIAN_POINT('',(0.147819,-1.530469,6.425));
#75740=VERTEX_POINT('',#75730);
#75750=CARTESIAN_POINT('',(-0.223052215252209,-1.530469,6.425));
#75760=VERTEX_POINT('',#75750);
#75770=EDGE_CURVE('',#75740,#75760,#75720,.T.);
#75780=ORIENTED_EDGE('',*,*,#75770,.F.);
#75790=CARTESIAN_POINT('',(-0.223052215252209,-1.530469,6.075));
#75800=DIRECTION('',(0.,0.,-1.));
#75810=VECTOR('',#75800,1.);
#75820=LINE('',#75790,#75810);
#75830=CARTESIAN_POINT('',(-0.223052215252209,-1.530469,6.075));
#75840=VERTEX_POINT('',#75830);
#75850=EDGE_CURVE('',#75760,#75840,#75820,.T.);
#75860=ORIENTED_EDGE('',*,*,#75850,.F.);
#75870=CARTESIAN_POINT('',(0.,-1.530469,6.075));
#75880=DIRECTION('',(-1.,-1.22460635382238E-16,0.));
#75890=VECTOR('',#75880,1.);
#75900=LINE('',#75870,#75890);
#75910=CARTESIAN_POINT('',(0.147819,-1.530469,6.075));
#75920=VERTEX_POINT('',#75910);
#75930=EDGE_CURVE('',#75920,#75840,#75900,.T.);
#75940=ORIENTED_EDGE('',*,*,#75930,.T.);
#75950=CARTESIAN_POINT('',(0.147819,-1.530469,-3.125));
#75960=DIRECTION('',(0.,0.,1.));
#75970=VECTOR('',#75960,1.);
#75980=LINE('',#75950,#75970);
#75990=EDGE_CURVE('',#75920,#75740,#75980,.T.);
#76000=ORIENTED_EDGE('',*,*,#75990,.F.);
#76010=EDGE_LOOP('',(#76000,#75940,#75860,#75780));
#76020=FACE_BOUND('',#76010,.T.);
#76030=ORIENTED_EDGE('',*,*,#38810,.F.);
#76040=ORIENTED_EDGE('',*,*,#51740,.F.);
#76050=ORIENTED_EDGE('',*,*,#35200,.T.);
#76060=ORIENTED_EDGE('',*,*,#45650,.F.);
#76070=EDGE_LOOP('',(#76060,#76050,#76040,#76030));
#76080=FACE_BOUND('',#76070,.T.);
#76090=ORIENTED_EDGE('',*,*,#27160,.T.);
#76100=ORIENTED_EDGE('',*,*,#30830,.F.);
#76110=ORIENTED_EDGE('',*,*,#40680,.F.);
#76120=ORIENTED_EDGE('',*,*,#52230,.F.);
#76130=EDGE_LOOP('',(#76120,#76110,#76100,#76090));
#76140=FACE_BOUND('',#76130,.T.);
#76150=ORIENTED_EDGE('',*,*,#49160,.T.);
#76160=ORIENTED_EDGE('',*,*,#55250,.F.);
#76170=ORIENTED_EDGE('',*,*,#45480,.F.);
#76180=ORIENTED_EDGE('',*,*,#45200,.F.);
#76190=EDGE_LOOP('',(#76180,#76170,#76160,#76150));
#76200=FACE_BOUND('',#76190,.T.);
#76210=ADVANCED_FACE('',(#75000,#75340,#75680,#76020,#76080,#76140,
#76200),#73420,.T.);
#76220=CARTESIAN_POINT('',(-0.452181000000001,-1.430469,7.325));
#76230=DIRECTION('',(0.,0.,-1.));
#76240=DIRECTION('',(-1.,0.,0.));
#76250=AXIS2_PLACEMENT_3D('',#76220,#76230,#76240);
#76260=CIRCLE('',#76250,0.25);
#76270=CARTESIAN_POINT('',(-0.452181000000001,-1.680469,7.325));
#76280=VERTEX_POINT('',#76270);
#76290=EDGE_CURVE('',#75160,#76280,#76260,.T.);
#76300=ORIENTED_EDGE('',*,*,#76290,.F.);
#76310=CARTESIAN_POINT('',(-0.0251477347320566,-1.680469,7.325));
#76320=DIRECTION('',(1.,0.,0.));
#76330=VECTOR('',#76320,1.);
#76340=LINE('',#76310,#76330);
#76350=CARTESIAN_POINT('',(-3.417181,-1.680469,7.325));
#76360=VERTEX_POINT('',#76350);
#76370=EDGE_CURVE('',#76360,#76280,#76340,.T.);
#76380=ORIENTED_EDGE('',*,*,#76370,.T.);
#76390=CARTESIAN_POINT('',(-3.417181,-0.372053431461694,7.325));
#76400=DIRECTION('',(0.,-1.,0.));
#76410=VECTOR('',#76400,1.);
#76420=LINE('',#76390,#76410);
#76430=CARTESIAN_POINT('',(-3.417181,-2.030469,7.325));
#76440=VERTEX_POINT('',#76430);
#76450=EDGE_CURVE('',#76360,#76440,#76420,.T.);
#76460=ORIENTED_EDGE('',*,*,#76450,.F.);
#76470=CARTESIAN_POINT('',(-0.0251477347320566,-2.030469,7.325));
#76480=DIRECTION('',(-1.,0.,0.));
#76490=VECTOR('',#76480,1.);
#76500=LINE('',#76470,#76490);
#76510=CARTESIAN_POINT('',(-0.302181,-2.030469,7.325));
#76520=VERTEX_POINT('',#76510);
#76530=EDGE_CURVE('',#76520,#76440,#76500,.T.);
#76540=ORIENTED_EDGE('',*,*,#76530,.T.);
#76550=CARTESIAN_POINT('',(-0.302181,-1.580469,7.325));
#76560=DIRECTION('',(0.,0.,1.));
#76570=DIRECTION('',(1.,0.,0.));
#76580=AXIS2_PLACEMENT_3D('',#76550,#76560,#76570);
#76590=CIRCLE('',#76580,0.45);
#76600=CARTESIAN_POINT('',(0.147819,-1.580469,7.325));
#76610=VERTEX_POINT('',#76600);
#76620=EDGE_CURVE('',#76520,#76610,#76590,.T.);
#76630=ORIENTED_EDGE('',*,*,#76620,.F.);
#76640=EDGE_CURVE('',#76610,#75240,#19090,.T.);
#76650=ORIENTED_EDGE('',*,*,#76640,.F.);
#76660=ORIENTED_EDGE('',*,*,#75250,.F.);
#76670=EDGE_LOOP('',(#76660,#76650,#76630,#76540,#76460,#76380,#76300));
#76680=FACE_OUTER_BOUND('',#76670,.T.);
#76690=ADVANCED_FACE('',(#76680),#19030,.F.);
#76700=CARTESIAN_POINT('',(0.147819,-1.580469,7.675));
#76710=VERTEX_POINT('',#76700);
#76720=EDGE_CURVE('',#76710,#75060,#17490,.T.);
#76730=ORIENTED_EDGE('',*,*,#76720,.T.);
#76740=CARTESIAN_POINT('',(-0.302181,-1.580469,7.675));
#76750=DIRECTION('',(0.,0.,1.));
#76760=DIRECTION('',(1.,0.,0.));
#76770=AXIS2_PLACEMENT_3D('',#76740,#76750,#76760);
#76780=CIRCLE('',#76770,0.45);
#76790=CARTESIAN_POINT('',(-0.302181,-2.030469,7.675));
#76800=VERTEX_POINT('',#76790);
#76810=EDGE_CURVE('',#76800,#76710,#76780,.T.);
#76820=ORIENTED_EDGE('',*,*,#76810,.T.);
#76830=CARTESIAN_POINT('',(-0.0251477347320566,-2.030469,7.675));
#76840=DIRECTION('',(-1.,0.,0.));
#76850=VECTOR('',#76840,1.);
#76860=LINE('',#76830,#76850);
#76870=CARTESIAN_POINT('',(-3.417181,-2.030469,7.675));
#76880=VERTEX_POINT('',#76870);
#76890=EDGE_CURVE('',#76800,#76880,#76860,.T.);
#76900=ORIENTED_EDGE('',*,*,#76890,.F.);
#76910=CARTESIAN_POINT('',(-3.417181,-0.372053431461694,7.675));
#76920=DIRECTION('',(0.,-1.,0.));
#76930=VECTOR('',#76920,1.);
#76940=LINE('',#76910,#76930);
#76950=CARTESIAN_POINT('',(-3.417181,-1.680469,7.675));
#76960=VERTEX_POINT('',#76950);
#76970=EDGE_CURVE('',#76960,#76880,#76940,.T.);
#76980=ORIENTED_EDGE('',*,*,#76970,.T.);
#76990=CARTESIAN_POINT('',(-0.0251477347320566,-1.680469,7.675));
#77000=DIRECTION('',(1.,0.,0.));
#77010=VECTOR('',#77000,1.);
#77020=LINE('',#76990,#77010);
#77030=CARTESIAN_POINT('',(-0.452181000000001,-1.680469,7.675));
#77040=VERTEX_POINT('',#77030);
#77050=EDGE_CURVE('',#76960,#77040,#77020,.T.);
#77060=ORIENTED_EDGE('',*,*,#77050,.F.);
#77070=CARTESIAN_POINT('',(-0.452181000000001,-1.430469,7.675));
#77080=DIRECTION('',(0.,0.,-1.));
#77090=DIRECTION('',(-1.,0.,0.));
#77100=AXIS2_PLACEMENT_3D('',#77070,#77080,#77090);
#77110=CIRCLE('',#77100,0.25);
#77120=EDGE_CURVE('',#75080,#77040,#77110,.T.);
#77130=ORIENTED_EDGE('',*,*,#77120,.T.);
#77140=ORIENTED_EDGE('',*,*,#75090,.T.);
#77150=EDGE_LOOP('',(#77140,#77130,#77060,#76980,#76900,#76820,#76730));
#77160=FACE_OUTER_BOUND('',#77150,.T.);
#77170=ADVANCED_FACE('',(#77160),#17450,.T.);
#77180=CARTESIAN_POINT('',(-3.717181,-2.4404714,7.6));
#77190=DIRECTION('',(0.242535625036334,0.,-0.970142500145332));
#77200=DIRECTION('',(0.970142500145332,0.,0.242535625036334));
#77210=AXIS2_PLACEMENT_3D('',#77180,#77190,#77200);
#77220=PLANE('',#77210);
#77230=CARTESIAN_POINT('',(-3.717181,-0.372053431461694,7.6));
#77240=DIRECTION('',(0.,-1.,0.));
#77250=VECTOR('',#77240,1.);
#77260=LINE('',#77230,#77250);
#77270=CARTESIAN_POINT('',(-3.717181,-1.755469,7.6));
#77280=VERTEX_POINT('',#77270);
#77290=CARTESIAN_POINT('',(-3.717181,-1.955469,7.6));
#77300=VERTEX_POINT('',#77290);
#77310=EDGE_CURVE('',#77280,#77300,#77260,.T.);
#77320=ORIENTED_EDGE('',*,*,#77310,.T.);
#77330=CARTESIAN_POINT('',(-0.0251477347320566,-0.832460683683013,
8.52300831631699));
#77340=DIRECTION('',(-0.942809041582063,-0.235702260395516,
-0.235702260395517));
#77350=VECTOR('',#77340,1.);
#77360=LINE('',#77330,#77350);
#77370=EDGE_CURVE('',#76960,#77280,#77360,.T.);
#77380=ORIENTED_EDGE('',*,*,#77370,.T.);
#77390=ORIENTED_EDGE('',*,*,#76970,.F.);
#77400=CARTESIAN_POINT('',(-0.0251477347320566,-2.87847731631698,
8.52300831631699));
#77410=DIRECTION('',(0.942809041582063,-0.235702260395516,
0.235702260395517));
#77420=VECTOR('',#77410,1.);
#77430=LINE('',#77400,#77420);
#77440=EDGE_CURVE('',#77300,#76880,#77430,.T.);
#77450=ORIENTED_EDGE('',*,*,#77440,.T.);
#77460=EDGE_LOOP('',(#77450,#77390,#77380,#77320));
#77470=FACE_OUTER_BOUND('',#77460,.T.);
#77480=ADVANCED_FACE('',(#77470),#77220,.F.);
#77490=CARTESIAN_POINT('',(-3.417181,-2.030469,7.325));
#77500=DIRECTION('',(-0.242535625036333,-0.970142500145332,0.));
#77510=DIRECTION('',(-0.970142500145332,0.242535625036333,0.));
#77520=AXIS2_PLACEMENT_3D('',#77490,#77500,#77510);
#77530=PLANE('',#77520);
#77540=CARTESIAN_POINT('',(-3.717181,-1.955469,7.325));
#77550=DIRECTION('',(0.,0.,1.));
#77560=VECTOR('',#77550,1.);
#77570=LINE('',#77540,#77560);
#77580=CARTESIAN_POINT('',(-3.717181,-1.955469,7.4));
#77590=VERTEX_POINT('',#77580);
#77600=EDGE_CURVE('',#77590,#77300,#77570,.T.);
#77610=ORIENTED_EDGE('',*,*,#77600,.F.);
#77620=ORIENTED_EDGE('',*,*,#77440,.F.);
#77630=CARTESIAN_POINT('',(-3.417181,-2.030469,7.325));
#77640=DIRECTION('',(0.,0.,-1.));
#77650=VECTOR('',#77640,1.);
#77660=LINE('',#77630,#77650);
#77670=EDGE_CURVE('',#76880,#76440,#77660,.T.);
#77680=ORIENTED_EDGE('',*,*,#77670,.F.);
#77690=CARTESIAN_POINT('',(-0.0251477347320566,-2.87847731631698,
6.47699168368301));
#77700=DIRECTION('',(-0.942809041582063,0.235702260395516,
0.235702260395517));
#77710=VECTOR('',#77700,1.);
#77720=LINE('',#77690,#77710);
#77730=EDGE_CURVE('',#76440,#77590,#77720,.T.);
#77740=ORIENTED_EDGE('',*,*,#77730,.F.);
#77750=EDGE_LOOP('',(#77740,#77680,#77620,#77610));
#77760=FACE_OUTER_BOUND('',#77750,.T.);
#77770=ADVANCED_FACE('',(#77760),#77530,.T.);
#77780=CARTESIAN_POINT('',(-3.717181,-1.955469,7.325));
#77790=DIRECTION('',(-1.,0.,0.));
#77800=DIRECTION('',(0.,1.,0.));
#77810=AXIS2_PLACEMENT_3D('',#77780,#77790,#77800);
#77820=PLANE('',#77810);
#77830=CARTESIAN_POINT('',(-3.717181,-1.755469,7.325));
#77840=DIRECTION('',(0.,0.,1.));
#77850=VECTOR('',#77840,1.);
#77860=LINE('',#77830,#77850);
#77870=CARTESIAN_POINT('',(-3.717181,-1.755469,7.4));
#77880=VERTEX_POINT('',#77870);
#77890=EDGE_CURVE('',#77880,#77280,#77860,.T.);
#77900=ORIENTED_EDGE('',*,*,#77890,.F.);
#77910=ORIENTED_EDGE('',*,*,#77310,.F.);
#77920=ORIENTED_EDGE('',*,*,#77600,.T.);
#77930=CARTESIAN_POINT('',(-3.717181,-0.372053431461694,7.4));
#77940=DIRECTION('',(0.,1.,0.));
#77950=VECTOR('',#77940,1.);
#77960=LINE('',#77930,#77950);
#77970=EDGE_CURVE('',#77590,#77880,#77960,.T.);
#77980=ORIENTED_EDGE('',*,*,#77970,.F.);
#77990=EDGE_LOOP('',(#77980,#77920,#77910,#77900));
#78000=FACE_OUTER_BOUND('',#77990,.T.);
#78010=ADVANCED_FACE('',(#78000),#77820,.T.);
#78020=CARTESIAN_POINT('',(-3.417181,-2.4404714,7.325));
#78030=DIRECTION('',(0.242535625036334,0.,0.970142500145332));
#78040=DIRECTION('',(-0.970142500145332,0.,0.242535625036334));
#78050=AXIS2_PLACEMENT_3D('',#78020,#78030,#78040);
#78060=PLANE('',#78050);
#78070=ORIENTED_EDGE('',*,*,#77970,.T.);
#78080=ORIENTED_EDGE('',*,*,#77730,.T.);
#78090=ORIENTED_EDGE('',*,*,#76450,.T.);
#78100=CARTESIAN_POINT('',(-0.0251477347320566,-0.832460683683013,
6.47699168368301));
#78110=DIRECTION('',(0.942809041582063,0.235702260395516,
-0.235702260395517));
#78120=VECTOR('',#78110,1.);
#78130=LINE('',#78100,#78120);
#78140=EDGE_CURVE('',#77880,#76360,#78130,.T.);
#78150=ORIENTED_EDGE('',*,*,#78140,.T.);
#78160=EDGE_LOOP('',(#78150,#78090,#78080,#78070));
#78170=FACE_OUTER_BOUND('',#78160,.T.);
#78180=ADVANCED_FACE('',(#78170),#78060,.F.);
#78190=CARTESIAN_POINT('',(-0.452181000000001,-1.430469,7.325));
#78200=DIRECTION('',(0.,0.,-1.));
#78210=DIRECTION('',(-1.,0.,0.));
#78220=AXIS2_PLACEMENT_3D('',#78190,#78200,#78210);
#78230=CYLINDRICAL_SURFACE('',#78220,0.25);
#78240=ORIENTED_EDGE('',*,*,#77120,.F.);
#78250=CARTESIAN_POINT('',(-0.452181000000001,-1.680469,7.325));
#78260=DIRECTION('',(0.,0.,-1.));
#78270=VECTOR('',#78260,1.);
#78280=LINE('',#78250,#78270);
#78290=EDGE_CURVE('',#77040,#76280,#78280,.T.);
#78300=ORIENTED_EDGE('',*,*,#78290,.F.);
#78310=ORIENTED_EDGE('',*,*,#76290,.T.);
#78320=ORIENTED_EDGE('',*,*,#75170,.T.);
#78330=EDGE_LOOP('',(#78320,#78310,#78300,#78240));
#78340=FACE_OUTER_BOUND('',#78330,.T.);
#78350=ADVANCED_FACE('',(#78340),#78230,.F.);
#78360=CARTESIAN_POINT('',(-3.417181,-1.680469,7.325));
#78370=DIRECTION('',(0.,1.,0.));
#78380=DIRECTION('',(1.,0.,0.));
#78390=AXIS2_PLACEMENT_3D('',#78360,#78370,#78380);
#78400=PLANE('',#78390);
#78410=ORIENTED_EDGE('',*,*,#78290,.T.);
#78420=ORIENTED_EDGE('',*,*,#77050,.T.);
#78430=CARTESIAN_POINT('',(-3.417181,-1.680469,7.325));
#78440=DIRECTION('',(0.,0.,1.));
#78450=VECTOR('',#78440,1.);
#78460=LINE('',#78430,#78450);
#78470=EDGE_CURVE('',#76360,#76960,#78460,.T.);
#78480=ORIENTED_EDGE('',*,*,#78470,.T.);
#78490=ORIENTED_EDGE('',*,*,#76370,.F.);
#78500=EDGE_LOOP('',(#78490,#78480,#78420,#78410));
#78510=FACE_OUTER_BOUND('',#78500,.T.);
#78520=ADVANCED_FACE('',(#78510),#78400,.T.);
#78530=CARTESIAN_POINT('',(-3.717181,-1.755469,7.325));
#78540=DIRECTION('',(-0.242535625036333,0.970142500145332,0.));
#78550=DIRECTION('',(0.970142500145332,0.242535625036333,0.));
#78560=AXIS2_PLACEMENT_3D('',#78530,#78540,#78550);
#78570=PLANE('',#78560);
#78580=ORIENTED_EDGE('',*,*,#77890,.T.);
#78590=ORIENTED_EDGE('',*,*,#78140,.F.);
#78600=ORIENTED_EDGE('',*,*,#78470,.F.);
#78610=ORIENTED_EDGE('',*,*,#77370,.F.);
#78620=EDGE_LOOP('',(#78610,#78600,#78590,#78580));
#78630=FACE_OUTER_BOUND('',#78620,.T.);
#78640=ADVANCED_FACE('',(#78630),#78570,.T.);
#78650=CARTESIAN_POINT('',(-0.302181,-1.580469,7.325));
#78660=DIRECTION('',(0.,0.,1.));
#78670=DIRECTION('',(1.,0.,0.));
#78680=AXIS2_PLACEMENT_3D('',#78650,#78660,#78670);
#78690=CYLINDRICAL_SURFACE('',#78680,0.45);
#78700=ORIENTED_EDGE('',*,*,#76810,.F.);
#78710=CARTESIAN_POINT('',(0.147819,-1.580469,7.325));
#78720=DIRECTION('',(0.,0.,1.));
#78730=VECTOR('',#78720,1.);
#78740=LINE('',#78710,#78730);
#78750=EDGE_CURVE('',#76610,#76710,#78740,.T.);
#78760=ORIENTED_EDGE('',*,*,#78750,.T.);
#78770=ORIENTED_EDGE('',*,*,#76620,.T.);
#78780=CARTESIAN_POINT('',(-0.302181,-2.030469,7.325));
#78790=DIRECTION('',(0.,0.,1.));
#78800=VECTOR('',#78790,1.);
#78810=LINE('',#78780,#78800);
#78820=EDGE_CURVE('',#76520,#76800,#78810,.T.);
#78830=ORIENTED_EDGE('',*,*,#78820,.F.);
#78840=EDGE_LOOP('',(#78830,#78770,#78760,#78700));
#78850=FACE_OUTER_BOUND('',#78840,.T.);
#78860=ADVANCED_FACE('',(#78850),#78690,.T.);
#78870=CARTESIAN_POINT('',(0.147819,-2.030469,7.325));
#78880=DIRECTION('',(0.,-1.,0.));
#78890=DIRECTION('',(-1.,0.,0.));
#78900=AXIS2_PLACEMENT_3D('',#78870,#78880,#78890);
#78910=PLANE('',#78900);
#78920=ORIENTED_EDGE('',*,*,#76530,.F.);
#78930=ORIENTED_EDGE('',*,*,#77670,.T.);
#78940=ORIENTED_EDGE('',*,*,#76890,.T.);
#78950=ORIENTED_EDGE('',*,*,#78820,.T.);
#78960=EDGE_LOOP('',(#78950,#78940,#78930,#78920));
#78970=FACE_OUTER_BOUND('',#78960,.T.);
#78980=ADVANCED_FACE('',(#78970),#78910,.T.);
#78990=ORIENTED_EDGE('',*,*,#76640,.T.);
#79000=ORIENTED_EDGE('',*,*,#78750,.F.);
#79010=ORIENTED_EDGE('',*,*,#76720,.F.);
#79020=ORIENTED_EDGE('',*,*,#75310,.T.);
#79030=EDGE_LOOP('',(#79020,#79010,#79000,#78990));
#79040=FACE_OUTER_BOUND('',#79030,.T.);
#79050=ADVANCED_FACE('',(#79040),#19370,.T.);
#79060=CARTESIAN_POINT('',(-0.452181000000001,-1.430469,8.575));
#79070=DIRECTION('',(0.,0.,-1.));
#79080=DIRECTION('',(-1.,0.,0.));
#79090=AXIS2_PLACEMENT_3D('',#79060,#79070,#79080);
#79100=CIRCLE('',#79090,0.25);
#79110=CARTESIAN_POINT('',(-0.452181000000001,-1.680469,8.575));
#79120=VERTEX_POINT('',#79110);
#79130=EDGE_CURVE('',#75500,#79120,#79100,.T.);
#79140=ORIENTED_EDGE('',*,*,#79130,.F.);
#79150=CARTESIAN_POINT('',(-0.0251477347320566,-1.680469,8.575));
#79160=DIRECTION('',(1.,0.,0.));
#79170=VECTOR('',#79160,1.);
#79180=LINE('',#79150,#79170);
#79190=CARTESIAN_POINT('',(-3.417181,-1.680469,8.575));
#79200=VERTEX_POINT('',#79190);
#79210=EDGE_CURVE('',#79200,#79120,#79180,.T.);
#79220=ORIENTED_EDGE('',*,*,#79210,.T.);
#79230=CARTESIAN_POINT('',(-3.417181,-0.372053431461694,8.575));
#79240=DIRECTION('',(0.,-1.,0.));
#79250=VECTOR('',#79240,1.);
#79260=LINE('',#79230,#79250);
#79270=CARTESIAN_POINT('',(-3.417181,-2.030469,8.575));
#79280=VERTEX_POINT('',#79270);
#79290=EDGE_CURVE('',#79200,#79280,#79260,.T.);
#79300=ORIENTED_EDGE('',*,*,#79290,.F.);
#79310=CARTESIAN_POINT('',(-0.0251477347320566,-2.030469,8.575));
#79320=DIRECTION('',(-1.,0.,0.));
#79330=VECTOR('',#79320,1.);
#79340=LINE('',#79310,#79330);
#79350=CARTESIAN_POINT('',(-0.302181,-2.030469,8.575));
#79360=VERTEX_POINT('',#79350);
#79370=EDGE_CURVE('',#79360,#79280,#79340,.T.);
#79380=ORIENTED_EDGE('',*,*,#79370,.T.);
#79390=CARTESIAN_POINT('',(-0.302181,-1.580469,8.575));
#79400=DIRECTION('',(0.,0.,1.));
#79410=DIRECTION('',(1.,0.,0.));
#79420=AXIS2_PLACEMENT_3D('',#79390,#79400,#79410);
#79430=CIRCLE('',#79420,0.45);
#79440=CARTESIAN_POINT('',(0.147819,-1.580469,8.575));
#79450=VERTEX_POINT('',#79440);
#79460=EDGE_CURVE('',#79360,#79450,#79430,.T.);
#79470=ORIENTED_EDGE('',*,*,#79460,.F.);
#79480=EDGE_CURVE('',#79450,#75580,#19700,.T.);
#79490=ORIENTED_EDGE('',*,*,#79480,.F.);
#79500=ORIENTED_EDGE('',*,*,#75590,.F.);
#79510=EDGE_LOOP('',(#79500,#79490,#79470,#79380,#79300,#79220,#79140));
#79520=FACE_OUTER_BOUND('',#79510,.T.);
#79530=ADVANCED_FACE('',(#79520),#21290,.F.);
#79540=CARTESIAN_POINT('',(0.147819,-1.580469,8.925));
#79550=VERTEX_POINT('',#79540);
#79560=EDGE_CURVE('',#79550,#75400,#19540,.T.);
#79570=ORIENTED_EDGE('',*,*,#79560,.T.);
#79580=CARTESIAN_POINT('',(-0.302181,-1.580469,8.925));
#79590=DIRECTION('',(0.,0.,1.));
#79600=DIRECTION('',(1.,0.,0.));
#79610=AXIS2_PLACEMENT_3D('',#79580,#79590,#79600);
#79620=CIRCLE('',#79610,0.45);
#79630=CARTESIAN_POINT('',(-0.302181,-2.030469,8.925));
#79640=VERTEX_POINT('',#79630);
#79650=EDGE_CURVE('',#79640,#79550,#79620,.T.);
#79660=ORIENTED_EDGE('',*,*,#79650,.T.);
#79670=CARTESIAN_POINT('',(-0.0251477347320566,-2.030469,8.925));
#79680=DIRECTION('',(-1.,0.,0.));
#79690=VECTOR('',#79680,1.);
#79700=LINE('',#79670,#79690);
#79710=CARTESIAN_POINT('',(-3.417181,-2.030469,8.925));
#79720=VERTEX_POINT('',#79710);
#79730=EDGE_CURVE('',#79640,#79720,#79700,.T.);
#79740=ORIENTED_EDGE('',*,*,#79730,.F.);
#79750=CARTESIAN_POINT('',(-3.417181,-0.372053431461694,8.925));
#79760=DIRECTION('',(0.,-1.,0.));
#79770=VECTOR('',#79760,1.);
#79780=LINE('',#79750,#79770);
#79790=CARTESIAN_POINT('',(-3.417181,-1.680469,8.925));
#79800=VERTEX_POINT('',#79790);
#79810=EDGE_CURVE('',#79800,#79720,#79780,.T.);
#79820=ORIENTED_EDGE('',*,*,#79810,.T.);
#79830=CARTESIAN_POINT('',(-0.0251477347320566,-1.680469,8.925));
#79840=DIRECTION('',(1.,0.,0.));
#79850=VECTOR('',#79840,1.);
#79860=LINE('',#79830,#79850);
#79870=CARTESIAN_POINT('',(-0.452181000000001,-1.680469,8.925));
#79880=VERTEX_POINT('',#79870);
#79890=EDGE_CURVE('',#79800,#79880,#79860,.T.);
#79900=ORIENTED_EDGE('',*,*,#79890,.F.);
#79910=CARTESIAN_POINT('',(-0.452181000000001,-1.430469,8.925));
#79920=DIRECTION('',(0.,0.,-1.));
#79930=DIRECTION('',(-1.,0.,0.));
#79940=AXIS2_PLACEMENT_3D('',#79910,#79920,#79930);
#79950=CIRCLE('',#79940,0.25);
#79960=EDGE_CURVE('',#75420,#79880,#79950,.T.);
#79970=ORIENTED_EDGE('',*,*,#79960,.T.);
#79980=ORIENTED_EDGE('',*,*,#75430,.T.);
#79990=EDGE_LOOP('',(#79980,#79970,#79900,#79820,#79740,#79660,#79570));
#80000=FACE_OUTER_BOUND('',#79990,.T.);
#80010=ADVANCED_FACE('',(#80000),#21410,.T.);
#80020=CARTESIAN_POINT('',(-3.717181,-2.4404714,8.85));
#80030=DIRECTION('',(0.242535625036334,0.,-0.970142500145332));
#80040=DIRECTION('',(0.970142500145332,0.,0.242535625036334));
#80050=AXIS2_PLACEMENT_3D('',#80020,#80030,#80040);
#80060=PLANE('',#80050);
#80070=CARTESIAN_POINT('',(-3.717181,-0.372053431461694,8.85));
#80080=DIRECTION('',(0.,-1.,0.));
#80090=VECTOR('',#80080,1.);
#80100=LINE('',#80070,#80090);
#80110=CARTESIAN_POINT('',(-3.717181,-1.755469,8.85));
#80120=VERTEX_POINT('',#80110);
#80130=CARTESIAN_POINT('',(-3.717181,-1.955469,8.85));
#80140=VERTEX_POINT('',#80130);
#80150=EDGE_CURVE('',#80120,#80140,#80100,.T.);
#80160=ORIENTED_EDGE('',*,*,#80150,.T.);
#80170=CARTESIAN_POINT('',(-0.0251477347320566,-0.832460683683013,
9.77300831631699));
#80180=DIRECTION('',(-0.942809041582063,-0.235702260395516,
-0.235702260395517));
#80190=VECTOR('',#80180,1.);
#80200=LINE('',#80170,#80190);
#80210=EDGE_CURVE('',#79800,#80120,#80200,.T.);
#80220=ORIENTED_EDGE('',*,*,#80210,.T.);
#80230=ORIENTED_EDGE('',*,*,#79810,.F.);
#80240=CARTESIAN_POINT('',(-0.0251477347320566,-2.87847731631698,
9.77300831631699));
#80250=DIRECTION('',(0.942809041582063,-0.235702260395516,
0.235702260395517));
#80260=VECTOR('',#80250,1.);
#80270=LINE('',#80240,#80260);
#80280=EDGE_CURVE('',#80140,#79720,#80270,.T.);
#80290=ORIENTED_EDGE('',*,*,#80280,.T.);
#80300=EDGE_LOOP('',(#80290,#80230,#80220,#80160));
#80310=FACE_OUTER_BOUND('',#80300,.T.);
#80320=ADVANCED_FACE('',(#80310),#80060,.F.);
#80330=CARTESIAN_POINT('',(-3.417181,-2.030469,8.575));
#80340=DIRECTION('',(-0.242535625036333,-0.970142500145332,0.));
#80350=DIRECTION('',(-0.970142500145332,0.242535625036333,0.));
#80360=AXIS2_PLACEMENT_3D('',#80330,#80340,#80350);
#80370=PLANE('',#80360);
#80380=CARTESIAN_POINT('',(-3.717181,-1.955469,8.575));
#80390=DIRECTION('',(0.,0.,1.));
#80400=VECTOR('',#80390,1.);
#80410=LINE('',#80380,#80400);
#80420=CARTESIAN_POINT('',(-3.717181,-1.955469,8.65));
#80430=VERTEX_POINT('',#80420);
#80440=EDGE_CURVE('',#80430,#80140,#80410,.T.);
#80450=ORIENTED_EDGE('',*,*,#80440,.F.);
#80460=ORIENTED_EDGE('',*,*,#80280,.F.);
#80470=CARTESIAN_POINT('',(-3.417181,-2.030469,8.575));
#80480=DIRECTION('',(0.,0.,-1.));
#80490=VECTOR('',#80480,1.);
#80500=LINE('',#80470,#80490);
#80510=EDGE_CURVE('',#79720,#79280,#80500,.T.);
#80520=ORIENTED_EDGE('',*,*,#80510,.F.);
#80530=CARTESIAN_POINT('',(-0.0251477347320566,-2.87847731631698,
7.72699168368301));
#80540=DIRECTION('',(-0.942809041582063,0.235702260395516,
0.235702260395517));
#80550=VECTOR('',#80540,1.);
#80560=LINE('',#80530,#80550);
#80570=EDGE_CURVE('',#79280,#80430,#80560,.T.);
#80580=ORIENTED_EDGE('',*,*,#80570,.F.);
#80590=EDGE_LOOP('',(#80580,#80520,#80460,#80450));
#80600=FACE_OUTER_BOUND('',#80590,.T.);
#80610=ADVANCED_FACE('',(#80600),#80370,.T.);
#80620=CARTESIAN_POINT('',(-3.717181,-1.955469,8.575));
#80630=DIRECTION('',(-1.,0.,0.));
#80640=DIRECTION('',(0.,1.,0.));
#80650=AXIS2_PLACEMENT_3D('',#80620,#80630,#80640);
#80660=PLANE('',#80650);
#80670=CARTESIAN_POINT('',(-3.717181,-1.755469,8.575));
#80680=DIRECTION('',(0.,0.,1.));
#80690=VECTOR('',#80680,1.);
#80700=LINE('',#80670,#80690);
#80710=CARTESIAN_POINT('',(-3.717181,-1.755469,8.65));
#80720=VERTEX_POINT('',#80710);
#80730=EDGE_CURVE('',#80720,#80120,#80700,.T.);
#80740=ORIENTED_EDGE('',*,*,#80730,.F.);
#80750=ORIENTED_EDGE('',*,*,#80150,.F.);
#80760=ORIENTED_EDGE('',*,*,#80440,.T.);
#80770=CARTESIAN_POINT('',(-3.717181,-0.372053431461694,8.65));
#80780=DIRECTION('',(0.,1.,0.));
#80790=VECTOR('',#80780,1.);
#80800=LINE('',#80770,#80790);
#80810=EDGE_CURVE('',#80430,#80720,#80800,.T.);
#80820=ORIENTED_EDGE('',*,*,#80810,.F.);
#80830=EDGE_LOOP('',(#80820,#80760,#80750,#80740));
#80840=FACE_OUTER_BOUND('',#80830,.T.);
#80850=ADVANCED_FACE('',(#80840),#80660,.T.);
#80860=CARTESIAN_POINT('',(-3.417181,-2.4404714,8.575));
#80870=DIRECTION('',(0.242535625036334,0.,0.970142500145332));
#80880=DIRECTION('',(-0.970142500145332,0.,0.242535625036334));
#80890=AXIS2_PLACEMENT_3D('',#80860,#80870,#80880);
#80900=PLANE('',#80890);
#80910=ORIENTED_EDGE('',*,*,#80810,.T.);
#80920=ORIENTED_EDGE('',*,*,#80570,.T.);
#80930=ORIENTED_EDGE('',*,*,#79290,.T.);
#80940=CARTESIAN_POINT('',(-0.0251477347320566,-0.832460683683013,
7.72699168368301));
#80950=DIRECTION('',(0.942809041582063,0.235702260395516,
-0.235702260395517));
#80960=VECTOR('',#80950,1.);
#80970=LINE('',#80940,#80960);
#80980=EDGE_CURVE('',#80720,#79200,#80970,.T.);
#80990=ORIENTED_EDGE('',*,*,#80980,.T.);
#81000=EDGE_LOOP('',(#80990,#80930,#80920,#80910));
#81010=FACE_OUTER_BOUND('',#81000,.T.);
#81020=ADVANCED_FACE('',(#81010),#80900,.F.);
#81030=CARTESIAN_POINT('',(-0.452181000000001,-1.430469,8.575));
#81040=DIRECTION('',(0.,0.,-1.));
#81050=DIRECTION('',(-1.,0.,0.));
#81060=AXIS2_PLACEMENT_3D('',#81030,#81040,#81050);
#81070=CYLINDRICAL_SURFACE('',#81060,0.25);
#81080=ORIENTED_EDGE('',*,*,#79960,.F.);
#81090=CARTESIAN_POINT('',(-0.452181000000001,-1.680469,8.575));
#81100=DIRECTION('',(0.,0.,-1.));
#81110=VECTOR('',#81100,1.);
#81120=LINE('',#81090,#81110);
#81130=EDGE_CURVE('',#79880,#79120,#81120,.T.);
#81140=ORIENTED_EDGE('',*,*,#81130,.F.);
#81150=ORIENTED_EDGE('',*,*,#79130,.T.);
#81160=ORIENTED_EDGE('',*,*,#75510,.T.);
#81170=EDGE_LOOP('',(#81160,#81150,#81140,#81080));
#81180=FACE_OUTER_BOUND('',#81170,.T.);
#81190=ADVANCED_FACE('',(#81180),#81070,.F.);
#81200=CARTESIAN_POINT('',(-3.417181,-1.680469,8.575));
#81210=DIRECTION('',(0.,1.,0.));
#81220=DIRECTION('',(1.,0.,0.));
#81230=AXIS2_PLACEMENT_3D('',#81200,#81210,#81220);
#81240=PLANE('',#81230);
#81250=ORIENTED_EDGE('',*,*,#81130,.T.);
#81260=ORIENTED_EDGE('',*,*,#79890,.T.);
#81270=CARTESIAN_POINT('',(-3.417181,-1.680469,8.575));
#81280=DIRECTION('',(0.,0.,1.));
#81290=VECTOR('',#81280,1.);
#81300=LINE('',#81270,#81290);
#81310=EDGE_CURVE('',#79200,#79800,#81300,.T.);
#81320=ORIENTED_EDGE('',*,*,#81310,.T.);
#81330=ORIENTED_EDGE('',*,*,#79210,.F.);
#81340=EDGE_LOOP('',(#81330,#81320,#81260,#81250));
#81350=FACE_OUTER_BOUND('',#81340,.T.);
#81360=ADVANCED_FACE('',(#81350),#81240,.T.);
#81370=CARTESIAN_POINT('',(-3.717181,-1.755469,8.575));
#81380=DIRECTION('',(-0.242535625036333,0.970142500145332,0.));
#81390=DIRECTION('',(0.970142500145332,0.242535625036333,0.));
#81400=AXIS2_PLACEMENT_3D('',#81370,#81380,#81390);
#81410=PLANE('',#81400);
#81420=ORIENTED_EDGE('',*,*,#80730,.T.);
#81430=ORIENTED_EDGE('',*,*,#80980,.F.);
#81440=ORIENTED_EDGE('',*,*,#81310,.F.);
#81450=ORIENTED_EDGE('',*,*,#80210,.F.);
#81460=EDGE_LOOP('',(#81450,#81440,#81430,#81420));
#81470=FACE_OUTER_BOUND('',#81460,.T.);
#81480=ADVANCED_FACE('',(#81470),#81410,.T.);
#81490=CARTESIAN_POINT('',(-0.302181,-1.580469,8.575));
#81500=DIRECTION('',(0.,0.,1.));
#81510=DIRECTION('',(1.,0.,0.));
#81520=AXIS2_PLACEMENT_3D('',#81490,#81500,#81510);
#81530=CYLINDRICAL_SURFACE('',#81520,0.45);
#81540=ORIENTED_EDGE('',*,*,#79650,.F.);
#81550=CARTESIAN_POINT('',(0.147819,-1.580469,8.575));
#81560=DIRECTION('',(0.,0.,1.));
#81570=VECTOR('',#81560,1.);
#81580=LINE('',#81550,#81570);
#81590=EDGE_CURVE('',#79450,#79550,#81580,.T.);
#81600=ORIENTED_EDGE('',*,*,#81590,.T.);
#81610=ORIENTED_EDGE('',*,*,#79460,.T.);
#81620=CARTESIAN_POINT('',(-0.302181,-2.030469,8.575));
#81630=DIRECTION('',(0.,0.,1.));
#81640=VECTOR('',#81630,1.);
#81650=LINE('',#81620,#81640);
#81660=EDGE_CURVE('',#79360,#79640,#81650,.T.);
#81670=ORIENTED_EDGE('',*,*,#81660,.F.);
#81680=EDGE_LOOP('',(#81670,#81610,#81600,#81540));
#81690=FACE_OUTER_BOUND('',#81680,.T.);
#81700=ADVANCED_FACE('',(#81690),#81530,.T.);
#81710=CARTESIAN_POINT('',(0.147819,-2.030469,8.575));
#81720=DIRECTION('',(0.,-1.,0.));
#81730=DIRECTION('',(-1.,0.,0.));
#81740=AXIS2_PLACEMENT_3D('',#81710,#81720,#81730);
#81750=PLANE('',#81740);
#81760=ORIENTED_EDGE('',*,*,#79370,.F.);
#81770=ORIENTED_EDGE('',*,*,#80510,.T.);
#81780=ORIENTED_EDGE('',*,*,#79730,.T.);
#81790=ORIENTED_EDGE('',*,*,#81660,.T.);
#81800=EDGE_LOOP('',(#81790,#81780,#81770,#81760));
#81810=FACE_OUTER_BOUND('',#81800,.T.);
#81820=ADVANCED_FACE('',(#81810),#81750,.T.);
#81830=ORIENTED_EDGE('',*,*,#79480,.T.);
#81840=ORIENTED_EDGE('',*,*,#81590,.F.);
#81850=ORIENTED_EDGE('',*,*,#79560,.F.);
#81860=ORIENTED_EDGE('',*,*,#75650,.T.);
#81870=EDGE_LOOP('',(#81860,#81850,#81840,#81830));
#81880=FACE_OUTER_BOUND('',#81870,.T.);
#81890=ADVANCED_FACE('',(#81880),#19490,.T.);
#81900=CARTESIAN_POINT('',(-0.452181000000001,-1.430469,6.075));
#81910=DIRECTION('',(0.,0.,-1.));
#81920=DIRECTION('',(-1.,0.,0.));
#81930=AXIS2_PLACEMENT_3D('',#81900,#81910,#81920);
#81940=CIRCLE('',#81930,0.25);
#81950=CARTESIAN_POINT('',(-0.452181000000001,-1.680469,6.075));
#81960=VERTEX_POINT('',#81950);
#81970=EDGE_CURVE('',#75840,#81960,#81940,.T.);
#81980=ORIENTED_EDGE('',*,*,#81970,.F.);
#81990=CARTESIAN_POINT('',(-0.0251477347320566,-1.680469,6.075));
#82000=DIRECTION('',(1.,0.,0.));
#82010=VECTOR('',#82000,1.);
#82020=LINE('',#81990,#82010);
#82030=CARTESIAN_POINT('',(-3.417181,-1.680469,6.075));
#82040=VERTEX_POINT('',#82030);
#82050=EDGE_CURVE('',#82040,#81960,#82020,.T.);
#82060=ORIENTED_EDGE('',*,*,#82050,.T.);
#82070=CARTESIAN_POINT('',(-3.417181,-0.372053431461694,6.075));
#82080=DIRECTION('',(0.,-1.,0.));
#82090=VECTOR('',#82080,1.);
#82100=LINE('',#82070,#82090);
#82110=CARTESIAN_POINT('',(-3.417181,-2.030469,6.075));
#82120=VERTEX_POINT('',#82110);
#82130=EDGE_CURVE('',#82040,#82120,#82100,.T.);
#82140=ORIENTED_EDGE('',*,*,#82130,.F.);
#82150=CARTESIAN_POINT('',(-0.0251477347320566,-2.030469,6.075));
#82160=DIRECTION('',(-1.,0.,0.));
#82170=VECTOR('',#82160,1.);
#82180=LINE('',#82150,#82170);
#82190=CARTESIAN_POINT('',(-0.302181,-2.030469,6.075));
#82200=VERTEX_POINT('',#82190);
#82210=EDGE_CURVE('',#82200,#82120,#82180,.T.);
#82220=ORIENTED_EDGE('',*,*,#82210,.T.);
#82230=CARTESIAN_POINT('',(-0.302181,-1.580469,6.075));
#82240=DIRECTION('',(0.,0.,1.));
#82250=DIRECTION('',(1.,0.,0.));
#82260=AXIS2_PLACEMENT_3D('',#82230,#82240,#82250);
#82270=CIRCLE('',#82260,0.45);
#82280=CARTESIAN_POINT('',(0.147819,-1.580469,6.075));
#82290=VERTEX_POINT('',#82280);
#82300=EDGE_CURVE('',#82200,#82290,#82270,.T.);
#82310=ORIENTED_EDGE('',*,*,#82300,.F.);
#82320=EDGE_CURVE('',#82290,#75920,#21740,.T.);
#82330=ORIENTED_EDGE('',*,*,#82320,.F.);
#82340=ORIENTED_EDGE('',*,*,#75930,.F.);
#82350=EDGE_LOOP('',(#82340,#82330,#82310,#82220,#82140,#82060,#81980));
#82360=FACE_OUTER_BOUND('',#82350,.T.);
#82370=ADVANCED_FACE('',(#82360),#23330,.F.);
#82380=CARTESIAN_POINT('',(0.147819,-1.580469,6.425));
#82390=VERTEX_POINT('',#82380);
#82400=EDGE_CURVE('',#82390,#75740,#21580,.T.);
#82410=ORIENTED_EDGE('',*,*,#82400,.T.);
#82420=CARTESIAN_POINT('',(-0.302181,-1.580469,6.425));
#82430=DIRECTION('',(0.,0.,1.));
#82440=DIRECTION('',(1.,0.,0.));
#82450=AXIS2_PLACEMENT_3D('',#82420,#82430,#82440);
#82460=CIRCLE('',#82450,0.45);
#82470=CARTESIAN_POINT('',(-0.302181,-2.030469,6.425));
#82480=VERTEX_POINT('',#82470);
#82490=EDGE_CURVE('',#82480,#82390,#82460,.T.);
#82500=ORIENTED_EDGE('',*,*,#82490,.T.);
#82510=CARTESIAN_POINT('',(-0.0251477347320566,-2.030469,6.425));
#82520=DIRECTION('',(-1.,0.,0.));
#82530=VECTOR('',#82520,1.);
#82540=LINE('',#82510,#82530);
#82550=CARTESIAN_POINT('',(-3.417181,-2.030469,6.425));
#82560=VERTEX_POINT('',#82550);
#82570=EDGE_CURVE('',#82480,#82560,#82540,.T.);
#82580=ORIENTED_EDGE('',*,*,#82570,.F.);
#82590=CARTESIAN_POINT('',(-3.417181,-0.372053431461694,6.425));
#82600=DIRECTION('',(0.,-1.,0.));
#82610=VECTOR('',#82600,1.);
#82620=LINE('',#82590,#82610);
#82630=CARTESIAN_POINT('',(-3.417181,-1.680469,6.425));
#82640=VERTEX_POINT('',#82630);
#82650=EDGE_CURVE('',#82640,#82560,#82620,.T.);
#82660=ORIENTED_EDGE('',*,*,#82650,.T.);
#82670=CARTESIAN_POINT('',(-0.0251477347320566,-1.680469,6.425));
#82680=DIRECTION('',(1.,0.,0.));
#82690=VECTOR('',#82680,1.);
#82700=LINE('',#82670,#82690);
#82710=CARTESIAN_POINT('',(-0.452181000000001,-1.680469,6.425));
#82720=VERTEX_POINT('',#82710);
#82730=EDGE_CURVE('',#82640,#82720,#82700,.T.);
#82740=ORIENTED_EDGE('',*,*,#82730,.F.);
#82750=CARTESIAN_POINT('',(-0.452181000000001,-1.430469,6.425));
#82760=DIRECTION('',(0.,0.,-1.));
#82770=DIRECTION('',(-1.,0.,0.));
#82780=AXIS2_PLACEMENT_3D('',#82750,#82760,#82770);
#82790=CIRCLE('',#82780,0.25);
#82800=EDGE_CURVE('',#75760,#82720,#82790,.T.);
#82810=ORIENTED_EDGE('',*,*,#82800,.T.);
#82820=ORIENTED_EDGE('',*,*,#75770,.T.);
#82830=EDGE_LOOP('',(#82820,#82810,#82740,#82660,#82580,#82500,#82410));
#82840=FACE_OUTER_BOUND('',#82830,.T.);
#82850=ADVANCED_FACE('',(#82840),#23450,.T.);
#82860=CARTESIAN_POINT('',(-3.717181,-2.4404714,6.35));
#82870=DIRECTION('',(0.242535625036334,0.,-0.970142500145332));
#82880=DIRECTION('',(0.970142500145332,0.,0.242535625036334));
#82890=AXIS2_PLACEMENT_3D('',#82860,#82870,#82880);
#82900=PLANE('',#82890);
#82910=CARTESIAN_POINT('',(-3.717181,-0.372053431461694,6.35));
#82920=DIRECTION('',(0.,-1.,0.));
#82930=VECTOR('',#82920,1.);
#82940=LINE('',#82910,#82930);
#82950=CARTESIAN_POINT('',(-3.717181,-1.755469,6.35));
#82960=VERTEX_POINT('',#82950);
#82970=CARTESIAN_POINT('',(-3.717181,-1.955469,6.35));
#82980=VERTEX_POINT('',#82970);
#82990=EDGE_CURVE('',#82960,#82980,#82940,.T.);
#83000=ORIENTED_EDGE('',*,*,#82990,.T.);
#83010=CARTESIAN_POINT('',(-0.0251477347320566,-0.832460683683013,
7.27300831631699));
#83020=DIRECTION('',(-0.942809041582063,-0.235702260395516,
-0.235702260395517));
#83030=VECTOR('',#83020,1.);
#83040=LINE('',#83010,#83030);
#83050=EDGE_CURVE('',#82640,#82960,#83040,.T.);
#83060=ORIENTED_EDGE('',*,*,#83050,.T.);
#83070=ORIENTED_EDGE('',*,*,#82650,.F.);
#83080=CARTESIAN_POINT('',(-0.0251477347320566,-2.87847731631698,
7.27300831631699));
#83090=DIRECTION('',(0.942809041582063,-0.235702260395516,
0.235702260395517));
#83100=VECTOR('',#83090,1.);
#83110=LINE('',#83080,#83100);
#83120=EDGE_CURVE('',#82980,#82560,#83110,.T.);
#83130=ORIENTED_EDGE('',*,*,#83120,.T.);
#83140=EDGE_LOOP('',(#83130,#83070,#83060,#83000));
#83150=FACE_OUTER_BOUND('',#83140,.T.);
#83160=ADVANCED_FACE('',(#83150),#82900,.F.);
#83170=CARTESIAN_POINT('',(-3.417181,-2.030469,6.075));
#83180=DIRECTION('',(-0.242535625036333,-0.970142500145332,0.));
#83190=DIRECTION('',(-0.970142500145332,0.242535625036333,0.));
#83200=AXIS2_PLACEMENT_3D('',#83170,#83180,#83190);
#83210=PLANE('',#83200);
#83220=CARTESIAN_POINT('',(-3.717181,-1.955469,6.075));
#83230=DIRECTION('',(0.,0.,1.));
#83240=VECTOR('',#83230,1.);
#83250=LINE('',#83220,#83240);
#83260=CARTESIAN_POINT('',(-3.717181,-1.955469,6.15));
#83270=VERTEX_POINT('',#83260);
#83280=EDGE_CURVE('',#83270,#82980,#83250,.T.);
#83290=ORIENTED_EDGE('',*,*,#83280,.F.);
#83300=ORIENTED_EDGE('',*,*,#83120,.F.);
#83310=CARTESIAN_POINT('',(-3.417181,-2.030469,6.075));
#83320=DIRECTION('',(0.,0.,-1.));
#83330=VECTOR('',#83320,1.);
#83340=LINE('',#83310,#83330);
#83350=EDGE_CURVE('',#82560,#82120,#83340,.T.);
#83360=ORIENTED_EDGE('',*,*,#83350,.F.);
#83370=CARTESIAN_POINT('',(-0.0251477347320566,-2.87847731631698,
5.22699168368301));
#83380=DIRECTION('',(-0.942809041582063,0.235702260395516,
0.235702260395517));
#83390=VECTOR('',#83380,1.);
#83400=LINE('',#83370,#83390);
#83410=EDGE_CURVE('',#82120,#83270,#83400,.T.);
#83420=ORIENTED_EDGE('',*,*,#83410,.F.);
#83430=EDGE_LOOP('',(#83420,#83360,#83300,#83290));
#83440=FACE_OUTER_BOUND('',#83430,.T.);
#83450=ADVANCED_FACE('',(#83440),#83210,.T.);
#83460=CARTESIAN_POINT('',(-3.717181,-1.955469,6.075));
#83470=DIRECTION('',(-1.,0.,0.));
#83480=DIRECTION('',(0.,1.,0.));
#83490=AXIS2_PLACEMENT_3D('',#83460,#83470,#83480);
#83500=PLANE('',#83490);
#83510=CARTESIAN_POINT('',(-3.717181,-1.755469,6.075));
#83520=DIRECTION('',(0.,0.,1.));
#83530=VECTOR('',#83520,1.);
#83540=LINE('',#83510,#83530);
#83550=CARTESIAN_POINT('',(-3.717181,-1.755469,6.15));
#83560=VERTEX_POINT('',#83550);
#83570=EDGE_CURVE('',#83560,#82960,#83540,.T.);
#83580=ORIENTED_EDGE('',*,*,#83570,.F.);
#83590=ORIENTED_EDGE('',*,*,#82990,.F.);
#83600=ORIENTED_EDGE('',*,*,#83280,.T.);
#83610=CARTESIAN_POINT('',(-3.717181,-0.372053431461694,6.15));
#83620=DIRECTION('',(0.,1.,0.));
#83630=VECTOR('',#83620,1.);
#83640=LINE('',#83610,#83630);
#83650=EDGE_CURVE('',#83270,#83560,#83640,.T.);
#83660=ORIENTED_EDGE('',*,*,#83650,.F.);
#83670=EDGE_LOOP('',(#83660,#83600,#83590,#83580));
#83680=FACE_OUTER_BOUND('',#83670,.T.);
#83690=ADVANCED_FACE('',(#83680),#83500,.T.);
#83700=CARTESIAN_POINT('',(-3.417181,-2.4404714,6.075));
#83710=DIRECTION('',(0.242535625036334,0.,0.970142500145332));
#83720=DIRECTION('',(-0.970142500145332,0.,0.242535625036334));
#83730=AXIS2_PLACEMENT_3D('',#83700,#83710,#83720);
#83740=PLANE('',#83730);
#83750=ORIENTED_EDGE('',*,*,#83650,.T.);
#83760=ORIENTED_EDGE('',*,*,#83410,.T.);
#83770=ORIENTED_EDGE('',*,*,#82130,.T.);
#83780=CARTESIAN_POINT('',(-0.0251477347320566,-0.832460683683013,
5.22699168368301));
#83790=DIRECTION('',(0.942809041582063,0.235702260395516,
-0.235702260395517));
#83800=VECTOR('',#83790,1.);
#83810=LINE('',#83780,#83800);
#83820=EDGE_CURVE('',#83560,#82040,#83810,.T.);
#83830=ORIENTED_EDGE('',*,*,#83820,.T.);
#83840=EDGE_LOOP('',(#83830,#83770,#83760,#83750));
#83850=FACE_OUTER_BOUND('',#83840,.T.);
#83860=ADVANCED_FACE('',(#83850),#83740,.F.);
#83870=CARTESIAN_POINT('',(-0.452181000000001,-1.430469,6.075));
#83880=DIRECTION('',(0.,0.,-1.));
#83890=DIRECTION('',(-1.,0.,0.));
#83900=AXIS2_PLACEMENT_3D('',#83870,#83880,#83890);
#83910=CYLINDRICAL_SURFACE('',#83900,0.25);
#83920=ORIENTED_EDGE('',*,*,#82800,.F.);
#83930=CARTESIAN_POINT('',(-0.452181000000001,-1.680469,6.075));
#83940=DIRECTION('',(0.,0.,-1.));
#83950=VECTOR('',#83940,1.);
#83960=LINE('',#83930,#83950);
#83970=EDGE_CURVE('',#82720,#81960,#83960,.T.);
#83980=ORIENTED_EDGE('',*,*,#83970,.F.);
#83990=ORIENTED_EDGE('',*,*,#81970,.T.);
#84000=ORIENTED_EDGE('',*,*,#75850,.T.);
#84010=EDGE_LOOP('',(#84000,#83990,#83980,#83920));
#84020=FACE_OUTER_BOUND('',#84010,.T.);
#84030=ADVANCED_FACE('',(#84020),#83910,.F.);
#84040=CARTESIAN_POINT('',(-3.417181,-1.680469,6.075));
#84050=DIRECTION('',(0.,1.,0.));
#84060=DIRECTION('',(1.,0.,0.));
#84070=AXIS2_PLACEMENT_3D('',#84040,#84050,#84060);
#84080=PLANE('',#84070);
#84090=ORIENTED_EDGE('',*,*,#83970,.T.);
#84100=ORIENTED_EDGE('',*,*,#82730,.T.);
#84110=CARTESIAN_POINT('',(-3.417181,-1.680469,6.075));
#84120=DIRECTION('',(0.,0.,1.));
#84130=VECTOR('',#84120,1.);
#84140=LINE('',#84110,#84130);
#84150=EDGE_CURVE('',#82040,#82640,#84140,.T.);
#84160=ORIENTED_EDGE('',*,*,#84150,.T.);
#84170=ORIENTED_EDGE('',*,*,#82050,.F.);
#84180=EDGE_LOOP('',(#84170,#84160,#84100,#84090));
#84190=FACE_OUTER_BOUND('',#84180,.T.);
#84200=ADVANCED_FACE('',(#84190),#84080,.T.);
#84210=CARTESIAN_POINT('',(-3.717181,-1.755469,6.075));
#84220=DIRECTION('',(-0.242535625036333,0.970142500145332,0.));
#84230=DIRECTION('',(0.970142500145332,0.242535625036333,0.));
#84240=AXIS2_PLACEMENT_3D('',#84210,#84220,#84230);
#84250=PLANE('',#84240);
#84260=ORIENTED_EDGE('',*,*,#83570,.T.);
#84270=ORIENTED_EDGE('',*,*,#83820,.F.);
#84280=ORIENTED_EDGE('',*,*,#84150,.F.);
#84290=ORIENTED_EDGE('',*,*,#83050,.F.);
#84300=EDGE_LOOP('',(#84290,#84280,#84270,#84260));
#84310=FACE_OUTER_BOUND('',#84300,.T.);
#84320=ADVANCED_FACE('',(#84310),#84250,.T.);
#84330=CARTESIAN_POINT('',(-0.302181,-1.580469,6.075));
#84340=DIRECTION('',(0.,0.,1.));
#84350=DIRECTION('',(1.,0.,0.));
#84360=AXIS2_PLACEMENT_3D('',#84330,#84340,#84350);
#84370=CYLINDRICAL_SURFACE('',#84360,0.45);
#84380=ORIENTED_EDGE('',*,*,#82490,.F.);
#84390=CARTESIAN_POINT('',(0.147819,-1.580469,6.075));
#84400=DIRECTION('',(0.,0.,1.));
#84410=VECTOR('',#84400,1.);
#84420=LINE('',#84390,#84410);
#84430=EDGE_CURVE('',#82290,#82390,#84420,.T.);
#84440=ORIENTED_EDGE('',*,*,#84430,.T.);
#84450=ORIENTED_EDGE('',*,*,#82300,.T.);
#84460=CARTESIAN_POINT('',(-0.302181,-2.030469,6.075));
#84470=DIRECTION('',(0.,0.,1.));
#84480=VECTOR('',#84470,1.);
#84490=LINE('',#84460,#84480);
#84500=EDGE_CURVE('',#82200,#82480,#84490,.T.);
#84510=ORIENTED_EDGE('',*,*,#84500,.F.);
#84520=EDGE_LOOP('',(#84510,#84450,#84440,#84380));
#84530=FACE_OUTER_BOUND('',#84520,.T.);
#84540=ADVANCED_FACE('',(#84530),#84370,.T.);
#84550=CARTESIAN_POINT('',(0.147819,-2.030469,6.075));
#84560=DIRECTION('',(0.,-1.,0.));
#84570=DIRECTION('',(-1.,0.,0.));
#84580=AXIS2_PLACEMENT_3D('',#84550,#84560,#84570);
#84590=PLANE('',#84580);
#84600=ORIENTED_EDGE('',*,*,#82210,.F.);
#84610=ORIENTED_EDGE('',*,*,#83350,.T.);
#84620=ORIENTED_EDGE('',*,*,#82570,.T.);
#84630=ORIENTED_EDGE('',*,*,#84500,.T.);
#84640=EDGE_LOOP('',(#84630,#84620,#84610,#84600));
#84650=FACE_OUTER_BOUND('',#84640,.T.);
#84660=ADVANCED_FACE('',(#84650),#84590,.T.);
#84670=ORIENTED_EDGE('',*,*,#82320,.T.);
#84680=ORIENTED_EDGE('',*,*,#84430,.F.);
#84690=ORIENTED_EDGE('',*,*,#82400,.F.);
#84700=ORIENTED_EDGE('',*,*,#75990,.T.);
#84710=EDGE_LOOP('',(#84700,#84690,#84680,#84670));
#84720=FACE_OUTER_BOUND('',#84710,.T.);
#84730=ADVANCED_FACE('',(#84720),#21530,.T.);
#84740=ORIENTED_EDGE('',*,*,#55670,.T.);
#84750=CARTESIAN_POINT('',(-1.717181,-2.33802133523756E-16,10.2));
#84760=DIRECTION('',(1.26531814539921E-15,-1.,0.));
#84770=VECTOR('',#84760,1.);
#84780=LINE('',#84750,#84770);
#84790=CARTESIAN_POINT('',(-1.717181,-0.363802333333335,10.2));
#84800=VERTEX_POINT('',#84790);
#84810=EDGE_CURVE('',#84800,#55640,#84780,.T.);
#84820=ORIENTED_EDGE('',*,*,#84810,.T.);
#84830=CARTESIAN_POINT('',(-1.8263217,0.,10.2));
#84840=DIRECTION('',(-0.287347885566345,0.957826285221152,0.));
#84850=VECTOR('',#84840,1.);
#84860=LINE('',#84830,#84850);
#84870=EDGE_CURVE('',#55660,#84800,#84860,.T.);
#84880=ORIENTED_EDGE('',*,*,#84870,.T.);
#84890=EDGE_LOOP('',(#84880,#84820,#84740));
#84900=FACE_OUTER_BOUND('',#84890,.T.);
#84910=ADVANCED_FACE('',(#84900),#24190,.F.);
#84920=CARTESIAN_POINT('',(-2.5571834,-1.530469,6.074));
#84930=DIRECTION('',(0.,0.,-1.));
#84940=DIRECTION('',(-1.22460635382238E-16,-1.,0.));
#84950=AXIS2_PLACEMENT_3D('',#84920,#84930,#84940);
#84960=PLANE('',#84950);
#84970=ORIENTED_EDGE('',*,*,#11850,.F.);
#84980=ORIENTED_EDGE('',*,*,#15280,.T.);
#84990=ORIENTED_EDGE('',*,*,#74960,.T.);
#85000=ORIENTED_EDGE('',*,*,#12140,.F.);
#85010=EDGE_LOOP('',(#85000,#84990,#84980,#84970));
#85020=FACE_OUTER_BOUND('',#85010,.T.);
#85030=ADVANCED_FACE('',(#85020),#84960,.F.);
#85040=CARTESIAN_POINT('',(-1.667181,-0.0304690000000002,10.2));
#85050=DIRECTION('',(-1.,1.83690953073357E-16,6.12303176911188E-17));
#85060=DIRECTION('',(-1.83690953073357E-16,-1.,1.49966072182214E-32));
#85070=AXIS2_PLACEMENT_3D('',#85040,#85050,#85060);
#85080=PLANE('',#85070);
#85090=ORIENTED_EDGE('',*,*,#63540,.T.);
#85100=ORIENTED_EDGE('',*,*,#65800,.T.);
#85110=ORIENTED_EDGE('',*,*,#40020,.T.);
#85120=CARTESIAN_POINT('',(-1.667181,0.,10.2));
#85130=DIRECTION('',(1.83690953073357E-16,1.,0.));
#85140=VECTOR('',#85130,1.);
#85150=LINE('',#85120,#85140);
#85160=EDGE_CURVE('',#39930,#63530,#85150,.T.);
#85170=ORIENTED_EDGE('',*,*,#85160,.F.);
#85180=EDGE_LOOP('',(#85170,#85110,#85100,#85090));
#85190=FACE_OUTER_BOUND('',#85180,.T.);
#85200=ADVANCED_FACE('',(#85190),#85080,.T.);
#85210=ORIENTED_EDGE('',*,*,#64240,.T.);
#85220=ORIENTED_EDGE('',*,*,#64740,.T.);
#85230=ORIENTED_EDGE('',*,*,#64080,.T.);
#85240=EDGE_LOOP('',(#85230,#85220,#85210));
#85250=FACE_OUTER_BOUND('',#85240,.T.);
#85260=ADVANCED_FACE('',(#85250),#24190,.F.);
#85270=CARTESIAN_POINT('',(-2.217181,-2.030469,7.776));
#85280=DIRECTION('',(1.22460635382238E-16,1.,4.44089209850064E-15));
#85290=DIRECTION('',(-5.43834468046348E-31,-4.44089209850064E-15,1.));
#85300=AXIS2_PLACEMENT_3D('',#85270,#85280,#85290);
#85310=PLANE('',#85300);
#85320=ORIENTED_EDGE('',*,*,#61300,.T.);
#85330=CARTESIAN_POINT('',(-2.217181,-2.030469,8.574));
#85340=DIRECTION('',(1.,-1.22460635382238E-16,0.));
#85350=VECTOR('',#85340,1.);
#85360=LINE('',#85330,#85350);
#85370=CARTESIAN_POINT('',(-1.517181,-2.030469,8.574));
#85380=VERTEX_POINT('',#85370);
#85390=EDGE_CURVE('',#61210,#85380,#85360,.T.);
#85400=ORIENTED_EDGE('',*,*,#85390,.F.);
#85410=CARTESIAN_POINT('',(-1.517181,-2.030469,11.25));
#85420=DIRECTION('',(0.,0.,-1.));
#85430=VECTOR('',#85420,1.);
#85440=LINE('',#85410,#85430);
#85450=CARTESIAN_POINT('',(-1.517181,-2.030469,7.676));
#85460=VERTEX_POINT('',#85450);
#85470=EDGE_CURVE('',#85380,#85460,#85440,.T.);
#85480=ORIENTED_EDGE('',*,*,#85470,.F.);
#85490=CARTESIAN_POINT('',(-2.217181,-2.030469,7.676));
#85500=DIRECTION('',(1.,-1.22460635382238E-16,0.));
#85510=VECTOR('',#85500,1.);
#85520=LINE('',#85490,#85510);
#85530=EDGE_CURVE('',#61290,#85460,#85520,.T.);
#85540=ORIENTED_EDGE('',*,*,#85530,.T.);
#85550=EDGE_LOOP('',(#85540,#85480,#85400,#85320));
#85560=FACE_OUTER_BOUND('',#85550,.T.);
#85570=ADVANCED_FACE('',(#85560),#85310,.F.);
#85580=CARTESIAN_POINT('',(-2.5571834,-1.530469,7.676));
#85590=DIRECTION('',(0.,0.,-1.));
#85600=DIRECTION('',(0.,-1.,0.));
#85610=AXIS2_PLACEMENT_3D('',#85580,#85590,#85600);
#85620=PLANE('',#85610);
#85630=CARTESIAN_POINT('',(-1.517181,-2.58294260600204E-16,7.676));
#85640=DIRECTION('',(0.,1.,0.));
#85650=VECTOR('',#85640,1.);
#85660=LINE('',#85630,#85650);
#85670=EDGE_CURVE('',#85460,#74050,#85660,.T.);
#85680=ORIENTED_EDGE('',*,*,#85670,.F.);
#85690=ORIENTED_EDGE('',*,*,#74060,.F.);
#85700=ORIENTED_EDGE('',*,*,#61380,.F.);
#85710=ORIENTED_EDGE('',*,*,#85530,.F.);
#85720=EDGE_LOOP('',(#85710,#85700,#85690,#85680));
#85730=FACE_OUTER_BOUND('',#85720,.T.);
#85740=ADVANCED_FACE('',(#85730),#85620,.T.);
#85750=CARTESIAN_POINT('',(-2.5571834,-2.030469,8.574));
#85760=DIRECTION('',(0.,0.,1.));
#85770=DIRECTION('',(0.,1.,0.));
#85780=AXIS2_PLACEMENT_3D('',#85750,#85760,#85770);
#85790=PLANE('',#85780);
#85800=ORIENTED_EDGE('',*,*,#61220,.F.);
#85810=ORIENTED_EDGE('',*,*,#74200,.F.);
#85820=CARTESIAN_POINT('',(-1.517181,-4.44089209850063E-16,8.574));
#85830=DIRECTION('',(0.,-1.,0.));
#85840=VECTOR('',#85830,1.);
#85850=LINE('',#85820,#85840);
#85860=EDGE_CURVE('',#74130,#85380,#85850,.T.);
#85870=ORIENTED_EDGE('',*,*,#85860,.F.);
#85880=ORIENTED_EDGE('',*,*,#85390,.T.);
#85890=EDGE_LOOP('',(#85880,#85870,#85810,#85800));
#85900=FACE_OUTER_BOUND('',#85890,.T.);
#85910=ADVANCED_FACE('',(#85900),#85790,.T.);
#85920=CARTESIAN_POINT('',(-1.517181,-1.530469,8.125));
#85930=DIRECTION('',(-1.,0.,0.));
#85940=DIRECTION('',(0.,-1.,0.));
#85950=AXIS2_PLACEMENT_3D('',#85920,#85930,#85940);
#85960=PLANE('',#85950);
#85970=ORIENTED_EDGE('',*,*,#85470,.T.);
#85980=ORIENTED_EDGE('',*,*,#85860,.T.);
#85990=ORIENTED_EDGE('',*,*,#74140,.T.);
#86000=ORIENTED_EDGE('',*,*,#85670,.T.);
#86010=EDGE_LOOP('',(#86000,#85990,#85980,#85970));
#86020=FACE_OUTER_BOUND('',#86010,.T.);
#86030=ADVANCED_FACE('',(#86020),#85960,.F.);
#86040=CARTESIAN_POINT('',(-2.5571834,-2.030469,7.324));
#86050=DIRECTION('',(0.,0.,1.));
#86060=DIRECTION('',(0.,1.,0.));
#86070=AXIS2_PLACEMENT_3D('',#86040,#86050,#86060);
#86080=PLANE('',#86070);
#86090=ORIENTED_EDGE('',*,*,#61500,.T.);
#86100=ORIENTED_EDGE('',*,*,#73970,.F.);
#86110=CARTESIAN_POINT('',(-1.517181,-2.58294260600204E-16,7.324));
#86120=DIRECTION('',(0.,-1.,0.));
#86130=VECTOR('',#86120,1.);
#86140=LINE('',#86110,#86130);
#86150=CARTESIAN_POINT('',(-1.517181,-2.030469,7.324));
#86160=VERTEX_POINT('',#86150);
#86170=EDGE_CURVE('',#73900,#86160,#86140,.T.);
#86180=ORIENTED_EDGE('',*,*,#86170,.F.);
#86190=CARTESIAN_POINT('',(-2.217181,-2.030469,7.324));
#86200=DIRECTION('',(1.,-1.22460635382238E-16,0.));
#86210=VECTOR('',#86200,1.);
#86220=LINE('',#86190,#86210);
#86230=EDGE_CURVE('',#61490,#86160,#86220,.T.);
#86240=ORIENTED_EDGE('',*,*,#86230,.T.);
#86250=EDGE_LOOP('',(#86240,#86180,#86100,#86090));
#86260=FACE_OUTER_BOUND('',#86250,.T.);
#86270=ADVANCED_FACE('',(#86260),#86080,.T.);
#86280=CARTESIAN_POINT('',(-1.517181,-2.030469,5.625));
#86290=DIRECTION('',(0.,0.,1.));
#86300=VECTOR('',#86290,1.);
#86310=LINE('',#86280,#86300);
#86320=CARTESIAN_POINT('',(-1.517181,-2.030469,6.426));
#86330=VERTEX_POINT('',#86320);
#86340=EDGE_CURVE('',#86330,#86160,#86310,.T.);
#86350=ORIENTED_EDGE('',*,*,#86340,.F.);
#86360=ORIENTED_EDGE('',*,*,#86170,.T.);
#86370=ORIENTED_EDGE('',*,*,#73910,.T.);
#86380=CARTESIAN_POINT('',(-1.517181,-2.94543916275376E-16,6.426));
#86390=DIRECTION('',(-1.22460635382238E-16,-1.,0.));
#86400=VECTOR('',#86390,1.);
#86410=LINE('',#86380,#86400);
#86420=EDGE_CURVE('',#73820,#86330,#86410,.T.);
#86430=ORIENTED_EDGE('',*,*,#86420,.F.);
#86440=EDGE_LOOP('',(#86430,#86370,#86360,#86350));
#86450=FACE_OUTER_BOUND('',#86440,.T.);
#86460=ADVANCED_FACE('',(#86450),#85960,.F.);
#86470=CARTESIAN_POINT('',(-2.5571834,-2.030469,6.426));
#86480=DIRECTION('',(0.,0.,1.));
#86490=DIRECTION('',(1.22460635382238E-16,1.,0.));
#86500=AXIS2_PLACEMENT_3D('',#86470,#86480,#86490);
#86510=PLANE('',#86500);
#86520=CARTESIAN_POINT('',(-2.217181,-2.030469,6.426));
#86530=DIRECTION('',(1.,-2.44921270764475E-16,0.));
#86540=VECTOR('',#86530,1.);
#86550=LINE('',#86520,#86540);
#86560=EDGE_CURVE('',#61570,#86330,#86550,.T.);
#86570=ORIENTED_EDGE('',*,*,#86560,.F.);
#86580=ORIENTED_EDGE('',*,*,#86420,.T.);
#86590=ORIENTED_EDGE('',*,*,#73830,.T.);
#86600=ORIENTED_EDGE('',*,*,#61660,.F.);
#86610=EDGE_LOOP('',(#86600,#86590,#86580,#86570));
#86620=FACE_OUTER_BOUND('',#86610,.T.);
#86630=ADVANCED_FACE('',(#86620),#86510,.F.);
#86640=CARTESIAN_POINT('',(-2.217181,-2.030469,6.426));
#86650=DIRECTION('',(-2.44921270764475E-16,-1.,-4.44089209850064E-15));
#86660=DIRECTION('',(1.0876689360927E-30,4.44089209850064E-15,-1.));
#86670=AXIS2_PLACEMENT_3D('',#86640,#86650,#86660);
#86680=PLANE('',#86670);
#86690=ORIENTED_EDGE('',*,*,#86340,.T.);
#86700=ORIENTED_EDGE('',*,*,#86560,.T.);
#86710=ORIENTED_EDGE('',*,*,#61580,.T.);
#86720=ORIENTED_EDGE('',*,*,#86230,.F.);
#86730=EDGE_LOOP('',(#86720,#86710,#86700,#86690));
#86740=FACE_OUTER_BOUND('',#86730,.T.);
#86750=ADVANCED_FACE('',(#86740),#86680,.T.);
#86760=ORIENTED_EDGE('',*,*,#42480,.T.);
#86770=ORIENTED_EDGE('',*,*,#61800,.T.);
#86780=ORIENTED_EDGE('',*,*,#73740,.T.);
#86790=ORIENTED_EDGE('',*,*,#41310,.T.);
#86800=EDGE_LOOP('',(#86790,#86780,#86770,#86760));
#86810=FACE_OUTER_BOUND('',#86800,.T.);
#86820=ADVANCED_FACE('',(#86810),#84960,.F.);
#86830=ORIENTED_EDGE('',*,*,#39940,.T.);
#86840=EDGE_CURVE('',#63610,#39910,#84780,.T.);
#86850=ORIENTED_EDGE('',*,*,#86840,.T.);
#86860=ORIENTED_EDGE('',*,*,#63620,.T.);
#86870=ORIENTED_EDGE('',*,*,#85160,.T.);
#86880=EDGE_LOOP('',(#86870,#86860,#86850,#86830));
#86890=FACE_OUTER_BOUND('',#86880,.T.);
#86900=ADVANCED_FACE('',(#86890),#24190,.F.);
#86910=CARTESIAN_POINT('',(-1.417181,0.669531,10.95));
#86920=DIRECTION('',(-1.22460635382238E-16,-1.,0.));
#86930=DIRECTION('',(0.,0.,1.));
#86940=AXIS2_PLACEMENT_3D('',#86910,#86920,#86930);
#86950=PLANE('',#86940);
#86960=ORIENTED_EDGE('',*,*,#60420,.T.);
#86970=ORIENTED_EDGE('',*,*,#24660,.F.);
#86980=CARTESIAN_POINT('',(-1.817181,0.669531,10.6));
#86990=DIRECTION('',(1.83690953073357E-16,1.,-8.83363139618221E-33));
#87000=DIRECTION('',(1.,-1.83690953073357E-16,-1.22460635382238E-16));
#87010=AXIS2_PLACEMENT_3D('',#86980,#86990,#87000);
#87020=CIRCLE('',#87010,0.4);
#87030=EDGE_CURVE('',#24570,#60410,#87020,.T.);
#87040=ORIENTED_EDGE('',*,*,#87030,.F.);
#87050=EDGE_LOOP('',(#87040,#86970,#86960));
#87060=FACE_OUTER_BOUND('',#87050,.T.);
#87070=ADVANCED_FACE('',(#87060),#86950,.F.);
#87080=CARTESIAN_POINT('',(-1.817181,2.2253313986453E-16,10.6));
#87090=DIRECTION('',(1.83690953073357E-16,1.,-8.83363139618221E-33));
#87100=DIRECTION('',(1.,-1.83690953073357E-16,-1.22460635382238E-16));
#87110=AXIS2_PLACEMENT_3D('',#87080,#87090,#87100);
#87120=CYLINDRICAL_SURFACE('',#87110,0.4);
#87130=CARTESIAN_POINT('',(-1.817181,1.469531,10.6));
#87140=DIRECTION('',(1.83690953073357E-16,1.,-8.83363139618221E-33));
#87150=DIRECTION('',(1.,-1.83690953073357E-16,-1.22460635382238E-16));
#87160=AXIS2_PLACEMENT_3D('',#87130,#87140,#87150);
#87170=CIRCLE('',#87160,0.4);
#87180=EDGE_CURVE('',#24490,#60490,#87170,.T.);
#87190=ORIENTED_EDGE('',*,*,#87180,.F.);
#87200=ORIENTED_EDGE('',*,*,#60500,.T.);
#87210=ORIENTED_EDGE('',*,*,#87030,.T.);
#87220=ORIENTED_EDGE('',*,*,#24580,.F.);
#87230=EDGE_LOOP('',(#87220,#87210,#87200,#87190));
#87240=FACE_OUTER_BOUND('',#87230,.T.);
#87250=ADVANCED_FACE('',(#87240),#87120,.T.);
#87260=CARTESIAN_POINT('',(-2.017181,1.469531,10.7));
#87270=DIRECTION('',(-6.12303176911189E-17,-3.74915180455534E-33,-1.));
#87280=DIRECTION('',(1.,-1.83690953073357E-16,-6.12303176911189E-17));
#87290=AXIS2_PLACEMENT_3D('',#87260,#87270,#87280);
#87300=PLANE('',#87290);
#87310=CARTESIAN_POINT('',(9.70599226479076E-16,1.469531,10.7));
#87320=DIRECTION('',(1.,-1.83690953073357E-16,-6.12303176911189E-17));
#87330=VECTOR('',#87320,1.);
#87340=LINE('',#87310,#87330);
#87350=CARTESIAN_POINT('',(-2.017181,1.469531,10.7));
#87360=VERTEX_POINT('',#87350);
#87370=EDGE_CURVE('',#60570,#87360,#87340,.T.);
#87380=ORIENTED_EDGE('',*,*,#87370,.F.);
#87390=CARTESIAN_POINT('',(-2.017181,1.469531,10.7));
#87400=DIRECTION('',(-1.83690953073357E-16,-1.,1.49966072182214E-32));
#87410=VECTOR('',#87400,1.);
#87420=LINE('',#87390,#87410);
#87430=CARTESIAN_POINT('',(-2.017181,0.669531,10.7));
#87440=VERTEX_POINT('',#87430);
#87450=EDGE_CURVE('',#87360,#87440,#87420,.T.);
#87460=ORIENTED_EDGE('',*,*,#87450,.F.);
#87470=CARTESIAN_POINT('',(0.,0.669531,10.7));
#87480=DIRECTION('',(1.,-1.22460635382238E-16,-6.12303176911189E-17));
#87490=VECTOR('',#87480,1.);
#87500=LINE('',#87470,#87490);
#87510=EDGE_CURVE('',#60650,#87440,#87500,.T.);
#87520=ORIENTED_EDGE('',*,*,#87510,.T.);
#87530=ORIENTED_EDGE('',*,*,#60660,.T.);
#87540=EDGE_LOOP('',(#87530,#87520,#87460,#87380));
#87550=FACE_OUTER_BOUND('',#87540,.T.);
#87560=ADVANCED_FACE('',(#87550),#87300,.F.);
#87570=CARTESIAN_POINT('',(-1.017181,0.669531,10.95));
#87580=DIRECTION('',(1.,0.,0.));
#87590=VECTOR('',#87580,1.);
#87600=LINE('',#87570,#87590);
#87610=CARTESIAN_POINT('',(-1.417181,0.669531,10.95));
#87620=VERTEX_POINT('',#87610);
#87630=EDGE_CURVE('',#60690,#87620,#87600,.T.);
#87640=ORIENTED_EDGE('',*,*,#87630,.T.);
#87650=ORIENTED_EDGE('',*,*,#60700,.T.);
#87660=ORIENTED_EDGE('',*,*,#87510,.F.);
#87670=CARTESIAN_POINT('',(-2.017181,0.669531,-3.125));
#87680=DIRECTION('',(-6.12303176911188E-17,1.23259516440783E-32,-1.));
#87690=VECTOR('',#87680,1.);
#87700=LINE('',#87670,#87690);
#87710=CARTESIAN_POINT('',(-2.017181,0.669531,10.6));
#87720=VERTEX_POINT('',#87710);
#87730=EDGE_CURVE('',#87440,#87720,#87700,.T.);
#87740=ORIENTED_EDGE('',*,*,#87730,.F.);
#87750=CARTESIAN_POINT('',(-1.817181,0.669531,10.6));
#87760=DIRECTION('',(-1.83690953073357E-16,-1.,8.83363139618221E-33));
#87770=DIRECTION('',(-1.,1.83690953073357E-16,1.22460635382238E-16));
#87780=AXIS2_PLACEMENT_3D('',#87750,#87760,#87770);
#87790=CIRCLE('',#87780,0.2);
#87800=EDGE_CURVE('',#87720,#65880,#87790,.T.);
#87810=ORIENTED_EDGE('',*,*,#87800,.F.);
#87820=ORIENTED_EDGE('',*,*,#65890,.F.);
#87830=CARTESIAN_POINT('',(-1.717181,0.669531,10.2));
#87840=DIRECTION('',(0.,0.,1.));
#87850=VECTOR('',#87840,1.);
#87860=LINE('',#87830,#87850);
#87870=CARTESIAN_POINT('',(-1.717181,0.669531,10.41));
#87880=VERTEX_POINT('',#87870);
#87890=EDGE_CURVE('',#63430,#87880,#87860,.T.);
#87900=ORIENTED_EDGE('',*,*,#87890,.F.);
#87910=CARTESIAN_POINT('',(-1.417181,0.669531,10.41));
#87920=DIRECTION('',(-1.,1.22460635382238E-16,0.));
#87930=VECTOR('',#87920,1.);
#87940=LINE('',#87910,#87930);
#87950=CARTESIAN_POINT('',(-1.417181,0.669531,10.41));
#87960=VERTEX_POINT('',#87950);
#87970=EDGE_CURVE('',#87960,#87880,#87940,.T.);
#87980=ORIENTED_EDGE('',*,*,#87970,.T.);
#87990=CARTESIAN_POINT('',(-1.417181,0.669531,3.125));
#88000=DIRECTION('',(0.,0.,-1.));
#88010=VECTOR('',#88000,1.);
#88020=LINE('',#87990,#88010);
#88030=EDGE_CURVE('',#87620,#87960,#88020,.T.);
#88040=ORIENTED_EDGE('',*,*,#88030,.T.);
#88050=EDGE_LOOP('',(#88040,#87980,#87900,#87820,#87810,#87740,#87660,
#87650,#87640));
#88060=FACE_OUTER_BOUND('',#88050,.T.);
#88070=ADVANCED_FACE('',(#88060),#86950,.F.);
#88080=CARTESIAN_POINT('',(-2.217181,-1.330469,10.2));
#88090=DIRECTION('',(0.,1.,0.));
#88100=DIRECTION('',(1.,0.,0.));
#88110=AXIS2_PLACEMENT_3D('',#88080,#88090,#88100);
#88120=PLANE('',#88110);
#88130=CARTESIAN_POINT('',(-1.017181,-1.330469,10.95));
#88140=DIRECTION('',(1.,0.,0.));
#88150=VECTOR('',#88140,1.);
#88160=LINE('',#88130,#88150);
#88170=CARTESIAN_POINT('',(-1.417181,-1.330469,10.95));
#88180=VERTEX_POINT('',#88170);
#88190=EDGE_CURVE('',#60770,#88180,#88160,.T.);
#88200=ORIENTED_EDGE('',*,*,#88190,.F.);
#88210=CARTESIAN_POINT('',(-1.417181,-1.330469,3.125));
#88220=DIRECTION('',(0.,0.,1.));
#88230=VECTOR('',#88220,1.);
#88240=LINE('',#88210,#88230);
#88250=CARTESIAN_POINT('',(-1.417181,-1.330469,10.41));
#88260=VERTEX_POINT('',#88250);
#88270=EDGE_CURVE('',#88260,#88180,#88240,.T.);
#88280=ORIENTED_EDGE('',*,*,#88270,.T.);
#88290=CARTESIAN_POINT('',(-1.6293007909637E-16,-1.330469,10.41));
#88300=DIRECTION('',(-1.,1.22460635382238E-16,0.));
#88310=VECTOR('',#88300,1.);
#88320=LINE('',#88290,#88310);
#88330=CARTESIAN_POINT('',(-1.717181,-1.330469,10.41));
#88340=VERTEX_POINT('',#88330);
#88350=EDGE_CURVE('',#88260,#88340,#88320,.T.);
#88360=ORIENTED_EDGE('',*,*,#88350,.F.);
#88370=CARTESIAN_POINT('',(-1.717181,-1.330469,9.375));
#88380=DIRECTION('',(0.,0.,1.));
#88390=VECTOR('',#88380,1.);
#88400=LINE('',#88370,#88390);
#88410=CARTESIAN_POINT('',(-1.717181,-1.330469,10.2));
#88420=VERTEX_POINT('',#88410);
#88430=EDGE_CURVE('',#88420,#88340,#88400,.T.);
#88440=ORIENTED_EDGE('',*,*,#88430,.T.);
#88450=CARTESIAN_POINT('',(-1.66533453693773E-16,-1.330469,10.2));
#88460=DIRECTION('',(-1.,0.,0.));
#88470=VECTOR('',#88460,1.);
#88480=LINE('',#88450,#88470);
#88490=EDGE_CURVE('',#88420,#60850,#88480,.T.);
#88500=ORIENTED_EDGE('',*,*,#88490,.F.);
#88510=ORIENTED_EDGE('',*,*,#60860,.T.);
#88520=EDGE_LOOP('',(#88510,#88500,#88440,#88360,#88280,#88200));
#88530=FACE_OUTER_BOUND('',#88520,.T.);
#88540=ADVANCED_FACE('',(#88530),#88120,.F.);
#88550=CARTESIAN_POINT('',(-2.5571834,-1.530469,8.926));
#88560=DIRECTION('',(0.,0.,-1.));
#88570=DIRECTION('',(0.,-1.,0.));
#88580=AXIS2_PLACEMENT_3D('',#88550,#88560,#88570);
#88590=PLANE('',#88580);
#88600=CARTESIAN_POINT('',(-1.517181,-2.58294260600204E-16,8.926));
#88610=DIRECTION('',(0.,1.,0.));
#88620=VECTOR('',#88610,1.);
#88630=LINE('',#88600,#88620);
#88640=CARTESIAN_POINT('',(-1.517181,-2.030469,8.926));
#88650=VERTEX_POINT('',#88640);
#88660=EDGE_CURVE('',#88650,#74280,#88630,.T.);
#88670=ORIENTED_EDGE('',*,*,#88660,.F.);
#88680=ORIENTED_EDGE('',*,*,#74290,.F.);
#88690=ORIENTED_EDGE('',*,*,#61060,.T.);
#88700=CARTESIAN_POINT('',(-2.217181,-2.030469,8.926));
#88710=DIRECTION('',(1.,-1.22460635382238E-16,0.));
#88720=VECTOR('',#88710,1.);
#88730=LINE('',#88700,#88720);
#88740=EDGE_CURVE('',#60970,#88650,#88730,.T.);
#88750=ORIENTED_EDGE('',*,*,#88740,.F.);
#88760=EDGE_LOOP('',(#88750,#88690,#88680,#88670));
#88770=FACE_OUTER_BOUND('',#88760,.T.);
#88780=ADVANCED_FACE('',(#88770),#88590,.T.);
#88790=CARTESIAN_POINT('',(0.,-1.02997062820733,10.2));
#88800=DIRECTION('',(-1.,1.83690953073357E-16,0.));
#88810=VECTOR('',#88800,1.);
#88820=LINE('',#88790,#88810);
#88830=CARTESIAN_POINT('',(-1.5173305115378,-1.02997062820733,10.2));
#88840=VERTEX_POINT('',#88830);
#88850=EDGE_CURVE('',#67920,#88840,#88820,.T.);
#88860=ORIENTED_EDGE('',*,*,#88850,.T.);
#88870=ORIENTED_EDGE('',*,*,#67930,.T.);
#88880=ORIENTED_EDGE('',*,*,#74430,.T.);
#88890=CARTESIAN_POINT('',(-1.517181,-4.44089209850063E-16,10.2));
#88900=DIRECTION('',(0.,-1.,0.));
#88910=VECTOR('',#88900,1.);
#88920=LINE('',#88890,#88910);
#88930=CARTESIAN_POINT('',(-1.517181,-2.030469,10.2));
#88940=VERTEX_POINT('',#88930);
#88950=EDGE_CURVE('',#74360,#88940,#88920,.T.);
#88960=ORIENTED_EDGE('',*,*,#88950,.F.);
#88970=CARTESIAN_POINT('',(-1.66533453693773E-16,-2.030469,10.2));
#88980=DIRECTION('',(-1.,0.,0.));
#88990=VECTOR('',#88980,1.);
#89000=LINE('',#88970,#88990);
#89010=EDGE_CURVE('',#88940,#60890,#89000,.T.);
#89020=ORIENTED_EDGE('',*,*,#89010,.F.);
#89030=ORIENTED_EDGE('',*,*,#60900,.T.);
#89040=ORIENTED_EDGE('',*,*,#88490,.T.);
#89050=CARTESIAN_POINT('',(-1.717181,-0.780469000000005,10.2));
#89060=VERTEX_POINT('',#89050);
#89070=EDGE_CURVE('',#89060,#88420,#84780,.T.);
#89080=ORIENTED_EDGE('',*,*,#89070,.T.);
#89090=CARTESIAN_POINT('',(-1.8732748,0.,10.2));
#89100=DIRECTION('',(-0.196116135138183,0.98058067569092,0.));
#89110=VECTOR('',#89100,1.);
#89120=LINE('',#89090,#89110);
#89130=CARTESIAN_POINT('',(-1.69933635459447,-0.869692227027637,10.2));
#89140=VERTEX_POINT('',#89130);
#89150=EDGE_CURVE('',#89140,#89060,#89120,.T.);
#89160=ORIENTED_EDGE('',*,*,#89150,.T.);
#89170=CARTESIAN_POINT('',(-1.50322021945629,-0.830469,10.2));
#89180=DIRECTION('',(6.12303176911188E-17,0.,1.));
#89190=DIRECTION('',(1.,-1.83690953073357E-16,-6.12303176911189E-17));
#89200=AXIS2_PLACEMENT_3D('',#89170,#89180,#89190);
#89210=CIRCLE('',#89200,0.2);
#89220=EDGE_CURVE('',#89140,#88840,#89210,.T.);
#89230=ORIENTED_EDGE('',*,*,#89220,.F.);
#89240=EDGE_LOOP('',(#89230,#89160,#89080,#89040,#89030,#89020,#88960,
#88880,#88870,#88860));
#89250=FACE_OUTER_BOUND('',#89240,.T.);
#89260=ADVANCED_FACE('',(#89250),#24190,.F.);
#89270=CARTESIAN_POINT('',(-1.69933635459447,-0.869692227027637,10.2));
#89280=DIRECTION('',(-0.98058067569092,-0.196116135138183,
6.0041266294327E-17));
#89290=DIRECTION('',(0.196116135138183,-0.98058067569092,
-1.20082532588653E-17));
#89300=AXIS2_PLACEMENT_3D('',#89270,#89280,#89290);
#89310=PLANE('',#89300);
#89320=CARTESIAN_POINT('',(-1.717181,-0.780469000000009,-3.125));
#89330=DIRECTION('',(-3.88886032982434E-31,3.06151588455597E-16,1.));
#89340=VECTOR('',#89330,1.);
#89350=LINE('',#89320,#89340);
#89360=EDGE_CURVE('',#89060,#65550,#89350,.T.);
#89370=ORIENTED_EDGE('',*,*,#89360,.F.);
#89380=ORIENTED_EDGE('',*,*,#65560,.T.);
#89390=CARTESIAN_POINT('',(-1.69933635459447,-0.869692227027637,10.2));
#89400=DIRECTION('',(6.12303176911188E-17,0.,1.));
#89410=VECTOR('',#89400,1.);
#89420=LINE('',#89390,#89410);
#89430=EDGE_CURVE('',#89140,#65470,#89420,.T.);
#89440=ORIENTED_EDGE('',*,*,#89430,.T.);
#89450=ORIENTED_EDGE('',*,*,#89150,.F.);
#89460=EDGE_LOOP('',(#89450,#89440,#89380,#89370));
#89470=FACE_OUTER_BOUND('',#89460,.T.);
#89480=ADVANCED_FACE('',(#89470),#89310,.T.);
#89490=CARTESIAN_POINT('',(-1.5173305115378,-1.02997062820733,11.8500024
));
#89500=DIRECTION('',(-1.83690953073357E-16,-1.,1.1247455413666E-32));
#89510=DIRECTION('',(1.,-1.83690953073357E-16,-6.12303176911189E-17));
#89520=AXIS2_PLACEMENT_3D('',#89490,#89500,#89510);
#89530=PLANE('',#89520);
#89540=CARTESIAN_POINT('',(-1.5173305115378,-1.02997062820733,10.2));
#89550=DIRECTION('',(-6.12303176911188E-17,0.,-1.));
#89560=VECTOR('',#89550,1.);
#89570=LINE('',#89540,#89560);
#89580=EDGE_CURVE('',#65380,#88840,#89570,.T.);
#89590=ORIENTED_EDGE('',*,*,#89580,.T.);
#89600=ORIENTED_EDGE('',*,*,#65390,.T.);
#89610=ORIENTED_EDGE('',*,*,#67990,.F.);
#89620=ORIENTED_EDGE('',*,*,#88850,.F.);
#89630=EDGE_LOOP('',(#89620,#89610,#89600,#89590));
#89640=FACE_OUTER_BOUND('',#89630,.T.);
#89650=ADVANCED_FACE('',(#89640),#89530,.T.);
#89660=CARTESIAN_POINT('',(-1.50322021945629,-0.830469,10.2));
#89670=DIRECTION('',(-6.12303176911188E-17,0.,-1.));
#89680=DIRECTION('',(1.,-1.83690953073357E-16,-6.12303176911189E-17));
#89690=AXIS2_PLACEMENT_3D('',#89660,#89670,#89680);
#89700=CYLINDRICAL_SURFACE('',#89690,0.2);
#89710=ORIENTED_EDGE('',*,*,#89430,.F.);
#89720=ORIENTED_EDGE('',*,*,#65480,.F.);
#89730=ORIENTED_EDGE('',*,*,#89580,.F.);
#89740=ORIENTED_EDGE('',*,*,#89220,.T.);
#89750=EDGE_LOOP('',(#89740,#89730,#89720,#89710));
#89760=FACE_OUTER_BOUND('',#89750,.T.);
#89770=ADVANCED_FACE('',(#89760),#89700,.T.);
#89780=ORIENTED_EDGE('',*,*,#88660,.T.);
#89790=CARTESIAN_POINT('',(-1.517181,-2.030469,9.375));
#89800=DIRECTION('',(0.,0.,-1.));
#89810=VECTOR('',#89800,1.);
#89820=LINE('',#89790,#89810);
#89830=EDGE_CURVE('',#88940,#88650,#89820,.T.);
#89840=ORIENTED_EDGE('',*,*,#89830,.T.);
#89850=ORIENTED_EDGE('',*,*,#88950,.T.);
#89860=ORIENTED_EDGE('',*,*,#74370,.T.);
#89870=EDGE_LOOP('',(#89860,#89850,#89840,#89780));
#89880=FACE_OUTER_BOUND('',#89870,.T.);
#89890=ADVANCED_FACE('',(#89880),#85960,.F.);
#89900=CARTESIAN_POINT('',(-2.217181,-2.030469,9.026));
#89910=DIRECTION('',(1.22460635382238E-16,1.,8.88178419700128E-15));
#89920=DIRECTION('',(-1.0876689360927E-30,-8.88178419700128E-15,1.));
#89930=AXIS2_PLACEMENT_3D('',#89900,#89910,#89920);
#89940=PLANE('',#89930);
#89950=ORIENTED_EDGE('',*,*,#60980,.T.);
#89960=ORIENTED_EDGE('',*,*,#89010,.T.);
#89970=ORIENTED_EDGE('',*,*,#89830,.F.);
#89980=ORIENTED_EDGE('',*,*,#88740,.T.);
#89990=EDGE_LOOP('',(#89980,#89970,#89960,#89950));
#90000=FACE_OUTER_BOUND('',#89990,.T.);
#90010=ADVANCED_FACE('',(#90000),#89940,.F.);
#90020=CARTESIAN_POINT('',(-1.38626288683164,0.421925882026892,10.95));
#90030=DIRECTION('',(0.,0.,-1.));
#90040=DIRECTION('',(-1.,0.,0.));
#90050=AXIS2_PLACEMENT_3D('',#90020,#90030,#90040);
#90060=PLANE('',#90050);
#90070=ORIENTED_EDGE('',*,*,#87630,.F.);
#90080=CARTESIAN_POINT('',(-1.417181,-2.70540324138428E-16,10.95));
#90090=DIRECTION('',(1.22460635382238E-16,1.,0.));
#90100=VECTOR('',#90090,1.);
#90110=LINE('',#90080,#90100);
#90120=EDGE_CURVE('',#88180,#87620,#90110,.T.);
#90130=ORIENTED_EDGE('',*,*,#90120,.T.);
#90140=ORIENTED_EDGE('',*,*,#88190,.T.);
#90150=ORIENTED_EDGE('',*,*,#60780,.T.);
#90160=EDGE_LOOP('',(#90150,#90140,#90130,#90070));
#90170=FACE_OUTER_BOUND('',#90160,.T.);
#90180=ADVANCED_FACE('',(#90170),#90060,.F.);
#90190=CARTESIAN_POINT('',(-1.417181,0.669531,10.95));
#90200=DIRECTION('',(-1.,1.22460635382238E-16,0.));
#90210=DIRECTION('',(1.22460635382238E-16,1.,0.));
#90220=AXIS2_PLACEMENT_3D('',#90190,#90200,#90210);
#90230=PLANE('',#90220);
#90240=ORIENTED_EDGE('',*,*,#88030,.F.);
#90250=CARTESIAN_POINT('',(-1.417181,-2.70540324138428E-16,10.41));
#90260=DIRECTION('',(-1.22460635382238E-16,-1.,0.));
#90270=VECTOR('',#90260,1.);
#90280=LINE('',#90250,#90270);
#90290=EDGE_CURVE('',#87960,#88260,#90280,.T.);
#90300=ORIENTED_EDGE('',*,*,#90290,.F.);
#90310=ORIENTED_EDGE('',*,*,#88270,.F.);
#90320=ORIENTED_EDGE('',*,*,#90120,.F.);
#90330=EDGE_LOOP('',(#90320,#90310,#90300,#90240));
#90340=FACE_OUTER_BOUND('',#90330,.T.);
#90350=ADVANCED_FACE('',(#90340),#90230,.F.);
#90360=CARTESIAN_POINT('',(-1.717181,-2.5104714,10.41));
#90370=DIRECTION('',(0.,0.,-1.));
#90380=DIRECTION('',(1.,0.,0.));
#90390=AXIS2_PLACEMENT_3D('',#90360,#90370,#90380);
#90400=PLANE('',#90390);
#90410=CARTESIAN_POINT('',(-1.717181,-2.33802133523756E-16,10.41));
#90420=DIRECTION('',(1.26531814539921E-15,-1.,0.));
#90430=VECTOR('',#90420,1.);
#90440=LINE('',#90410,#90430);
#90450=EDGE_CURVE('',#87880,#88340,#90440,.T.);
#90460=ORIENTED_EDGE('',*,*,#90450,.F.);
#90470=ORIENTED_EDGE('',*,*,#88350,.T.);
#90480=ORIENTED_EDGE('',*,*,#90290,.T.);
#90490=ORIENTED_EDGE('',*,*,#87970,.F.);
#90500=EDGE_LOOP('',(#90490,#90480,#90470,#90460));
#90510=FACE_OUTER_BOUND('',#90500,.T.);
#90520=ADVANCED_FACE('',(#90510),#90400,.T.);
#90530=CARTESIAN_POINT('',(-1.717181,0.569531,10.2));
#90540=DIRECTION('',(-1.,-1.26531814539921E-15,0.));
#90550=DIRECTION('',(-1.26531814539921E-15,1.,0.));
#90560=AXIS2_PLACEMENT_3D('',#90530,#90540,#90550);
#90570=PLANE('',#90560);
#90580=ORIENTED_EDGE('',*,*,#63680,.T.);
#90590=ORIENTED_EDGE('',*,*,#86840,.F.);
#90600=ORIENTED_EDGE('',*,*,#40160,.T.);
#90610=ORIENTED_EDGE('',*,*,#65730,.F.);
#90620=CARTESIAN_POINT('',(-1.717181,-0.363802333333336,-3.125));
#90630=DIRECTION('',(-2.57373426356376E-31,2.04101058970397E-16,1.));
#90640=VECTOR('',#90630,1.);
#90650=LINE('',#90620,#90640);
#90660=EDGE_CURVE('',#84800,#65700,#90650,.T.);
#90670=ORIENTED_EDGE('',*,*,#90660,.T.);
#90680=ORIENTED_EDGE('',*,*,#84810,.F.);
#90690=ORIENTED_EDGE('',*,*,#55890,.T.);
#90700=ORIENTED_EDGE('',*,*,#65620,.F.);
#90710=ORIENTED_EDGE('',*,*,#89360,.T.);
#90720=ORIENTED_EDGE('',*,*,#89070,.F.);
#90730=ORIENTED_EDGE('',*,*,#88430,.F.);
#90740=ORIENTED_EDGE('',*,*,#90450,.T.);
#90750=ORIENTED_EDGE('',*,*,#87890,.T.);
#90760=EDGE_LOOP('',(#90750,#90740,#90730,#90720,#90710,#90700,#90690,
#90680,#90670,#90610,#90600,#90590,#90580));
#90770=FACE_OUTER_BOUND('',#90760,.T.);
#90780=ADVANCED_FACE('',(#90770),#90570,.F.);
#90790=CARTESIAN_POINT('',(-2.017181,1.469531,10.2));
#90800=DIRECTION('',(-1.,1.83690953073357E-16,6.12303176911188E-17));
#90810=DIRECTION('',(-6.12303176911188E-17,0.,-1.));
#90820=AXIS2_PLACEMENT_3D('',#90790,#90800,#90810);
#90830=PLANE('',#90820);
#90840=ORIENTED_EDGE('',*,*,#87730,.T.);
#90850=ORIENTED_EDGE('',*,*,#87450,.T.);
#90860=CARTESIAN_POINT('',(-2.017181,1.469531,-4.375));
#90870=DIRECTION('',(-6.12303176911188E-17,-6.16297582203916E-33,-1.));
#90880=VECTOR('',#90870,1.);
#90890=LINE('',#90860,#90880);
#90900=CARTESIAN_POINT('',(-2.017181,1.469531,10.6));
#90910=VERTEX_POINT('',#90900);
#90920=EDGE_CURVE('',#87360,#90910,#90890,.T.);
#90930=ORIENTED_EDGE('',*,*,#90920,.F.);
#90940=CARTESIAN_POINT('',(-2.017181,2.59271330479201E-16,10.6));
#90950=DIRECTION('',(-1.83690953073357E-16,-1.,8.83363139618221E-33));
#90960=VECTOR('',#90950,1.);
#90970=LINE('',#90940,#90960);
#90980=EDGE_CURVE('',#90910,#87720,#90970,.T.);
#90990=ORIENTED_EDGE('',*,*,#90980,.F.);
#91000=EDGE_LOOP('',(#90990,#90930,#90850,#90840));
#91010=FACE_OUTER_BOUND('',#91000,.T.);
#91020=ADVANCED_FACE('',(#91010),#90830,.F.);
#91030=CARTESIAN_POINT('',(-1.817181,2.2253313986453E-16,10.6));
#91040=DIRECTION('',(-1.83690953073357E-16,-1.,8.83363139618221E-33));
#91050=DIRECTION('',(-1.,1.83690953073357E-16,1.22460635382238E-16));
#91060=AXIS2_PLACEMENT_3D('',#91030,#91040,#91050);
#91070=CYLINDRICAL_SURFACE('',#91060,0.2);
#91080=CARTESIAN_POINT('',(-1.817181,1.469531,10.6));
#91090=DIRECTION('',(-1.83690953073357E-16,-1.,8.83363139618221E-33));
#91100=DIRECTION('',(-1.,1.83690953073357E-16,1.22460635382238E-16));
#91110=AXIS2_PLACEMENT_3D('',#91080,#91090,#91100);
#91120=CIRCLE('',#91110,0.2);
#91130=EDGE_CURVE('',#90910,#65960,#91120,.T.);
#91140=ORIENTED_EDGE('',*,*,#91130,.F.);
#91150=ORIENTED_EDGE('',*,*,#65970,.F.);
#91160=ORIENTED_EDGE('',*,*,#87800,.T.);
#91170=ORIENTED_EDGE('',*,*,#90980,.T.);
#91180=EDGE_LOOP('',(#91170,#91160,#91150,#91140));
#91190=FACE_OUTER_BOUND('',#91180,.T.);
#91200=ADVANCED_FACE('',(#91190),#91070,.F.);
#91210=CARTESIAN_POINT('',(-1.74283400696028,1.469531,10.3154896549855))
;
#91220=DIRECTION('',(-1.83690953073357E-16,-1.,1.1247455413666E-32));
#91230=DIRECTION('',(-1.,1.83690953073357E-16,6.12303176911189E-17));
#91240=AXIS2_PLACEMENT_3D('',#91210,#91220,#91230);
#91250=PLANE('',#91240);
#91260=CARTESIAN_POINT('',(0.782819000000001,1.469531,10.6));
#91270=DIRECTION('',(-1.83690953073357E-16,-1.,8.83363139618221E-33));
#91280=DIRECTION('',(-1.,1.83690953073357E-16,1.22460635382238E-16));
#91290=AXIS2_PLACEMENT_3D('',#91260,#91270,#91280);
#91300=CIRCLE('',#91290,0.4);
#91310=EDGE_CURVE('',#24410,#13530,#91300,.T.);
#91320=ORIENTED_EDGE('',*,*,#91310,.F.);
#91330=ORIENTED_EDGE('',*,*,#13540,.T.);
#91340=CARTESIAN_POINT('',(9.70599226479076E-16,1.469531,10.7));
#91350=DIRECTION('',(1.,-1.83690953073357E-16,-6.12303176911189E-17));
#91360=VECTOR('',#91350,1.);
#91370=LINE('',#91340,#91360);
#91380=EDGE_CURVE('',#71930,#13450,#91370,.T.);
#91390=ORIENTED_EDGE('',*,*,#91380,.T.);
#91400=ORIENTED_EDGE('',*,*,#71940,.T.);
#91410=ORIENTED_EDGE('',*,*,#71720,.F.);
#91420=ORIENTED_EDGE('',*,*,#66050,.T.);
#91430=ORIENTED_EDGE('',*,*,#91130,.T.);
#91440=ORIENTED_EDGE('',*,*,#90920,.T.);
#91450=ORIENTED_EDGE('',*,*,#87370,.T.);
#91460=ORIENTED_EDGE('',*,*,#60580,.T.);
#91470=ORIENTED_EDGE('',*,*,#87180,.T.);
#91480=ORIENTED_EDGE('',*,*,#24500,.T.);
#91490=EDGE_LOOP('',(#91480,#91470,#91460,#91450,#91440,#91430,#91420,
#91410,#91400,#91390,#91330,#91320));
#91500=FACE_OUTER_BOUND('',#91490,.T.);
#91510=ADVANCED_FACE('',(#91500),#91250,.F.);
#91520=ORIENTED_EDGE('',*,*,#24340,.F.);
#91530=ORIENTED_EDGE('',*,*,#13660,.F.);
#91540=CARTESIAN_POINT('',(0.782819000000001,0.669531,10.6));
#91550=DIRECTION('',(-1.83690953073357E-16,-1.,8.83363139618221E-33));
#91560=DIRECTION('',(-1.,1.83690953073357E-16,1.22460635382238E-16));
#91570=AXIS2_PLACEMENT_3D('',#91540,#91550,#91560);
#91580=CIRCLE('',#91570,0.4);
#91590=EDGE_CURVE('',#24330,#13610,#91580,.T.);
#91600=ORIENTED_EDGE('',*,*,#91590,.T.);
#91610=EDGE_LOOP('',(#91600,#91530,#91520));
#91620=FACE_OUTER_BOUND('',#91610,.T.);
#91630=ADVANCED_FACE('',(#91620),#71060,.F.);
#91640=CARTESIAN_POINT('',(1.182819,1.469531,10.7));
#91650=DIRECTION('',(-6.12303176911189E-17,-3.74915180455534E-33,-1.));
#91660=DIRECTION('',(1.,-1.83690953073357E-16,-6.12303176911189E-17));
#91670=AXIS2_PLACEMENT_3D('',#91640,#91650,#91660);
#91680=PLANE('',#91670);
#91690=ORIENTED_EDGE('',*,*,#91380,.F.);
#91700=ORIENTED_EDGE('',*,*,#13460,.F.);
#91710=ORIENTED_EDGE('',*,*,#71520,.T.);
#91720=ORIENTED_EDGE('',*,*,#72000,.T.);
#91730=EDGE_LOOP('',(#91720,#91710,#91700,#91690));
#91740=FACE_OUTER_BOUND('',#91730,.T.);
#91750=ADVANCED_FACE('',(#91740),#91680,.F.);
#91760=CARTESIAN_POINT('',(0.382819,-1.330469,10.2));
#91770=DIRECTION('',(0.,1.,0.));
#91780=DIRECTION('',(1.,0.,0.));
#91790=AXIS2_PLACEMENT_3D('',#91760,#91770,#91780);
#91800=PLANE('',#91790);
#91810=ORIENTED_EDGE('',*,*,#65210,.T.);
#91820=CARTESIAN_POINT('',(-1.6293007909637E-16,-1.330469,10.41));
#91830=DIRECTION('',(-1.,0.,0.));
#91840=VECTOR('',#91830,1.);
#91850=LINE('',#91820,#91840);
#91860=CARTESIAN_POINT('',(0.382819000000001,-1.330469,10.41));
#91870=VERTEX_POINT('',#91860);
#91880=EDGE_CURVE('',#65140,#91870,#91850,.T.);
#91890=ORIENTED_EDGE('',*,*,#91880,.F.);
#91900=CARTESIAN_POINT('',(0.382819000000001,-1.330469,3.125));
#91910=DIRECTION('',(0.,0.,-1.));
#91920=VECTOR('',#91910,1.);
#91930=LINE('',#91900,#91920);
#91940=CARTESIAN_POINT('',(0.382819000000001,-1.330469,10.95));
#91950=VERTEX_POINT('',#91940);
#91960=EDGE_CURVE('',#91950,#91870,#91930,.T.);
#91970=ORIENTED_EDGE('',*,*,#91960,.T.);
#91980=CARTESIAN_POINT('',(-1.017181,-1.330469,10.95));
#91990=DIRECTION('',(1.,0.,0.));
#92000=VECTOR('',#91990,1.);
#92010=LINE('',#91980,#92000);
#92020=EDGE_CURVE('',#91950,#13210,#92010,.T.);
#92030=ORIENTED_EDGE('',*,*,#92020,.F.);
#92040=ORIENTED_EDGE('',*,*,#13220,.T.);
#92050=CARTESIAN_POINT('',(-1.66533453693773E-16,-1.330469,10.2));
#92060=DIRECTION('',(-1.,0.,0.));
#92070=VECTOR('',#92060,1.);
#92080=LINE('',#92050,#92070);
#92090=EDGE_CURVE('',#13130,#64540,#92080,.T.);
#92100=ORIENTED_EDGE('',*,*,#92090,.F.);
#92110=EDGE_LOOP('',(#92100,#92040,#92030,#91970,#91890,#91810));
#92120=FACE_OUTER_BOUND('',#92110,.T.);
#92130=ADVANCED_FACE('',(#92120),#91800,.F.);
#92140=CARTESIAN_POINT('',(0.382819,-0.165995277202614,10.6264346675125)
);
#92150=DIRECTION('',(1.,4.3265087693034E-16,0.));
#92160=DIRECTION('',(4.3265087693034E-16,-1.,0.));
#92170=AXIS2_PLACEMENT_3D('',#92140,#92150,#92160);
#92180=PLANE('',#92170);
#92190=CARTESIAN_POINT('',(0.382819,-4.90969467826455E-16,10.95));
#92200=DIRECTION('',(4.3265087693034E-16,-1.,0.));
#92210=VECTOR('',#92200,1.);
#92220=LINE('',#92190,#92210);
#92230=EDGE_CURVE('',#71120,#91950,#92220,.T.);
#92240=ORIENTED_EDGE('',*,*,#92230,.F.);
#92250=ORIENTED_EDGE('',*,*,#91960,.F.);
#92260=CARTESIAN_POINT('',(0.382819,-4.90969467826455E-16,10.41));
#92270=DIRECTION('',(-4.3265087693034E-16,1.,0.));
#92280=VECTOR('',#92270,1.);
#92290=LINE('',#92260,#92280);
#92300=EDGE_CURVE('',#91870,#71200,#92290,.T.);
#92310=ORIENTED_EDGE('',*,*,#92300,.F.);
#92320=ORIENTED_EDGE('',*,*,#71210,.F.);
#92330=EDGE_LOOP('',(#92320,#92310,#92250,#92240));
#92340=FACE_OUTER_BOUND('',#92330,.T.);
#92350=ADVANCED_FACE('',(#92340),#92180,.F.);
#92360=CARTESIAN_POINT('',(0.382819,0.569531,10.41));
#92370=DIRECTION('',(0.,0.,1.));
#92380=DIRECTION('',(4.3265087693034E-16,-1.,0.));
#92390=AXIS2_PLACEMENT_3D('',#92360,#92370,#92380);
#92400=PLANE('',#92390);
#92410=ORIENTED_EDGE('',*,*,#92300,.T.);
#92420=ORIENTED_EDGE('',*,*,#91880,.T.);
#92430=ORIENTED_EDGE('',*,*,#65150,.T.);
#92440=ORIENTED_EDGE('',*,*,#71270,.T.);
#92450=EDGE_LOOP('',(#92440,#92430,#92420,#92410));
#92460=FACE_OUTER_BOUND('',#92450,.T.);
#92470=ADVANCED_FACE('',(#92460),#92400,.F.);
#92480=ORIENTED_EDGE('',*,*,#71130,.F.);
#92490=ORIENTED_EDGE('',*,*,#13300,.T.);
#92500=ORIENTED_EDGE('',*,*,#92020,.T.);
#92510=ORIENTED_EDGE('',*,*,#92230,.T.);
#92520=EDGE_LOOP('',(#92510,#92500,#92490,#92480));
#92530=FACE_OUTER_BOUND('',#92520,.T.);
#92540=ADVANCED_FACE('',(#92530),#90060,.F.);
#92550=CARTESIAN_POINT('',(0.782819000000001,-9.58645121292881E-17,10.6)
);
#92560=DIRECTION('',(-1.83690953073357E-16,-1.,8.83363139618221E-33));
#92570=DIRECTION('',(-1.,1.83690953073357E-16,1.22460635382238E-16));
#92580=AXIS2_PLACEMENT_3D('',#92550,#92560,#92570);
#92590=CYLINDRICAL_SURFACE('',#92580,0.4);
#92600=ORIENTED_EDGE('',*,*,#91590,.F.);
#92610=ORIENTED_EDGE('',*,*,#13620,.T.);
#92620=ORIENTED_EDGE('',*,*,#91310,.T.);
#92630=ORIENTED_EDGE('',*,*,#24420,.F.);
#92640=EDGE_LOOP('',(#92630,#92620,#92610,#92600));
#92650=FACE_OUTER_BOUND('',#92640,.T.);
#92660=ADVANCED_FACE('',(#92650),#92590,.T.);
#92670=CARTESIAN_POINT('',(1.182819,-2.030469,6.426));
#92680=DIRECTION('',(-1.,1.22460635382238E-16,0.));
#92690=VECTOR('',#92680,1.);
#92700=LINE('',#92670,#92690);
#92710=CARTESIAN_POINT('',(-1.017181,-2.030469,6.426));
#92720=VERTEX_POINT('',#92710);
#92730=EDGE_CURVE('',#12290,#92720,#92700,.T.);
#92740=ORIENTED_EDGE('',*,*,#92730,.T.);
#92750=ORIENTED_EDGE('',*,*,#12300,.F.);
#92760=ORIENTED_EDGE('',*,*,#74890,.T.);
#92770=CARTESIAN_POINT('',(-1.017181,-5.41569183216354E-16,6.426));
#92780=DIRECTION('',(1.22460635382238E-16,1.,0.));
#92790=VECTOR('',#92780,1.);
#92800=LINE('',#92770,#92790);
#92810=EDGE_CURVE('',#92720,#74860,#92800,.T.);
#92820=ORIENTED_EDGE('',*,*,#92810,.T.);
#92830=EDGE_LOOP('',(#92820,#92760,#92750,#92740));
#92840=FACE_OUTER_BOUND('',#92830,.T.);
#92850=ADVANCED_FACE('',(#92840),#86510,.F.);
#92860=CARTESIAN_POINT('',(-1.017181,-2.030469,4.375));
#92870=DIRECTION('',(-1.,1.22460635382238E-16,0.));
#92880=DIRECTION('',(1.22460635382238E-16,1.,0.));
#92890=AXIS2_PLACEMENT_3D('',#92860,#92870,#92880);
#92900=PLANE('',#92890);
#92910=ORIENTED_EDGE('',*,*,#74870,.F.);
#92920=CARTESIAN_POINT('',(-1.017181,-4.44089209850063E-16,7.324));
#92930=DIRECTION('',(0.,1.,0.));
#92940=VECTOR('',#92930,1.);
#92950=LINE('',#92920,#92940);
#92960=CARTESIAN_POINT('',(-1.017181,-2.030469,7.324));
#92970=VERTEX_POINT('',#92960);
#92980=EDGE_CURVE('',#92970,#74780,#92950,.T.);
#92990=ORIENTED_EDGE('',*,*,#92980,.T.);
#93000=CARTESIAN_POINT('',(-1.017181,-2.03046899999998,2.5));
#93010=DIRECTION('',(2.98808030871684E-31,4.44089209850064E-15,-1.));
#93020=VECTOR('',#93010,1.);
#93030=LINE('',#93000,#93020);
#93040=EDGE_CURVE('',#92970,#92720,#93030,.T.);
#93050=ORIENTED_EDGE('',*,*,#93040,.F.);
#93060=ORIENTED_EDGE('',*,*,#92810,.F.);
#93070=EDGE_LOOP('',(#93060,#93050,#92990,#92910));
#93080=FACE_OUTER_BOUND('',#93070,.T.);
#93090=ADVANCED_FACE('',(#93080),#92900,.T.);
#93100=ORIENTED_EDGE('',*,*,#92980,.F.);
#93110=ORIENTED_EDGE('',*,*,#74790,.F.);
#93120=ORIENTED_EDGE('',*,*,#12460,.T.);
#93130=CARTESIAN_POINT('',(1.182819,-2.030469,7.324));
#93140=DIRECTION('',(-1.,0.,0.));
#93150=VECTOR('',#93140,1.);
#93160=LINE('',#93130,#93150);
#93170=EDGE_CURVE('',#12370,#92970,#93160,.T.);
#93180=ORIENTED_EDGE('',*,*,#93170,.F.);
#93190=EDGE_LOOP('',(#93180,#93120,#93110,#93100));
#93200=FACE_OUTER_BOUND('',#93190,.T.);
#93210=ADVANCED_FACE('',(#93200),#86080,.T.);
#93220=CARTESIAN_POINT('',(1.182819,-2.030469,7.224));
#93230=DIRECTION('',(0.,1.,-4.44089209850064E-15));
#93240=DIRECTION('',(0.,-4.44089209850064E-15,-1.));
#93250=AXIS2_PLACEMENT_3D('',#93220,#93230,#93240);
#93260=PLANE('',#93250);
#93270=ORIENTED_EDGE('',*,*,#12380,.F.);
#93280=ORIENTED_EDGE('',*,*,#92730,.F.);
#93290=ORIENTED_EDGE('',*,*,#93040,.T.);
#93300=ORIENTED_EDGE('',*,*,#93170,.T.);
#93310=EDGE_LOOP('',(#93300,#93290,#93280,#93270));
#93320=FACE_OUTER_BOUND('',#93310,.T.);
#93330=ADVANCED_FACE('',(#93320),#93260,.F.);
#93340=ORIENTED_EDGE('',*,*,#12620,.T.);
#93350=ORIENTED_EDGE('',*,*,#74740,.F.);
#93360=CARTESIAN_POINT('',(-1.017181,-4.44089209850063E-16,7.676));
#93370=DIRECTION('',(0.,-1.,0.));
#93380=VECTOR('',#93370,1.);
#93390=LINE('',#93360,#93380);
#93400=CARTESIAN_POINT('',(-1.017181,-2.030469,7.676));
#93410=VERTEX_POINT('',#93400);
#93420=EDGE_CURVE('',#74670,#93410,#93390,.T.);
#93430=ORIENTED_EDGE('',*,*,#93420,.F.);
#93440=CARTESIAN_POINT('',(1.182819,-2.030469,7.676));
#93450=DIRECTION('',(-1.,0.,0.));
#93460=VECTOR('',#93450,1.);
#93470=LINE('',#93440,#93460);
#93480=EDGE_CURVE('',#12610,#93410,#93470,.T.);
#93490=ORIENTED_EDGE('',*,*,#93480,.T.);
#93500=EDGE_LOOP('',(#93490,#93430,#93350,#93340));
#93510=FACE_OUTER_BOUND('',#93500,.T.);
#93520=ADVANCED_FACE('',(#93510),#85620,.T.);
#93530=CARTESIAN_POINT('',(-1.017181,-2.030469,11.25));
#93540=DIRECTION('',(0.,0.,1.));
#93550=VECTOR('',#93540,1.);
#93560=LINE('',#93530,#93550);
#93570=CARTESIAN_POINT('',(-1.017181,-2.030469,8.574));
#93580=VERTEX_POINT('',#93570);
#93590=EDGE_CURVE('',#93410,#93580,#93560,.T.);
#93600=ORIENTED_EDGE('',*,*,#93590,.T.);
#93610=ORIENTED_EDGE('',*,*,#93420,.T.);
#93620=ORIENTED_EDGE('',*,*,#74680,.T.);
#93630=CARTESIAN_POINT('',(-1.017181,-4.44089209850063E-16,8.574));
#93640=DIRECTION('',(0.,1.,0.));
#93650=VECTOR('',#93640,1.);
#93660=LINE('',#93630,#93650);
#93670=EDGE_CURVE('',#93580,#74590,#93660,.T.);
#93680=ORIENTED_EDGE('',*,*,#93670,.T.);
#93690=EDGE_LOOP('',(#93680,#93620,#93610,#93600));
#93700=FACE_OUTER_BOUND('',#93690,.T.);
#93710=ADVANCED_FACE('',(#93700),#69300,.F.);
#93720=ORIENTED_EDGE('',*,*,#93670,.F.);
#93730=ORIENTED_EDGE('',*,*,#74600,.F.);
#93740=ORIENTED_EDGE('',*,*,#12780,.T.);
#93750=CARTESIAN_POINT('',(1.182819,-2.030469,8.574));
#93760=DIRECTION('',(-1.,0.,0.));
#93770=VECTOR('',#93760,1.);
#93780=LINE('',#93750,#93770);
#93790=EDGE_CURVE('',#12690,#93580,#93780,.T.);
#93800=ORIENTED_EDGE('',*,*,#93790,.F.);
#93810=EDGE_LOOP('',(#93800,#93740,#93730,#93720));
#93820=FACE_OUTER_BOUND('',#93810,.T.);
#93830=ADVANCED_FACE('',(#93820),#85790,.T.);
#93840=CARTESIAN_POINT('',(1.182819,-2.030469,7.676));
#93850=DIRECTION('',(0.,1.,0.));
#93860=DIRECTION('',(0.,0.,-1.));
#93870=AXIS2_PLACEMENT_3D('',#93840,#93850,#93860);
#93880=PLANE('',#93870);
#93890=ORIENTED_EDGE('',*,*,#12700,.T.);
#93900=ORIENTED_EDGE('',*,*,#93480,.F.);
#93910=ORIENTED_EDGE('',*,*,#93590,.F.);
#93920=ORIENTED_EDGE('',*,*,#93790,.T.);
#93930=EDGE_LOOP('',(#93920,#93910,#93900,#93890));
#93940=FACE_OUTER_BOUND('',#93930,.T.);
#93950=ADVANCED_FACE('',(#93940),#93880,.F.);
#93960=CARTESIAN_POINT('',(1.182819,-1.930469,8.926));
#93970=DIRECTION('',(0.,-1.77635683940027E-14,1.));
#93980=DIRECTION('',(0.,1.,1.77635683940027E-14));
#93990=AXIS2_PLACEMENT_3D('',#93960,#93970,#93980);
#94000=PLANE('',#93990);
#94010=ORIENTED_EDGE('',*,*,#12940,.T.);
#94020=ORIENTED_EDGE('',*,*,#74510,.T.);
#94030=ORIENTED_EDGE('',*,*,#69470,.T.);
#94040=ORIENTED_EDGE('',*,*,#69840,.T.);
#94050=EDGE_LOOP('',(#94040,#94030,#94020,#94010));
#94060=FACE_OUTER_BOUND('',#94050,.T.);
#94070=ADVANCED_FACE('',(#94060),#94000,.F.);
#94080=CARTESIAN_POINT('',(0.382819000000001,-1.330469,11.8500024));
#94090=DIRECTION('',(1.,-1.83690953073357E-16,-6.12303176911188E-17));
#94100=DIRECTION('',(1.83690953073357E-16,1.,-1.49966072182214E-32));
#94110=AXIS2_PLACEMENT_3D('',#94080,#94090,#94100);
#94120=PLANE('',#94110);
#94130=CARTESIAN_POINT('',(0.382819000000001,-1.630469,11.3));
#94140=DIRECTION('',(1.,-1.83690953073357E-16,-6.12303176911189E-17));
#94150=DIRECTION('',(-1.83690953073357E-16,-1.,1.49966072182214E-32));
#94160=AXIS2_PLACEMENT_3D('',#94130,#94140,#94150);
#94170=CIRCLE('',#94160,0.2);
#94180=CARTESIAN_POINT('',(0.382819000000001,-1.630469,11.5));
#94190=VERTEX_POINT('',#94180);
#94200=CARTESIAN_POINT('',(0.382819,-1.830469,11.3));
#94210=VERTEX_POINT('',#94200);
#94220=EDGE_CURVE('',#94190,#94210,#94170,.T.);
#94230=ORIENTED_EDGE('',*,*,#94220,.F.);
#94240=CARTESIAN_POINT('',(0.382819000000001,-1.830469,16.6366241061569)
);
#94250=DIRECTION('',(6.12303176911188E-17,0.,1.));
#94260=VECTOR('',#94250,1.);
#94270=LINE('',#94240,#94260);
#94280=CARTESIAN_POINT('',(0.382819,-1.830469,10.6));
#94290=VERTEX_POINT('',#94280);
#94300=EDGE_CURVE('',#94290,#94210,#94270,.T.);
#94310=ORIENTED_EDGE('',*,*,#94300,.T.);
#94320=CARTESIAN_POINT('',(0.382819000000001,-1.630469,10.6));
#94330=DIRECTION('',(1.,-1.83690953073357E-16,-6.12303176911189E-17));
#94340=DIRECTION('',(-1.83690953073357E-16,-1.,1.49966072182214E-32));
#94350=AXIS2_PLACEMENT_3D('',#94320,#94330,#94340);
#94360=CIRCLE('',#94350,0.2);
#94370=EDGE_CURVE('',#94290,#66770,#94360,.T.);
#94380=ORIENTED_EDGE('',*,*,#94370,.F.);
#94390=ORIENTED_EDGE('',*,*,#66780,.T.);
#94400=CARTESIAN_POINT('',(0.382819000000001,-1.02997062820733,
11.8500024));
#94410=DIRECTION('',(-6.12303176911188E-17,0.,-1.));
#94420=VECTOR('',#94410,1.);
#94430=LINE('',#94400,#94420);
#94440=CARTESIAN_POINT('',(0.382819000000001,-1.02997062820733,10.2));
#94450=VERTEX_POINT('',#94440);
#94460=EDGE_CURVE('',#66690,#94450,#94430,.T.);
#94470=ORIENTED_EDGE('',*,*,#94460,.F.);
#94480=CARTESIAN_POINT('',(0.382819000000001,0.,10.2));
#94490=DIRECTION('',(-1.83690953073357E-16,-1.,0.));
#94500=VECTOR('',#94490,1.);
#94510=LINE('',#94480,#94500);
#94520=EDGE_CURVE('',#94450,#68810,#94510,.T.);
#94530=ORIENTED_EDGE('',*,*,#94520,.F.);
#94540=ORIENTED_EDGE('',*,*,#68820,.T.);
#94550=CARTESIAN_POINT('',(0.382819000000001,-2.030469,16.6366241061569)
);
#94560=DIRECTION('',(-6.12303176911188E-17,0.,-1.));
#94570=VECTOR('',#94560,1.);
#94580=LINE('',#94550,#94570);
#94590=CARTESIAN_POINT('',(0.382819,-2.030469,11.3));
#94600=VERTEX_POINT('',#94590);
#94610=EDGE_CURVE('',#94600,#68720,#94580,.T.);
#94620=ORIENTED_EDGE('',*,*,#94610,.T.);
#94630=CARTESIAN_POINT('',(0.382819000000001,-1.630469,11.3));
#94640=DIRECTION('',(1.,-1.83690953073357E-16,-6.12303176911189E-17));
#94650=DIRECTION('',(-1.83690953073357E-16,-1.,1.49966072182214E-32));
#94660=AXIS2_PLACEMENT_3D('',#94630,#94640,#94650);
#94670=CIRCLE('',#94660,0.4);
#94680=CARTESIAN_POINT('',(0.382819000000001,-1.630469,11.7));
#94690=VERTEX_POINT('',#94680);
#94700=EDGE_CURVE('',#94690,#94600,#94670,.T.);
#94710=ORIENTED_EDGE('',*,*,#94700,.T.);
#94720=CARTESIAN_POINT('',(0.382819000000001,-7.03203869645894E-17,11.7)
);
#94730=DIRECTION('',(-1.83690953073357E-16,-1.,1.49966072182214E-32));
#94740=VECTOR('',#94730,1.);
#94750=LINE('',#94720,#94740);
#94760=CARTESIAN_POINT('',(0.382819000000001,-0.930469,11.7));
#94770=VERTEX_POINT('',#94760);
#94780=EDGE_CURVE('',#94770,#94690,#94750,.T.);
#94790=ORIENTED_EDGE('',*,*,#94780,.T.);
#94800=CARTESIAN_POINT('',(0.382819000000001,-0.930469,16.6366241061569)
);
#94810=DIRECTION('',(6.12303176911188E-17,0.,1.));
#94820=VECTOR('',#94810,1.);
#94830=LINE('',#94800,#94820);
#94840=CARTESIAN_POINT('',(0.382819000000001,-0.930469,11.5));
#94850=VERTEX_POINT('',#94840);
#94860=EDGE_CURVE('',#94850,#94770,#94830,.T.);
#94870=ORIENTED_EDGE('',*,*,#94860,.T.);
#94880=CARTESIAN_POINT('',(0.382819000000001,-7.03203869645894E-17,11.5)
);
#94890=DIRECTION('',(1.83690953073357E-16,1.,-1.49966072182214E-32));
#94900=VECTOR('',#94890,1.);
#94910=LINE('',#94880,#94900);
#94920=EDGE_CURVE('',#94190,#94850,#94910,.T.);
#94930=ORIENTED_EDGE('',*,*,#94920,.T.);
#94940=EDGE_LOOP('',(#94930,#94870,#94790,#94710,#94620,#94540,#94530,
#94470,#94390,#94380,#94310,#94230));
#94950=FACE_OUTER_BOUND('',#94940,.T.);
#94960=ADVANCED_FACE('',(#94950),#94120,.T.);
#94970=CARTESIAN_POINT('',(-2.217181,-1.830469,10.6));
#94980=DIRECTION('',(-1.83690953073357E-16,-1.,1.1247455413666E-32));
#94990=DIRECTION('',(-6.12303176911188E-17,0.,-1.));
#95000=AXIS2_PLACEMENT_3D('',#94970,#94980,#94990);
#95010=PLANE('',#95000);
#95020=CARTESIAN_POINT('',(-2.217181,-1.830469,10.6));
#95030=DIRECTION('',(-1.,1.83690953073357E-16,6.12303176911189E-17));
#95040=VECTOR('',#95030,1.);
#95050=LINE('',#95020,#95040);
#95060=EDGE_CURVE('',#94290,#68080,#95050,.T.);
#95070=ORIENTED_EDGE('',*,*,#95060,.T.);
#95080=ORIENTED_EDGE('',*,*,#94300,.F.);
#95090=CARTESIAN_POINT('',(-2.217181,-1.830469,11.3));
#95100=DIRECTION('',(-1.,1.83690953073357E-16,6.12303176911189E-17));
#95110=VECTOR('',#95100,1.);
#95120=LINE('',#95090,#95110);
#95130=EDGE_CURVE('',#94210,#67170,#95120,.T.);
#95140=ORIENTED_EDGE('',*,*,#95130,.F.);
#95150=ORIENTED_EDGE('',*,*,#67180,.F.);
#95160=CARTESIAN_POINT('',(5.8034619435425E-16,-1.830469,10.9));
#95170=DIRECTION('',(-1.,1.83690953073357E-16,6.12303176911189E-17));
#95180=VECTOR('',#95170,1.);
#95190=LINE('',#95160,#95180);
#95200=CARTESIAN_POINT('',(-0.767181,-1.830469,10.9));
#95210=VERTEX_POINT('',#95200);
#95220=EDGE_CURVE('',#67090,#95210,#95190,.T.);
#95230=ORIENTED_EDGE('',*,*,#95220,.F.);
#95240=CARTESIAN_POINT('',(-0.767180999999999,-1.830469,16.6366241061569
));
#95250=DIRECTION('',(6.12303176911189E-17,-2.73691106313441E-48,1.));
#95260=VECTOR('',#95250,1.);
#95270=LINE('',#95240,#95260);
#95280=CARTESIAN_POINT('',(-0.767180999999999,-1.830469,11.3));
#95290=VERTEX_POINT('',#95280);
#95300=EDGE_CURVE('',#95210,#95290,#95270,.T.);
#95310=ORIENTED_EDGE('',*,*,#95300,.F.);
#95320=CARTESIAN_POINT('',(-2.217181,-1.830469,11.3));
#95330=DIRECTION('',(-1.,1.83690953073357E-16,6.12303176911189E-17));
#95340=VECTOR('',#95330,1.);
#95350=LINE('',#95320,#95340);
#95360=EDGE_CURVE('',#95290,#68160,#95350,.T.);
#95370=ORIENTED_EDGE('',*,*,#95360,.F.);
#95380=ORIENTED_EDGE('',*,*,#68170,.F.);
#95390=EDGE_LOOP('',(#95380,#95370,#95310,#95230,#95150,#95140,#95080,
#95070));
#95400=FACE_OUTER_BOUND('',#95390,.T.);
#95410=ADVANCED_FACE('',(#95400),#95010,.F.);
#95420=CARTESIAN_POINT('',(-0.267180999999999,-2.030469,10.9));
#95430=DIRECTION('',(6.12303176911189E-17,3.74915180455534E-33,1.));
#95440=DIRECTION('',(1.,-1.83690953073357E-16,-6.12303176911189E-17));
#95450=AXIS2_PLACEMENT_3D('',#95420,#95430,#95440);
#95460=PLANE('',#95450);
#95470=CARTESIAN_POINT('',(-0.767181,-2.030469,10.9));
#95480=DIRECTION('',(1.83690953073357E-16,1.,-1.49966072182214E-32));
#95490=VECTOR('',#95480,1.);
#95500=LINE('',#95470,#95490);
#95510=CARTESIAN_POINT('',(-0.767181,-2.030469,10.9));
#95520=VERTEX_POINT('',#95510);
#95530=EDGE_CURVE('',#95520,#95210,#95500,.T.);
#95540=ORIENTED_EDGE('',*,*,#95530,.F.);
#95550=ORIENTED_EDGE('',*,*,#95220,.T.);
#95560=ORIENTED_EDGE('',*,*,#67100,.T.);
#95570=CARTESIAN_POINT('',(5.43608003739578E-16,-2.030469,10.9));
#95580=DIRECTION('',(1.,-1.83690953073357E-16,-6.12303176911189E-17));
#95590=VECTOR('',#95580,1.);
#95600=LINE('',#95570,#95590);
#95610=EDGE_CURVE('',#95520,#67070,#95600,.T.);
#95620=ORIENTED_EDGE('',*,*,#95610,.T.);
#95630=EDGE_LOOP('',(#95620,#95560,#95550,#95540));
#95640=FACE_OUTER_BOUND('',#95630,.T.);
#95650=ADVANCED_FACE('',(#95640),#95460,.T.);
#95660=CARTESIAN_POINT('',(-2.217181,-1.630469,10.6));
#95670=DIRECTION('',(-1.,1.83690953073357E-16,6.12303176911189E-17));
#95680=DIRECTION('',(-1.83690953073357E-16,-1.,1.49966072182214E-32));
#95690=AXIS2_PLACEMENT_3D('',#95660,#95670,#95680);
#95700=CYLINDRICAL_SURFACE('',#95690,0.2);
#95710=ORIENTED_EDGE('',*,*,#66860,.F.);
#95720=ORIENTED_EDGE('',*,*,#94370,.T.);
#95730=ORIENTED_EDGE('',*,*,#95060,.F.);
#95740=ORIENTED_EDGE('',*,*,#68090,.F.);
#95750=EDGE_LOOP('',(#95740,#95730,#95720,#95710));
#95760=FACE_OUTER_BOUND('',#95750,.T.);
#95770=ADVANCED_FACE('',(#95760),#95700,.F.);
#95780=CARTESIAN_POINT('',(-2.217181,-1.630469,11.3));
#95790=DIRECTION('',(-1.,1.83690953073357E-16,6.12303176911189E-17));
#95800=DIRECTION('',(-1.83690953073357E-16,-1.,1.49966072182214E-32));
#95810=AXIS2_PLACEMENT_3D('',#95780,#95790,#95800);
#95820=CYLINDRICAL_SURFACE('',#95810,0.4);
#95830=CARTESIAN_POINT('',(-2.217181,-1.630469,11.7));
#95840=DIRECTION('',(1.,-1.83690953073357E-16,-6.12303176911189E-17));
#95850=VECTOR('',#95840,1.);
#95860=LINE('',#95830,#95850);
#95870=CARTESIAN_POINT('',(-0.767180999999999,-1.630469,11.7));
#95880=VERTEX_POINT('',#95870);
#95890=EDGE_CURVE('',#68490,#95880,#95860,.T.);
#95900=ORIENTED_EDGE('',*,*,#95890,.F.);
#95910=CARTESIAN_POINT('',(-0.767181,-1.630469,11.3));
#95920=DIRECTION('',(1.,-1.83690953073357E-16,-6.12303176911189E-17));
#95930=DIRECTION('',(-1.83690953073357E-16,-1.,1.49966072182214E-32));
#95940=AXIS2_PLACEMENT_3D('',#95910,#95920,#95930);
#95950=CIRCLE('',#95940,0.4);
#95960=CARTESIAN_POINT('',(-0.767180999999999,-2.030469,11.3));
#95970=VERTEX_POINT('',#95960);
#95980=EDGE_CURVE('',#95880,#95970,#95950,.T.);
#95990=ORIENTED_EDGE('',*,*,#95980,.F.);
#96000=CARTESIAN_POINT('',(-2.217181,-2.030469,11.3));
#96010=DIRECTION('',(-1.,1.83690953073357E-16,6.12303176911189E-17));
#96020=VECTOR('',#96010,1.);
#96030=LINE('',#96000,#96020);
#96040=EDGE_CURVE('',#95970,#67670,#96030,.T.);
#96050=ORIENTED_EDGE('',*,*,#96040,.F.);
#96060=ORIENTED_EDGE('',*,*,#68570,.T.);
#96070=EDGE_LOOP('',(#96060,#96050,#95990,#95900));
#96080=FACE_OUTER_BOUND('',#96070,.T.);
#96090=ADVANCED_FACE('',(#96080),#95820,.T.);
#96100=CARTESIAN_POINT('',(-2.217181,-0.930468999999999,11.7));
#96110=DIRECTION('',(-6.12303176911189E-17,-3.74915180455534E-33,-1.));
#96120=DIRECTION('',(1.83690953073357E-16,1.,-1.49966072182214E-32));
#96130=AXIS2_PLACEMENT_3D('',#96100,#96110,#96120);
#96140=PLANE('',#96130);
#96150=CARTESIAN_POINT('',(-2.217181,-0.930468999999999,11.7));
#96160=DIRECTION('',(1.,-1.83690953073357E-16,-6.12303176911189E-17));
#96170=VECTOR('',#96160,1.);
#96180=LINE('',#96150,#96170);
#96190=EDGE_CURVE('',#68410,#94770,#96180,.T.);
#96200=ORIENTED_EDGE('',*,*,#96190,.F.);
#96210=ORIENTED_EDGE('',*,*,#94780,.F.);
#96220=EDGE_CURVE('',#67340,#94690,#95860,.T.);
#96230=ORIENTED_EDGE('',*,*,#96220,.T.);
#96240=CARTESIAN_POINT('',(-2.217181,-1.630469,11.7));
#96250=DIRECTION('',(-1.,1.83690953073357E-16,6.12303176911189E-17));
#96260=VECTOR('',#96250,1.);
#96270=LINE('',#96240,#96260);
#96280=EDGE_CURVE('',#67340,#95880,#96270,.T.);
#96290=ORIENTED_EDGE('',*,*,#96280,.F.);
#96300=ORIENTED_EDGE('',*,*,#95890,.T.);
#96310=ORIENTED_EDGE('',*,*,#68500,.F.);
#96320=EDGE_LOOP('',(#96310,#96300,#96290,#96230,#96210,#96200));
#96330=FACE_OUTER_BOUND('',#96320,.T.);
#96340=ADVANCED_FACE('',(#96330),#96140,.F.);
#96350=CARTESIAN_POINT('',(-2.217181,-2.030469,11.3));
#96360=DIRECTION('',(1.83690953073357E-16,1.,-1.1247455413666E-32));
#96370=DIRECTION('',(6.12303176911188E-17,0.,1.));
#96380=AXIS2_PLACEMENT_3D('',#96350,#96360,#96370);
#96390=PLANE('',#96380);
#96400=ORIENTED_EDGE('',*,*,#96040,.T.);
#96410=CARTESIAN_POINT('',(-0.767180999999999,-2.030469,16.6366241061569
));
#96420=DIRECTION('',(-6.12303176911189E-17,2.73691106313441E-48,-1.));
#96430=VECTOR('',#96420,1.);
#96440=LINE('',#96410,#96430);
#96450=EDGE_CURVE('',#95970,#95520,#96440,.T.);
#96460=ORIENTED_EDGE('',*,*,#96450,.F.);
#96470=ORIENTED_EDGE('',*,*,#95610,.F.);
#96480=ORIENTED_EDGE('',*,*,#67500,.F.);
#96490=CARTESIAN_POINT('',(-2.217181,-2.030469,11.3));
#96500=DIRECTION('',(-1.,1.83690953073357E-16,6.12303176911189E-17));
#96510=VECTOR('',#96500,1.);
#96520=LINE('',#96490,#96510);
#96530=EDGE_CURVE('',#94600,#67430,#96520,.T.);
#96540=ORIENTED_EDGE('',*,*,#96530,.T.);
#96550=ORIENTED_EDGE('',*,*,#94610,.F.);
#96560=ORIENTED_EDGE('',*,*,#68730,.F.);
#96570=ORIENTED_EDGE('',*,*,#67680,.F.);
#96580=EDGE_LOOP('',(#96570,#96560,#96550,#96540,#96480,#96470,#96460,
#96400));
#96590=FACE_OUTER_BOUND('',#96580,.T.);
#96600=ADVANCED_FACE('',(#96590),#96390,.F.);
#96610=ORIENTED_EDGE('',*,*,#96220,.F.);
#96620=ORIENTED_EDGE('',*,*,#94700,.F.);
#96630=ORIENTED_EDGE('',*,*,#96530,.F.);
#96640=ORIENTED_EDGE('',*,*,#67440,.T.);
#96650=EDGE_LOOP('',(#96640,#96630,#96620,#96610));
#96660=FACE_OUTER_BOUND('',#96650,.T.);
#96670=ADVANCED_FACE('',(#96660),#95820,.T.);
#96680=CARTESIAN_POINT('',(-2.217181,-1.630469,11.3));
#96690=DIRECTION('',(-1.,1.83690953073357E-16,6.12303176911189E-17));
#96700=DIRECTION('',(-1.83690953073357E-16,-1.,1.49966072182214E-32));
#96710=AXIS2_PLACEMENT_3D('',#96680,#96690,#96700);
#96720=CYLINDRICAL_SURFACE('',#96710,0.2);
#96730=ORIENTED_EDGE('',*,*,#95130,.T.);
#96740=ORIENTED_EDGE('',*,*,#94220,.T.);
#96750=CARTESIAN_POINT('',(-2.217181,-1.630469,11.5));
#96760=DIRECTION('',(1.,-1.83690953073357E-16,-6.12303176911189E-17));
#96770=VECTOR('',#96760,1.);
#96780=LINE('',#96750,#96770);
#96790=EDGE_CURVE('',#67260,#94190,#96780,.T.);
#96800=ORIENTED_EDGE('',*,*,#96790,.T.);
#96810=ORIENTED_EDGE('',*,*,#67270,.F.);
#96820=EDGE_LOOP('',(#96810,#96800,#96740,#96730));
#96830=FACE_OUTER_BOUND('',#96820,.T.);
#96840=ADVANCED_FACE('',(#96830),#96720,.F.);
#96850=CARTESIAN_POINT('',(-2.217181,-1.630469,11.5));
#96860=DIRECTION('',(6.12303176911189E-17,3.74915180455534E-33,1.));
#96870=DIRECTION('',(-1.83690953073357E-16,-1.,1.49966072182214E-32));
#96880=AXIS2_PLACEMENT_3D('',#96850,#96860,#96870);
#96890=PLANE('',#96880);
#96900=CARTESIAN_POINT('',(-2.217181,-0.930468999999999,11.5));
#96910=DIRECTION('',(1.,-1.83690953073357E-16,-6.12303176911189E-17));
#96920=VECTOR('',#96910,1.);
#96930=LINE('',#96900,#96920);
#96940=EDGE_CURVE('',#68330,#94850,#96930,.T.);
#96950=ORIENTED_EDGE('',*,*,#96940,.T.);
#96960=ORIENTED_EDGE('',*,*,#68340,.F.);
#96970=CARTESIAN_POINT('',(-0.767180999999999,-1.630469,11.5));
#96980=VERTEX_POINT('',#96970);
#96990=EDGE_CURVE('',#68250,#96980,#96780,.T.);
#97000=ORIENTED_EDGE('',*,*,#96990,.F.);
#97010=CARTESIAN_POINT('',(-2.217181,-1.630469,11.5));
#97020=DIRECTION('',(-1.,1.83690953073357E-16,6.12303176911189E-17));
#97030=VECTOR('',#97020,1.);
#97040=LINE('',#97010,#97030);
#97050=EDGE_CURVE('',#67260,#96980,#97040,.T.);
#97060=ORIENTED_EDGE('',*,*,#97050,.T.);
#97070=ORIENTED_EDGE('',*,*,#96790,.F.);
#97080=ORIENTED_EDGE('',*,*,#94920,.F.);
#97090=EDGE_LOOP('',(#97080,#97070,#97060,#97000,#96960,#96950));
#97100=FACE_OUTER_BOUND('',#97090,.T.);
#97110=ADVANCED_FACE('',(#97100),#96890,.F.);
#97120=CARTESIAN_POINT('',(0.732819,-0.530469000000001,10.2));
#97130=DIRECTION('',(0.98058067569092,-0.196116135138184,
-6.0041266294327E-17));
#97140=DIRECTION('',(0.196116135138184,0.98058067569092,
-1.20082532588654E-17));
#97150=AXIS2_PLACEMENT_3D('',#97120,#97130,#97140);
#97160=PLANE('',#97150);
#97170=CARTESIAN_POINT('',(0.8389128,0.,10.2));
#97180=DIRECTION('',(-0.196116135138184,-0.98058067569092,0.));
#97190=VECTOR('',#97180,1.);
#97200=LINE('',#97170,#97190);
#97210=CARTESIAN_POINT('',(0.664974354594474,-0.869692227027637,10.2));
#97220=VERTEX_POINT('',#97210);
#97230=EDGE_CURVE('',#64560,#97220,#97200,.T.);
#97240=ORIENTED_EDGE('',*,*,#97230,.F.);
#97250=CARTESIAN_POINT('',(0.664974354594474,-0.869692227027637,10.2));
#97260=DIRECTION('',(6.12303176911188E-17,0.,1.));
#97270=VECTOR('',#97260,1.);
#97280=LINE('',#97250,#97270);
#97290=EDGE_CURVE('',#97220,#66520,#97280,.T.);
#97300=ORIENTED_EDGE('',*,*,#97290,.F.);
#97310=ORIENTED_EDGE('',*,*,#66530,.T.);
#97320=ORIENTED_EDGE('',*,*,#64650,.F.);
#97330=EDGE_LOOP('',(#97320,#97310,#97300,#97240));
#97340=FACE_OUTER_BOUND('',#97330,.T.);
#97350=ADVANCED_FACE('',(#97340),#97160,.T.);
#97360=CARTESIAN_POINT('',(0.468858219456289,-0.830469000000001,10.2));
#97370=DIRECTION('',(6.12303176911188E-17,0.,1.));
#97380=DIRECTION('',(-1.,1.83690953073357E-16,6.12303176911189E-17));
#97390=AXIS2_PLACEMENT_3D('',#97360,#97370,#97380);
#97400=CYLINDRICAL_SURFACE('',#97390,0.2);
#97410=CARTESIAN_POINT('',(0.482968511537804,-1.02997062820733,10.2));
#97420=DIRECTION('',(6.12303176911188E-17,0.,1.));
#97430=VECTOR('',#97420,1.);
#97440=LINE('',#97410,#97430);
#97450=CARTESIAN_POINT('',(0.482968511537803,-1.02997062820733,10.2));
#97460=VERTEX_POINT('',#97450);
#97470=EDGE_CURVE('',#97460,#66610,#97440,.T.);
#97480=ORIENTED_EDGE('',*,*,#97470,.F.);
#97490=ORIENTED_EDGE('',*,*,#66620,.T.);
#97500=ORIENTED_EDGE('',*,*,#97290,.T.);
#97510=CARTESIAN_POINT('',(0.468858219456289,-0.830469000000001,10.2));
#97520=DIRECTION('',(-6.12303176911188E-17,0.,-1.));
#97530=DIRECTION('',(-1.,1.83690953073357E-16,6.12303176911189E-17));
#97540=AXIS2_PLACEMENT_3D('',#97510,#97520,#97530);
#97550=CIRCLE('',#97540,0.2);
#97560=EDGE_CURVE('',#97220,#97460,#97550,.T.);
#97570=ORIENTED_EDGE('',*,*,#97560,.F.);
#97580=EDGE_LOOP('',(#97570,#97500,#97490,#97480));
#97590=FACE_OUTER_BOUND('',#97580,.T.);
#97600=ADVANCED_FACE('',(#97590),#97400,.T.);
#97610=CARTESIAN_POINT('',(0.382819000000001,-1.02997062820733,
11.8500024));
#97620=DIRECTION('',(-1.83690953073357E-16,-1.,1.1247455413666E-32));
#97630=DIRECTION('',(1.,-1.83690953073357E-16,-6.12303176911189E-17));
#97640=AXIS2_PLACEMENT_3D('',#97610,#97620,#97630);
#97650=PLANE('',#97640);
#97660=ORIENTED_EDGE('',*,*,#97470,.T.);
#97670=CARTESIAN_POINT('',(0.,-1.02997062820733,10.2));
#97680=DIRECTION('',(-1.,1.83690953073357E-16,0.));
#97690=VECTOR('',#97680,1.);
#97700=LINE('',#97670,#97690);
#97710=EDGE_CURVE('',#97460,#94450,#97700,.T.);
#97720=ORIENTED_EDGE('',*,*,#97710,.F.);
#97730=ORIENTED_EDGE('',*,*,#94460,.T.);
#97740=ORIENTED_EDGE('',*,*,#66700,.T.);
#97750=EDGE_LOOP('',(#97740,#97730,#97720,#97660));
#97760=FACE_OUTER_BOUND('',#97750,.T.);
#97770=ADVANCED_FACE('',(#97760),#97650,.T.);
#97780=ORIENTED_EDGE('',*,*,#97230,.T.);
#97790=ORIENTED_EDGE('',*,*,#64570,.T.);
#97800=ORIENTED_EDGE('',*,*,#92090,.T.);
#97810=ORIENTED_EDGE('',*,*,#13140,.T.);
#97820=EDGE_CURVE('',#13050,#69920,#69900,.T.);
#97830=ORIENTED_EDGE('',*,*,#97820,.F.);
#97840=ORIENTED_EDGE('',*,*,#69930,.F.);
#97850=ORIENTED_EDGE('',*,*,#69600,.T.);
#97860=ORIENTED_EDGE('',*,*,#68900,.T.);
#97870=ORIENTED_EDGE('',*,*,#94520,.T.);
#97880=ORIENTED_EDGE('',*,*,#97710,.T.);
#97890=ORIENTED_EDGE('',*,*,#97560,.T.);
#97900=EDGE_LOOP('',(#97890,#97880,#97870,#97860,#97850,#97840,#97830,
#97810,#97800,#97790,#97780));
#97910=FACE_OUTER_BOUND('',#97900,.T.);
#97920=ADVANCED_FACE('',(#97910),#24190,.F.);
#97930=CARTESIAN_POINT('',(-0.268395264474578,-2.030469,9.24682396401214
));
#97940=DIRECTION('',(0.,1.,0.));
#97950=DIRECTION('',(1.,0.,0.));
#97960=AXIS2_PLACEMENT_3D('',#97930,#97940,#97950);
#97970=PLANE('',#97960);
#97980=ORIENTED_EDGE('',*,*,#70140,.T.);
#97990=ORIENTED_EDGE('',*,*,#97820,.T.);
#98000=ORIENTED_EDGE('',*,*,#13060,.T.);
#98010=EDGE_LOOP('',(#98000,#97990,#97980));
#98020=FACE_OUTER_BOUND('',#98010,.T.);
#98030=ADVANCED_FACE('',(#98020),#97970,.F.);
#98040=CARTESIAN_POINT('',(-2.217181,-0.930468999999999,11.5));
#98050=DIRECTION('',(-1.83690953073357E-16,-1.,1.1247455413666E-32));
#98060=DIRECTION('',(-6.12303176911188E-17,0.,-1.));
#98070=AXIS2_PLACEMENT_3D('',#98040,#98050,#98060);
#98080=PLANE('',#98070);
#98090=ORIENTED_EDGE('',*,*,#96190,.T.);
#98100=ORIENTED_EDGE('',*,*,#68420,.F.);
#98110=ORIENTED_EDGE('',*,*,#96940,.F.);
#98120=ORIENTED_EDGE('',*,*,#94860,.F.);
#98130=EDGE_LOOP('',(#98120,#98110,#98100,#98090));
#98140=FACE_OUTER_BOUND('',#98130,.T.);
#98150=ADVANCED_FACE('',(#98140),#98080,.F.);
#98160=ORIENTED_EDGE('',*,*,#95360,.T.);
#98170=CARTESIAN_POINT('',(-0.767181,-1.630469,11.3));
#98180=DIRECTION('',(1.,-1.83690953073357E-16,-6.12303176911189E-17));
#98190=DIRECTION('',(-1.83690953073357E-16,-1.,1.49966072182214E-32));
#98200=AXIS2_PLACEMENT_3D('',#98170,#98180,#98190);
#98210=CIRCLE('',#98200,0.2);
#98220=EDGE_CURVE('',#96980,#95290,#98210,.T.);
#98230=ORIENTED_EDGE('',*,*,#98220,.T.);
#98240=ORIENTED_EDGE('',*,*,#96990,.T.);
#98250=ORIENTED_EDGE('',*,*,#68260,.F.);
#98260=EDGE_LOOP('',(#98250,#98240,#98230,#98160));
#98270=FACE_OUTER_BOUND('',#98260,.T.);
#98280=ADVANCED_FACE('',(#98270),#96720,.F.);
#98290=CARTESIAN_POINT('',(-0.767181,-2.030469,10.9));
#98300=DIRECTION('',(1.,-1.83690953073357E-16,-6.12303176911189E-17));
#98310=DIRECTION('',(1.83690953073357E-16,1.,-1.49966072182214E-32));
#98320=AXIS2_PLACEMENT_3D('',#98290,#98300,#98310);
#98330=PLANE('',#98320);
#98340=ORIENTED_EDGE('',*,*,#95300,.T.);
#98350=ORIENTED_EDGE('',*,*,#95530,.T.);
#98360=ORIENTED_EDGE('',*,*,#96450,.T.);
#98370=ORIENTED_EDGE('',*,*,#95980,.T.);
#98380=CARTESIAN_POINT('',(-0.767181,-1.630469,10.6));
#98390=DIRECTION('',(6.12303176911189E-17,-2.73691106313441E-48,1.));
#98400=VECTOR('',#98390,1.);
#98410=LINE('',#98380,#98400);
#98420=EDGE_CURVE('',#96980,#95880,#98410,.T.);
#98430=ORIENTED_EDGE('',*,*,#98420,.T.);
#98440=ORIENTED_EDGE('',*,*,#98220,.F.);
#98450=EDGE_LOOP('',(#98440,#98430,#98370,#98360,#98350,#98340));
#98460=FACE_OUTER_BOUND('',#98450,.T.);
#98470=ADVANCED_FACE('',(#98460),#98330,.T.);
#98480=CARTESIAN_POINT('',(-0.748576102355523,-1.630469,11.0517260556164
));
#98490=DIRECTION('',(1.83690953073357E-16,1.,-1.1247455413666E-32));
#98500=DIRECTION('',(-6.12303176911189E-17,2.73691106313441E-48,-1.));
#98510=AXIS2_PLACEMENT_3D('',#98480,#98490,#98500);
#98520=PLANE('',#98510);
#98530=ORIENTED_EDGE('',*,*,#67350,.F.);
#98540=ORIENTED_EDGE('',*,*,#97050,.F.);
#98550=ORIENTED_EDGE('',*,*,#98420,.F.);
#98560=ORIENTED_EDGE('',*,*,#96280,.T.);
#98570=EDGE_LOOP('',(#98560,#98550,#98540,#98530));
#98580=FACE_OUTER_BOUND('',#98570,.T.);
#98590=ADVANCED_FACE('',(#98580),#98520,.F.);
#98600=CARTESIAN_POINT('',(-1.667181,-0.530469,10.2));
#98610=DIRECTION('',(-0.957826285221152,-0.287347885566345,
5.86480077369953E-17));
#98620=DIRECTION('',(0.287347885566345,-0.957826285221152,
-1.75944023210986E-17));
#98630=AXIS2_PLACEMENT_3D('',#98600,#98610,#98620);
#98640=PLANE('',#98630);
#98650=ORIENTED_EDGE('',*,*,#90660,.F.);
#98660=ORIENTED_EDGE('',*,*,#65710,.T.);
#98670=ORIENTED_EDGE('',*,*,#55750,.T.);
#98680=ORIENTED_EDGE('',*,*,#84870,.F.);
#98690=EDGE_LOOP('',(#98680,#98670,#98660,#98650));
#98700=FACE_OUTER_BOUND('',#98690,.T.);
#98710=ADVANCED_FACE('',(#98700),#98640,.T.);
#98720=ORIENTED_EDGE('',*,*,#70470,.F.);
#98730=ORIENTED_EDGE('',*,*,#70220,.T.);
#98740=ORIENTED_EDGE('',*,*,#69770,.F.);
#98750=ORIENTED_EDGE('',*,*,#70110,.F.);
#98760=EDGE_LOOP('',(#98750,#98740,#98730,#98720));
#98770=FACE_OUTER_BOUND('',#98760,.T.);
#98780=ADVANCED_FACE('',(#98770),#70040,.T.);
#98790=ORIENTED_EDGE('',*,*,#70450,.T.);
#98800=ORIENTED_EDGE('',*,*,#70720,.F.);
#98810=ORIENTED_EDGE('',*,*,#70550,.F.);
#98820=ORIENTED_EDGE('',*,*,#70290,.T.);
#98830=EDGE_LOOP('',(#98820,#98810,#98800,#98790));
#98840=FACE_OUTER_BOUND('',#98830,.T.);
#98850=ADVANCED_FACE('',(#98840),#70380,.T.);
#98860=CLOSED_SHELL('',(#25360,#25670,#26230,#26630,#27200,#27600,#28000
,#28320,#28650,#28910,#29150,#29390,#30180,#30720,#30870,#31180,#31490,
#31800,#32110,#32420,#32820,#33060,#33440,#33610,#33920,#34670,#35240,
#35550,#35670,#35980,#36220,#36460,#36700,#37050,#37700,#37870,#37990,
#38160,#38280,#38850,#39070,#39490,#39680,#39800,#40200,#40350,#40720,
#40990,#41110,#41420,#41590,#41900,#42110,#42300,#42540,#42620,#42930,
#43220,#43620,#43930,#44240,#44820,#45240,#45520,#45690,#46170,#46320,
#46720,#46940,#47110,#47350,#47590,#47760,#48000,#48220,#48530,#48850,
#49020,#49200,#49770,#50010,#50180,#50250,#51560,#51780,#52100,#52270,
#52700,#52870,#52990,#53300,#53720,#53970,#54090,#54330,#54650,#54820,
#54990,#55050,#55170,#55290,#55410,#55530,#55930,#56050,#56170,#56390,
#56630,#56800,#56870,#57050,#57290,#57650,#57820,#58050,#58520,#58760,
#58930,#59050,#59490,#59660,#59780,#59900,#60020,#62140,#62410,#62670,
#62740,#62920,#63180,#63320,#63720,#64120,#64430,#65250,#66960,#67540,
#68610,#69010,#69250,#69640,#69990,#70330,#70660,#70770,#71010,#71570,
#71820,#72060,#72300,#72420,#72680,#72960,#73130,#73250,#73370,#76210,
#76690,#77170,#77480,#77770,#78010,#78180,#78350,#78520,#78640,#78860,
#78980,#79050,#79530,#80010,#80320,#80610,#80850,#81020,#81190,#81360,
#81480,#81700,#81820,#81890,#82370,#82850,#83160,#83450,#83690,#83860,
#84030,#84200,#84320,#84540,#84660,#84730,#84910,#85030,#85200,#85260,
#85570,#85740,#85910,#86030,#86270,#86460,#86630,#86750,#86820,#86900,
#87070,#87250,#87560,#88070,#88540,#88780,#89260,#89480,#89650,#89770,
#89890,#90010,#90180,#90350,#90520,#90780,#91020,#91200,#91510,#91630,
#91750,#92130,#92350,#92470,#92540,#92660,#92850,#93090,#93210,#93330,
#93520,#93710,#93830,#93950,#94070,#94960,#95410,#95650,#95770,#96090,
#96340,#96600,#96670,#96840,#97110,#97350,#97600,#97770,#97920,#98030,
#98150,#98280,#98470,#98590,#98710,#98780,#98850,#810,#1370,#1770,#2190,
#2300,#2700,#2920,#3290,#3600,#4420,#4540,#4940,#5180,#5580,#5890,#6290,
#6690,#7000,#7220,#7460,#7680,#8080,#8370,#8660,#8830,#9070,#9310,#9480,
#9600,#9840,#10200,#10370,#10490,#10800,#11200,#11370,#11540,#11710,
#12020,#15040,#15160,#15400,#17000,#17400,#17710,#18090,#18330,#18640,
#18810,#18980,#19200,#19320,#19440,#19750,#20130,#20440,#20610,#20850,
#21120,#21240,#21360,#21480,#21790,#22170,#22480,#22650,#22890,#23160,
#23280,#23400,#23520,#23740,#24140,#24860,#24930,#25010));
#98870=MANIFOLD_SOLID_BREP('',#98860);
#98880=CARTESIAN_POINT('',(0.,0.,0.));
#98890=DIRECTION('',(0.,0.,1.));
#98900=DIRECTION('',(1.,0.,0.));
#98910=AXIS2_PLACEMENT_3D('',#98880,#98890,#98900);
#98920=APPLICATION_CONTEXT(' ');
#98930=APPLICATION_PROTOCOL_DEFINITION(' ','automotive_design',1998,
#98920);
#98940=MECHANICAL_CONTEXT('',#98920,'mechanical');
#98950=PRODUCT_DEFINITION_CONTEXT('part definition',#98920,'design');
#98960=PRODUCT('DF13-6P-1.25V','DF13-6P-1.25V','',(#98940));
#98970=PRODUCT_TYPE('part',' ',(#98960));
#98980=PRODUCT_DEFINITION_FORMATION_WITH_SPECIFIED_SOURCE('','',#98960,
.BOUGHT.);
#98990=PRODUCT_DEFINITION('',' ',#98980,#98950);
#99000=PRODUCT_DEFINITION_SHAPE('','',#98990);
#99010=DIMENSIONAL_EXPONENTS(1.,0.,0.,0.,0.,0.,0.);
#99020=DIMENSIONAL_EXPONENTS(0.,0.,0.,0.,0.,0.,0.);
#99030=DIMENSIONAL_EXPONENTS(0.,0.,0.,0.,0.,0.,0.);
#99040=(LENGTH_UNIT() NAMED_UNIT(*) SI_UNIT(.MILLI.,.METRE.));
#99050=(NAMED_UNIT(*) PLANE_ANGLE_UNIT() SI_UNIT($,.RADIAN.));
#99060=(NAMED_UNIT(*) SI_UNIT($,.STERADIAN.) SOLID_ANGLE_UNIT());
#99070=(GEOMETRIC_REPRESENTATION_CONTEXT(3) 
GLOBAL_UNCERTAINTY_ASSIGNED_CONTEXT((#99080)) 
GLOBAL_UNIT_ASSIGNED_CONTEXT((#99040,#99050,#99060)) 
REPRESENTATION_CONTEXT('',''));
#99080=UNCERTAINTY_MEASURE_WITH_UNIT(LENGTH_MEASURE(1.E-6),#99040,
'distance_accuracy_value','maximum gap value');
#99090=ADVANCED_BREP_SHAPE_REPRESENTATION('',(#98910,#98870),#99070);
#99100=SHAPE_DEFINITION_REPRESENTATION(#99000,#99090);
#99110=COLOUR_RGB('',1.,1.,0.533333361148834);
#99120=FILL_AREA_STYLE_COLOUR('',#99110);
#99130=FILL_AREA_STYLE('',(#99120));
#99140=SURFACE_STYLE_FILL_AREA(#99130);
#99150=SURFACE_SIDE_STYLE('',(#99140));
#99160=SURFACE_STYLE_USAGE(.BOTH.,#99150);
#99170=PRESENTATION_STYLE_ASSIGNMENT((#99160));
#99180=STYLED_ITEM('',(#99170),#98870);
#99190=MECHANICAL_DESIGN_GEOMETRIC_PRESENTATION_REPRESENTATION('',(
#99180),#99070);
#99200=CARTESIAN_POINT('',(0.,25.,0.));
#99210=DIRECTION('',(0.,0.,1.));
#99220=DIRECTION('',(1.,0.,0.));
#99230=AXIS2_PLACEMENT_3D('',#99200,#99210,#99220);
#99240=ITEM_DEFINED_TRANSFORMATION('DF13-6P-1.25V','',#98910,#99230);
#99250=APPLICATION_CONTEXT(' ');
#99260=APPLICATION_PROTOCOL_DEFINITION(' ','automotive_design',1998,
#99250);
#99270=MECHANICAL_CONTEXT('',#99250,'mechanical');
#99280=PRODUCT_DEFINITION_CONTEXT('part definition',#99250,'design');
#99290=PRODUCT('DF13-6P-1.25V','DF13-6P-1.25V','',(#99270));
#99300=PRODUCT_TYPE('part',' ',(#99290));
#99310=PRODUCT_DEFINITION_FORMATION_WITH_SPECIFIED_SOURCE('','',#99290,
.BOUGHT.);
#99320=PRODUCT_DEFINITION('',' ',#99310,#99280);
#99330=PRODUCT_DEFINITION_SHAPE('','',#99320);
#99340=DIMENSIONAL_EXPONENTS(1.,0.,0.,0.,0.,0.,0.);
#99350=DIMENSIONAL_EXPONENTS(0.,0.,0.,0.,0.,0.,0.);
#99360=DIMENSIONAL_EXPONENTS(0.,0.,0.,0.,0.,0.,0.);
#99370=(LENGTH_UNIT() NAMED_UNIT(*) SI_UNIT(.MILLI.,.METRE.));
#99380=(NAMED_UNIT(*) PLANE_ANGLE_UNIT() SI_UNIT($,.RADIAN.));
#99390=(NAMED_UNIT(*) SI_UNIT($,.STERADIAN.) SOLID_ANGLE_UNIT());
#99400=(GEOMETRIC_REPRESENTATION_CONTEXT(3) 
GLOBAL_UNCERTAINTY_ASSIGNED_CONTEXT((#99410)) 
GLOBAL_UNIT_ASSIGNED_CONTEXT((#99370,#99380,#99390)) 
REPRESENTATION_CONTEXT('',''));
#99410=UNCERTAINTY_MEASURE_WITH_UNIT(LENGTH_MEASURE(1.E-6),#99370,
'distance_accuracy_value','maximum gap value');
#99420=SHAPE_REPRESENTATION('',(#98910,#99230),#99400);
#99430=SHAPE_DEFINITION_REPRESENTATION(#99330,#99420);
#99440=(REPRESENTATION_RELATIONSHIP('','',#99090,#99420) 
REPRESENTATION_RELATIONSHIP_WITH_TRANSFORMATION(#99240) 
SHAPE_REPRESENTATION_RELATIONSHIP());
#99450=NEXT_ASSEMBLY_USAGE_OCCURRENCE('1','','DF13-6P-1.25V',#99320,
#98990,'');
#99460=PRODUCT_DEFINITION_SHAPE('','',#99450);
#99470=CONTEXT_DEPENDENT_SHAPE_REPRESENTATION(#99440,#99460);
ENDSEC;
END-ISO-10303-21;

